tsne_1,tsne_2,faixa_preco
-6.9099703,-29.574034,Q3
40.63235,-56.87585,Q3
36.724976,-58.165367,Q5 (mais caro)
41.632473,-58.665825,Q3
67.08535,-1.4994705,Q1 (mais barato)
-16.924452,7.0120726,Q3
9.116586,13.031263,Q4
-51.730663,-70.08637,Q1 (mais barato)
40.322376,-60.988613,Q5 (mais caro)
78.26064,0.97375804,Q1 (mais barato)
81.52404,-47.798065,Q1 (mais barato)
11.035361,-4.63693,Q4
65.89974,3.3528352,Q1 (mais barato)
-2.6168644,-35.28826,Q3
18.174788,1.2685511,Q4
-6.534795,29.964046,Q5 (mais caro)
17.94051,3.3756466,Q4
15.922902,-20.188663,Q3
36.544174,3.824629,Q1 (mais barato)
-63.90637,-68.50314,Q1 (mais barato)
15.220234,29.500395,Q1 (mais barato)
-32.112137,-20.864624,Q5 (mais caro)
101.69802,-9.645742,Q4
66.7981,-43.481747,Q5 (mais caro)
-29.74815,-46.969128,Q5 (mais caro)
83.5736,-25.921188,Q4
25.70247,44.11277,Q5 (mais caro)
-33.722847,-28.530926,Q5 (mais caro)
51.64733,68.8779,Q4
61.428207,-3.4187238,Q3
-30.081758,-41.935764,Q5 (mais caro)
29.408487,-23.36377,Q3
34.63403,-42.16225,Q5 (mais caro)
-60.665497,-76.25415,Q1 (mais barato)
58.862877,-15.88709,Q4
65.195045,-53.641663,Q4
83.0357,-26.977116,Q4
81.17165,-7.5103464,Q2
62.403828,-50.579983,Q5 (mais caro)
-56.551704,-86.33455,Q1 (mais barato)
51.536686,-27.518,Q2
17.904264,-36.379105,Q3
86.61727,20.285105,Q1 (mais barato)
-57.0236,-86.68377,Q1 (mais barato)
60.18852,13.611836,Q3
51.7565,-45.994404,Q1 (mais barato)
8.465148,6.163287,Q5 (mais caro)
-0.14649978,20.696356,Q3
19.25949,76.51281,Q4
18.121548,-70.330956,Q2
-32.387627,-50.547974,Q1 (mais barato)
-31.66707,-41.42804,Q3
32.469868,-13.966516,Q3
-10.031859,-41.754833,Q1 (mais barato)
-64.55227,-82.521965,Q1 (mais barato)
-21.267775,-28.801586,Q5 (mais caro)
31.727268,-46.465015,Q1 (mais barato)
37.61278,-58.30695,Q1 (mais barato)
-20.929651,-43.89732,Q1 (mais barato)
46.687542,-57.30422,Q2
88.38821,-5.286718,Q5 (mais caro)
53.700714,-41.47337,Q4
82.03546,-6.6468287,Q1 (mais barato)
7.098708,-7.0173054,Q4
54.49485,-53.138622,Q2
-42.35438,-55.43692,Q2
-1.4019259,15.145671,Q3
-56.776814,-86.458664,Q1 (mais barato)
66.13075,38.706272,Q2
41.4807,-61.002388,Q3
41.173416,-53.926727,Q5 (mais caro)
2.0575218,-73.99514,Q4
4.5714674,14.853929,Q3
8.780461,7.746239,Q5 (mais caro)
45.68084,23.032858,Q5 (mais caro)
22.189232,-18.605606,Q4
61.25331,-52.35159,Q2
25.590479,-75.29995,Q5 (mais caro)
61.351696,-45.060734,Q4
85.586555,-47.9191,Q1 (mais barato)
8.597359,-4.0831947,Q4
48.393112,18.372095,Q4
41.598457,-36.966705,Q2
-13.062595,-33.345055,Q3
6.829036,15.618356,Q5 (mais caro)
-8.1998,-40.965652,Q1 (mais barato)
87.351845,33.458378,Q1 (mais barato)
-3.2147632,-13.6878605,Q2
48.43135,-37.40125,Q2
35.015472,-19.942131,Q5 (mais caro)
55.83156,43.283375,Q4
-1.3134695,-71.22323,Q1 (mais barato)
71.44667,29.980629,Q3
-52.949608,-26.86463,Q5 (mais caro)
63.966,-38.406982,Q1 (mais barato)
82.07293,-27.617481,Q4
63.526615,-41.74096,Q5 (mais caro)
38.80431,6.6580753,Q3
-16.155956,-52.4927,Q1 (mais barato)
26.75159,-59.692158,Q1 (mais barato)
64.20989,-50.267365,Q1 (mais barato)
63.758724,-43.887226,Q1 (mais barato)
64.05564,-49.193707,Q1 (mais barato)
64.14707,-50.322006,Q2
-0.41401464,3.041786,Q1 (mais barato)
60.879448,22.902842,Q2
77.50787,4.830744,Q2
-1.6522678,-66.40633,Q2
-26.461775,-3.0651064,Q2
-41.439934,-56.07774,Q1 (mais barato)
-13.003358,-5.2579103,Q1 (mais barato)
68.82051,60.319088,Q1 (mais barato)
-81.206825,-37.02019,Q2
42.941685,-56.178104,Q1 (mais barato)
37.34337,-23.771074,Q3
37.296707,-23.6963,Q3
37.34356,-23.77068,Q3
37.27481,-23.776077,Q3
37.27481,-23.776077,Q3
37.3439,-23.768744,Q3
37.34406,-23.768755,Q3
37.3439,-23.768744,Q3
37.34418,-23.769318,Q3
37.344204,-23.768185,Q3
64.84174,-45.802036,Q2
81.560776,-26.086525,Q2
95.94489,-32.76599,Q3
96.43973,-33.486633,Q3
96.94939,-33.184444,Q3
96.48383,-32.346725,Q3
96.48383,-32.346725,Q3
96.48383,-32.346725,Q3
96.48383,-32.346725,Q3
96.51348,-32.367367,Q4
102.21651,-9.122448,Q5 (mais caro)
102.23084,-9.115515,Q4
55.260937,-23.203972,Q3
27.492329,-0.9991971,Q2
95.877014,-32.891644,Q2
37.918182,4.916521,Q3
-80.28019,-37.31336,Q3
-40.52169,-54.33455,Q3
11.212327,-41.808197,Q3
11.882917,-39.86408,Q3
11.152766,-41.881805,Q3
82.3908,-7.3064256,Q4
-40.444065,-54.14018,Q4
-60.28882,-75.32127,Q1 (mais barato)
6.511768,50.539185,Q1 (mais barato)
-3.8532963,4.5516887,Q1 (mais barato)
0.01884276,3.8240943,Q1 (mais barato)
-13.598541,-21.025602,Q1 (mais barato)
51.92726,-27.435371,Q1 (mais barato)
-6.123284,6.108184,Q2
12.649317,-5.6785336,Q2
-9.794762,-45.433723,Q1 (mais barato)
63.531605,39.257355,Q1 (mais barato)
-33.600826,-10.341832,Q1 (mais barato)
42.544064,-61.7728,Q1 (mais barato)
40.366978,-59.93669,Q2
-15.817355,-52.166008,Q1 (mais barato)
-81.154526,-37.01378,Q1 (mais barato)
-43.858967,-56.070843,Q1 (mais barato)
-16.04424,-83.026146,Q2
-6.7144833,21.943466,Q1 (mais barato)
4.0573926,-64.11959,Q1 (mais barato)
-3.315421,11.408614,Q2
32.502728,31.490547,Q2
-10.423022,-70.17431,Q1 (mais barato)
-1.6262695,24.142195,Q3
59.69975,-21.802998,Q1 (mais barato)
-15.888704,8.301476,Q1 (mais barato)
0.026816325,3.7848792,Q1 (mais barato)
65.1515,-36.463917,Q2
65.14305,-36.45318,Q2
-15.570364,-52.59457,Q2
12.900229,-5.061381,Q3
-1.943466,5.386251,Q1 (mais barato)
1.2826436,-6.0499024,Q2
47.563538,-11.227604,Q2
75.502625,-13.259863,Q3
43.893917,-41.375164,Q1 (mais barato)
13.151428,-9.169448,Q2
-10.61262,-45.144974,Q3
12.894765,-5.053473,Q3
0.51491714,1.1919849,Q1 (mais barato)
-15.560984,-52.578,Q2
-10.608937,-45.143112,Q4
-7.916421,-30.68429,Q1 (mais barato)
59.51964,14.628661,Q1 (mais barato)
-2.6681437,11.788259,Q2
-9.495548,-23.028345,Q2
43.894123,-41.37402,Q2
-10.357462,-72.224846,Q2
1.0919993,-25.296738,Q2
-3.4154048,11.303766,Q3
0.19658862,-32.609085,Q3
71.83651,-3.0447798,Q2
66.25148,-5.64184,Q2
42.973564,-33.781086,Q3
37.404247,4.592067,Q3
74.217926,27.440207,Q2
79.10363,22.636156,Q2
30.539406,-12.622554,Q2
-9.337877,-19.463186,Q2
-27.864288,45.479183,Q3
85.47218,-3.53033,Q4
61.00453,22.85268,Q2
73.81538,28.997217,Q2
2.7497551,-61.340782,Q2
5.827836,-58.25092,Q2
-15.544001,-52.556686,Q2
74.438705,28.732328,Q2
32.52491,31.516651,Q3
-0.38001713,3.020851,Q2
13.752103,-23.002285,Q2
60.915157,23.043533,Q2
74.21817,27.440487,Q2
37.272724,3.3108149,Q3
37.397915,0.06381505,Q2
5.860361,-58.158634,Q2
-0.37985343,3.0212722,Q2
0.5700281,1.6865739,Q2
5.860361,-58.158634,Q2
-9.512326,-23.034357,Q2
32.111694,-43.132156,Q1 (mais barato)
-34.37924,-5.2408767,Q2
-11.307819,-72.7968,Q1 (mais barato)
-4.8887043,-20.951675,Q2
0.6890726,-63.786793,Q2
60.963356,23.124022,Q2
-12.869809,-10.600002,Q2
-3.5700777,10.946111,Q2
1.1836115,-63.712234,Q2
37.69475,-0.16710249,Q2
-15.521072,-52.53628,Q2
32.14615,-54.054623,Q2
-3.3101108,11.426043,Q2
1.0527967,-63.03286,Q2
17.470005,-12.192851,Q3
17.47169,-12.19266,Q3
59.763588,15.122772,Q2
12.865608,-4.9630933,Q4
4.215978,14.91303,Q4
34.505642,34.79906,Q5 (mais caro)
17.313766,-21.389185,Q5 (mais caro)
45.58323,-61.307026,Q1 (mais barato)
16.632717,3.621225,Q5 (mais caro)
30.14544,-14.480036,Q3
0.2769662,4.0641456,Q3
-15.435326,-52.48706,Q2
-1.7188804,-66.35517,Q4
-3.3098133,11.436122,Q5 (mais caro)
102.81728,-10.209086,Q5 (mais caro)
33.28272,-1.5446362,Q3
79.31376,-9.993976,Q2
26.704458,-59.642986,Q2
-5.2202225,-24.667917,Q4
84.236046,34.58214,Q2
-80.88041,-37.274326,Q5 (mais caro)
50.617622,-2.2670221,Q1 (mais barato)
3.681636,-43.998653,Q1 (mais barato)
15.426374,-35.924656,Q1 (mais barato)
77.502716,4.1996903,Q1 (mais barato)
-40.65413,-56.118317,Q2
74.951096,28.727259,Q2
108.952934,6.265608,Q2
-13.00347,-5.2473474,Q2
7.0615325,-31.408833,Q2
33.796917,-0.47936982,Q2
-37.149967,82.3557,Q2
74.06216,5.239656,Q2
33.79648,-0.47930655,Q2
0.46743816,-6.202077,Q2
4.2988777,-9.9709835,Q2
-40.341915,-55.93591,Q2
-40.653187,-56.118183,Q2
106.97837,6.2828813,Q3
8.143093,-24.735481,Q3
17.8312,-33.981182,Q3
110.0491,6.9279933,Q3
40.744774,21.090117,Q3
68.782616,60.290005,Q3
68.782616,60.290005,Q3
-80.893074,-37.272377,Q4
31.341526,8.59332,Q4
45.278904,-54.714405,Q1 (mais barato)
-9.828738,-45.651833,Q2
25.693401,-19.219759,Q2
-15.9751215,17.766867,Q2
25.526352,-25.22368,Q3
0.62635225,1.340745,Q2
-36.43258,79.42566,Q2
-7.116066,20.589334,Q2
8.101414,62.129597,Q2
71.956436,62.009182,Q2
-33.44873,-22.428514,Q5 (mais caro)
-1.3746998,4.536375,Q2
79.95018,-8.498157,Q3
-7.422809,21.105688,Q3
0.5644625,1.1637278,Q3
21.07823,-30.353224,Q3
28.104567,74.61582,Q2
32.92207,-54.861286,Q2
46.26062,22.684149,Q1 (mais barato)
38.978924,-45.57821,Q3
30.26603,-8.5679,Q3
36.055534,-23.652956,Q3
103.1453,-11.811939,Q2
61.150936,21.34636,Q2
2.9677947,-3.971578,Q3
4.7674847,-26.827047,Q3
-16.190813,-52.64839,Q2
-16.190813,-52.64839,Q3
10.099876,-26.046476,Q3
103.16403,-11.829641,Q3
2.465819,1.5797753,Q3
13.45538,-21.078545,Q2
12.104494,-5.7060966,Q2
44.34134,50.275833,Q3
15.17987,-22.219793,Q3
12.022405,-18.773466,Q3
19.059822,15.118577,Q5 (mais caro)
69.12859,-2.7019992,Q2
36.277225,7.491628,Q3
30.775356,4.318348,Q3
-9.171927,-51.50471,Q3
-7.1311426,20.785305,Q3
30.272121,-8.563895,Q3
40.726536,-32.70518,Q3
40.76306,21.094482,Q4
100.94965,-13.684068,Q2
-11.43303,-74.34411,Q2
59.320827,13.335866,Q3
12.0910425,-5.700734,Q3
80.57583,-28.65638,Q3
41.71628,-62.97659,Q3
39.232975,-45.89694,Q3
23.36227,3.5831745,Q3
108.550415,8.27991,Q4
47.70994,-33.005184,Q4
73.78352,60.98698,Q3
61.19936,-45.746635,Q3
66.42348,-44.765617,Q3
-11.969916,-73.09373,Q3
10.602125,-55.454586,Q2
-9.644103,-44.8183,Q2
34.898182,9.807118,Q3
-7.57692,19.725557,Q3
83.40282,32.98722,Q2
60.84578,-46.394203,Q2
-9.210593,-51.46568,Q3
66.41565,-44.164127,Q5 (mais caro)
16.180046,-28.018274,Q2
14.670308,-8.603491,Q3
-8.730831,26.367159,Q3
-9.1948,-51.436825,Q4
59.593124,40.175617,Q2
43.009224,-59.632088,Q4
41.707176,-46.6276,Q3
26.18232,-59.961006,Q3
40.316605,33.88812,Q4
41.707176,-46.6276,Q4
81.72789,-28.13613,Q4
82.056206,-27.6297,Q2
66.614296,-44.984657,Q2
-9.195167,-51.43665,Q4
6.2425632,-30.307436,Q4
-17.55553,30.334068,Q3
63.23962,39.086185,Q4
-32.912315,-10.842223,Q2
-1.1728402,6.4050283,Q4
45.416264,-41.38709,Q2
59.604424,-15.853256,Q3
47.76147,-60.716602,Q3
52.031536,-6.7847185,Q3
35.0754,-13.490528,Q5 (mais caro)
29.50482,6.456876,Q4
36.494896,-56.18228,Q3
79.17155,-5.3715777,Q3
57.90995,43.356365,Q4
34.867012,-12.826419,Q5 (mais caro)
100.95042,-13.67756,Q4
79.16447,27.194479,Q4
-9.376794,-44.577847,Q5 (mais caro)
-43.06235,-52.19655,Q5 (mais caro)
74.338,19.37279,Q5 (mais caro)
-41.145107,-53.058933,Q5 (mais caro)
-27.095488,34.885777,Q5 (mais caro)
-0.7174445,-28.586702,Q2
62.287846,4.197392,Q2
5.346823,50.518375,Q2
-7.4280925,-4.5901804,Q2
-41.39998,-55.332268,Q2
87.53797,36.620457,Q2
30.63378,8.460357,Q2
62.764973,-40.98573,Q2
76.95477,-5.88097,Q2
6.45504,-36.584774,Q3
-81.273865,-36.14559,Q3
-43.11628,-52.187912,Q3
8.18885,-36.763252,Q3
-41.41622,-55.262672,Q3
-15.133921,-4.8986163,Q3
79.93362,-8.505018,Q3
-2.7604048,-50.06671,Q3
6.721052,-36.902847,Q3
53.376965,-7.468703,Q3
5.155305,-45.288807,Q3
-0.99872035,-80.423485,Q3
66.85102,-45.150433,Q3
4.1741114,-46.405575,Q3
-41.371082,-53.890488,Q3
8.189993,-36.76236,Q4
7.2459264,-33.70619,Q4
-43.11845,-52.18115,Q4
8.189602,-36.762695,Q4
7.2497215,-44.87608,Q4
-58.118805,-47.032963,Q4
4.2152987,-46.385212,Q4
-81.29299,-36.161755,Q4
-41.270664,-53.313313,Q4
61.017605,-43.99952,Q2
-58.81434,-80.1692,Q1 (mais barato)
-16.178757,-83.831825,Q1 (mais barato)
-41.604084,-56.05385,Q1 (mais barato)
65.8859,-66.21595,Q1 (mais barato)
61.97849,36.958984,Q1 (mais barato)
81.812584,-47.769157,Q1 (mais barato)
65.68791,-66.281555,Q1 (mais barato)
65.57488,2.1382575,Q1 (mais barato)
24.269953,68.401375,Q2
1.1019616,-26.075237,Q2
-11.680873,-62.942276,Q5 (mais caro)
20.122696,-35.13918,Q1 (mais barato)
66.78076,-65.12844,Q1 (mais barato)
-15.97443,-83.85407,Q1 (mais barato)
-41.645004,-56.953533,Q2
63.931404,-49.942043,Q1 (mais barato)
80.75921,-46.1346,Q1 (mais barato)
67.39594,-61.35916,Q1 (mais barato)
59.852295,-54.73534,Q2
46.845215,-41.046856,Q1 (mais barato)
13.72766,-23.474567,Q1 (mais barato)
28.729729,-3.1575391,Q2
-4.650077,-20.781933,Q2
36.44137,4.1001596,Q3
-14.682462,-51.744835,Q5 (mais caro)
-6.628782,-22.034185,Q1 (mais barato)
81.428406,-29.33454,Q1 (mais barato)
81.861046,-28.738031,Q1 (mais barato)
81.76621,-28.811758,Q2
66.121765,-40.02885,Q2
26.147678,-53.58444,Q2
5.8819685,-57.383167,Q2
14.224238,-3.3608968,Q2
26.250515,-52.253407,Q3
13.276326,-9.062115,Q2
13.277381,-9.062807,Q2
43.737682,-42.763844,Q1 (mais barato)
12.849454,-6.054807,Q2
-17.705244,-53.900078,Q2
14.616333,-8.618038,Q2
15.931412,-20.318674,Q2
15.431606,-20.473967,Q2
40.889633,50.474377,Q2
15.131616,-21.716043,Q2
16.309408,-22.101057,Q2
14.616295,-8.617974,Q2
6.5090384,-57.020664,Q2
13.26911,-9.069989,Q3
-16.164185,-52.688652,Q3
30.603745,-60.90527,Q2
15.148834,-22.164192,Q3
5.720497,-57.311195,Q3
71.91819,62.009464,Q2
6.4461527,-57.00893,Q3
13.263456,-9.074849,Q1 (mais barato)
42.233364,-58.93697,Q2
27.911404,-59.03127,Q2
85.13878,-4.876515,Q2
81.5623,-27.390215,Q1 (mais barato)
82.96523,-27.922077,Q2
29.451172,-51.46027,Q2
-6.6470037,-21.999584,Q2
12.831767,-6.042594,Q2
15.45826,-20.703058,Q3
27.983503,-58.51618,Q3
-9.409076,-45.842705,Q2
-9.409076,-45.842705,Q2
-13.528092,-21.1674,Q2
63.01501,40.844723,Q2
15.955858,-19.96811,Q2
19.340498,3.4297104,Q3
-8.175634,-30.312052,Q3
12.826704,-6.040895,Q2
62.39372,39.10878,Q2
-16.105852,-52.642128,Q2
-1.5151042,-39.617554,Q3
29.965025,22.760878,Q1 (mais barato)
-9.456817,-23.036295,Q1 (mais barato)
36.479576,4.089708,Q2
-9.4037285,-45.833866,Q2
-0.4124293,-0.8798977,Q2
15.86096,-20.22597,Q2
2.365611,-25.173372,Q2
56.893623,-52.477642,Q2
65.63177,-40.273354,Q3
67.76561,-61.11466,Q1 (mais barato)
64.24807,-47.56691,Q1 (mais barato)
31.46271,-45.6503,Q2
16.725176,-45.912964,Q2
62.22483,4.4886003,Q2
67.38924,-19.719984,Q3
17.74231,-21.48976,Q3
2.4449189,-28.52256,Q3
85.10563,-4.1315217,Q4
14.272167,57.132835,Q2
8.519574,-11.3355665,Q3
39.20482,-47.353992,Q3
14.517728,-22.856735,Q3
37.804447,-25.247734,Q4
13.241017,-9.090071,Q4
28.805418,-51.55176,Q4
61.782032,-45.167255,Q4
84.01537,-29.021328,Q2
83.23221,-28.435163,Q3
13.239163,-9.090759,Q4
-9.37405,-45.81243,Q5 (mais caro)
17.790401,-21.138578,Q3
42.811275,-60.48594,Q4
-5.90219,-34.264706,Q4
71.66284,6.2484355,Q1 (mais barato)
75.300156,2.2155025,Q2
84.77592,-2.4609807,Q3
78.13763,0.9097827,Q4
59.259323,18.747372,Q3
33.353363,20.405159,Q3
60.3815,17.555944,Q3
15.0511,28.297985,Q2
2.4108102,2.0554647,Q3
6.072862,-56.892902,Q4
29.607626,-51.517445,Q3
7.694838,-44.93486,Q5 (mais caro)
6.8518186,-57.102245,Q5 (mais caro)
27.419825,0.35434985,Q5 (mais caro)
31.93933,-15.555663,Q5 (mais caro)
-4.4776106,-49.87177,Q5 (mais caro)
17.797209,-21.137814,Q3
22.885088,-29.42168,Q4
2.4477403,-28.525251,Q3
13.231617,-9.066342,Q4
37.810535,5.129447,Q5 (mais caro)
-42.599293,-54.64117,Q5 (mais caro)
-6.2716517,-75.22488,Q5 (mais caro)
-42.60178,-54.639267,Q5 (mais caro)
1.0409234,-6.41318,Q5 (mais caro)
9.46969,-38.7097,Q5 (mais caro)
-5.8731775,-3.8093195,Q5 (mais caro)
-42.676968,-54.55126,Q5 (mais caro)
59.21023,13.338332,Q1 (mais barato)
6.6604247,-29.007542,Q1 (mais barato)
83.46212,-29.576502,Q2
25.24519,-18.06825,Q2
-42.32786,-55.47258,Q2
6.6648207,-29.009966,Q2
69.18072,61.39083,Q2
9.910808,-25.558798,Q2
0.5404375,29.824049,Q2
37.628628,5.303428,Q2
66.41127,59.093903,Q2
55.435062,-1.0349108,Q2
23.191753,-33.497456,Q3
-42.5343,-54.097744,Q3
37.69069,5.4686885,Q3
-18.144966,-54.26105,Q3
99.107315,-8.859723,Q3
6.1485367,-37.27188,Q3
-42.524075,-55.282387,Q4
11.359469,-36.442646,Q4
2.0846102,27.312939,Q4
30.785507,18.186687,Q4
-6.068189,-3.7118998,Q4
-42.57311,-54.672443,Q4
6.150796,-37.27116,Q4
32.976192,0.40823528,Q4
43.86594,-42.6553,Q1 (mais barato)
45.098316,-62.432297,Q1 (mais barato)
44.56876,-58.41519,Q1 (mais barato)
-9.50685,-23.053627,Q1 (mais barato)
-11.712281,-62.90728,Q5 (mais caro)
-41.4693,-56.118374,Q1 (mais barato)
35.39224,-63.49591,Q1 (mais barato)
-2.1755657,-26.13402,Q4
-6.4980884,-29.723455,Q2
33.774193,0.017627046,Q2
55.02513,-53.01007,Q2
14.561049,-20.448357,Q2
81.35912,-27.543377,Q1 (mais barato)
-16.230719,-52.66926,Q1 (mais barato)
-36.445293,79.41336,Q2
-16.230719,-52.66926,Q2
32.52271,-54.628605,Q3
13.1616745,-9.1875105,Q3
72.06762,-3.0187526,Q1 (mais barato)
-8.133443,-30.333847,Q2
-12.893426,-10.566424,Q2
22.22688,62.05187,Q2
-27.488398,35.97054,Q3
30.61023,-60.9087,Q2
73.72433,60.767982,Q2
-1.5264126,2.9667056,Q1 (mais barato)
22.785149,2.366776,Q1 (mais barato)
-0.4949583,3.0269322,Q1 (mais barato)
-6.881097,20.547132,Q2
69.722694,59.529938,Q2
15.692935,5.795688,Q3
71.21884,57.71183,Q2
15.9437,-19.614302,Q2
60.226612,1.9672443,Q2
66.6574,-46.23856,Q2
47.375206,67.631676,Q2
81.55948,-28.792826,Q2
26.766775,-59.686874,Q1 (mais barato)
-9.458285,-23.036945,Q1 (mais barato)
28.393711,-57.813744,Q2
-6.6534295,-22.064346,Q2
13.689163,-5.2438836,Q2
-1.6655285,-66.43888,Q2
1.3843479,36.96878,Q2
66.43308,57.007103,Q3
8.779249,13.239293,Q2
17.213388,-20.646006,Q3
71.09003,57.9798,Q3
43.099777,-63.593708,Q2
-7.1695313,-69.14237,Q2
-6.5561905,20.446898,Q3
59.328613,19.58113,Q3
23.168234,5.6470513,Q2
12.766117,-5.352295,Q3
4.435941,-16.042572,Q1 (mais barato)
-8.772393,26.30012,Q2
-8.780637,26.291786,Q2
67.9445,-2.2815976,Q3
46.248215,-58.29869,Q1 (mais barato)
44.67326,-40.938557,Q2
50.47235,-10.389734,Q2
62.161713,-6.4262867,Q2
64.83681,-42.71585,Q2
60.933533,22.034258,Q2
-0.52005106,-20.457735,Q2
29.623867,-18.790205,Q2
63.118073,-52.8391,Q3
59.801105,-47.831814,Q2
101.91072,-8.601306,Q4
69.82735,55.685455,Q2
-8.862913,41.438847,Q2
-11.581592,24.470713,Q2
-9.034691,-44.647156,Q4
-9.0037155,-44.599747,Q4
-2.146502,11.817616,Q3
43.65254,34.8976,Q4
29.420725,-23.357895,Q4
73.76145,3.4589777,Q2
70.91587,29.6819,Q2
-81.22896,-37.915882,Q2
-7.4389114,-5.0571313,Q2
-81.22411,-37.900295,Q2
-41.54838,-56.030865,Q2
75.430954,29.005226,Q2
7.5847087,-25.859545,Q2
81.16756,-27.925922,Q2
57.82297,43.482914,Q2
6.3569655,-30.52243,Q2
31.75357,19.540358,Q2
-5.4767175,-4.1937165,Q2
-28.14043,17.410927,Q3
6.836625,-24.99813,Q3
-12.75446,-8.412335,Q3
1.7482833,-6.2656946,Q3
7.3515496,-31.948793,Q3
34.704517,9.688637,Q3
15.212711,-36.819427,Q3
42.489254,35.802547,Q3
-10.169612,18.852854,Q3
36.904636,53.484447,Q3
15.20299,-36.890507,Q4
2.7534592,-73.67,Q4
-1.2863894,-66.19744,Q1 (mais barato)
45.874603,-63.409683,Q1 (mais barato)
64.35679,-52.89406,Q1 (mais barato)
50.102657,-2.3792098,Q2
85.22073,-3.5342953,Q2
8.654284,-27.984484,Q2
31.984858,-46.41502,Q2
7.3751683,-30.475761,Q2
33.98438,-31.333231,Q4
84.877914,-5.2253103,Q4
33.257294,-33.699543,Q4
3.1650794,-6.465436,Q4
-1.8306992,6.492653,Q3
110.258736,7.6709285,Q2
10.883315,3.0098186,Q4
72.32286,56.556835,Q4
67.28938,-40.56528,Q2
67.260315,-40.138405,Q3
-82.38048,-37.610573,Q3
-52.88299,-28.307318,Q3
78.367065,-13.159818,Q4
62.990303,-51.451107,Q1 (mais barato)
-13.594571,-50.54979,Q1 (mais barato)
76.05867,4.9639363,Q1 (mais barato)
100.94063,-12.824088,Q5 (mais caro)
-16.485754,-52.15131,Q1 (mais barato)
-10.23674,-45.631638,Q1 (mais barato)
-16.479555,-52.145954,Q1 (mais barato)
-16.473671,-52.140408,Q1 (mais barato)
-16.466625,-52.131622,Q1 (mais barato)
13.141336,-9.350477,Q1 (mais barato)
-26.239332,-3.6866438,Q1 (mais barato)
-10.215891,-45.619553,Q1 (mais barato)
-10.213619,-45.618027,Q3
-34.40052,-5.2308583,Q1 (mais barato)
64.31477,-47.67915,Q4
64.343346,-47.356823,Q1 (mais barato)
62.12187,-45.33762,Q1 (mais barato)
81.383736,-28.781544,Q2
25.84911,-53.843765,Q2
4.745793,-55.453205,Q2
29.970474,-61.40653,Q2
6.9603605,-44.01645,Q2
3.387536,58.146873,Q2
2.1179333,-55.48838,Q3
2.4670138,-28.550821,Q2
-0.43786815,3.0240326,Q2
71.16392,59.96143,Q2
64.01109,-38.43983,Q2
-0.6578157,38.96013,Q3
5.683909,-57.258217,Q3
-60.042515,-74.788216,Q3
-6.691221,-29.91588,Q2
-0.012700789,-39.56696,Q2
-15.76164,-51.95988,Q2
12.59681,-5.723057,Q2
28.901327,5.9553804,Q2
16.513184,-21.983814,Q3
-11.727683,-72.98124,Q2
82.37638,20.551622,Q2
-15.71335,-51.925426,Q3
29.53236,-18.941347,Q3
32.077435,-54.142178,Q2
49.102123,-61.835243,Q2
31.91416,69.59052,Q2
-11.429542,-74.32495,Q2
8.828183,-38.494778,Q4
18.169518,52.890232,Q3
-6.12316,-29.848145,Q3
68.01396,-1.3018031,Q3
65.68299,-22.057873,Q4
8.94431,13.15049,Q4
-12.236561,24.022062,Q2
34.94663,5.126382,Q3
-10.413139,-70.158005,Q2
-21.324093,-10.97245,Q4
-21.520075,-44.003365,Q4
13.047399,-9.232886,Q4
66.7969,-18.704473,Q3
21.592115,-17.449957,Q3
53.757347,-25.97287,Q5 (mais caro)
-15.078718,-51.7077,Q5 (mais caro)
-52.83738,-28.040525,Q5 (mais caro)
-43.866432,-52.320404,Q5 (mais caro)
7.641683,-25.832232,Q2
8.0093355,-38.21744,Q2
65.69481,63.55478,Q2
44.25296,13.917744,Q3
33.86143,8.500055,Q3
58.715244,39.424274,Q3
-80.06419,-36.306553,Q3
38.481094,3.8806252,Q4
19.63352,-39.645897,Q4
4.2441144,-42.944077,Q4
-17.331802,29.842196,Q4
-2.0429184,-75.80803,Q4
38.554306,5.2366014,Q4
-80.46211,-36.55106,Q4
-8.8944025,-44.361507,Q1 (mais barato)
13.148012,-9.215831,Q1 (mais barato)
30.377226,20.828142,Q2
81.51156,-26.815994,Q2
78.18585,0.9147786,Q1 (mais barato)
-33.518078,-10.901198,Q2
52.71035,2.0089703,Q1 (mais barato)
41.210217,-56.61958,Q2
60.795696,-51.380623,Q2
44.483032,50.452053,Q2
-17.380348,-85.77995,Q1 (mais barato)
-17.393322,-85.537125,Q1 (mais barato)
39.22337,-45.918186,Q2
22.213974,-83.21243,Q1 (mais barato)
14.641306,-75.189026,Q1 (mais barato)
97.13626,-33.182484,Q2
32.962414,-54.97581,Q4
-31.756699,-6.9140744,Q1 (mais barato)
45.01824,-38.780506,Q1 (mais barato)
21.95157,-83.220634,Q2
20.152287,-80.00797,Q1 (mais barato)
25.913078,-46.045082,Q2
-31.173532,38.962116,Q2
24.925453,-103.97904,Q3
25.220339,-80.55235,Q2
18.090017,-70.392944,Q3
40.472076,-64.77495,Q2
45.79242,-47.58491,Q4
42.96847,-60.51108,Q2
19.029198,-72.07153,Q3
26.257446,-77.59202,Q2
103.72375,-10.5471,Q5 (mais caro)
20.037098,-79.93487,Q3
20.037098,-79.93487,Q3
27.701859,-81.23591,Q5 (mais caro)
7.4666233,-44.76257,Q2
22.833101,-78.102715,Q5 (mais caro)
23.097845,-83.51588,Q5 (mais caro)
17.678425,-79.71755,Q5 (mais caro)
17.311651,-80.63991,Q1 (mais barato)
13.617423,-76.51173,Q2
-12.3556,90.61599,Q2
23.107525,-83.51714,Q2
13.820047,-74.525894,Q2
14.178959,-74.88009,Q2
23.156181,-83.53033,Q2
-17.156181,36.718216,Q2
30.414421,20.718002,Q3
22.81579,-78.10588,Q3
23.144413,-83.52555,Q3
23.127092,-83.52021,Q3
14.142237,-75.02071,Q3
110.720825,6.507441,Q3
14.530242,-73.88486,Q3
17.258862,-80.5766,Q4
17.2578,-80.58232,Q4
8.464754,-25.767418,Q1 (mais barato)
27.703394,-81.236084,Q2
17.217453,-80.60996,Q2
48.584953,65.65665,Q2
21.656176,6.0054917,Q2
41.211678,-83.00771,Q2
36.21838,-23.659567,Q3
25.204237,-80.63219,Q2
29.050205,-76.42598,Q2
-95.04399,20.538345,Q2
30.788,-81.24784,Q3
15.153531,-80.2201,Q3
56.82974,-26.466642,Q2
25.857527,-84.42122,Q3
-95.04402,20.538294,Q2
24.852198,-81.04944,Q2
31.142534,-86.570496,Q2
25.857925,-84.4229,Q4
44.303864,50.34181,Q3
41.59657,65.44236,Q3
74.762146,-13.069681,Q4
18.78886,-70.40729,Q2
40.689693,-64.26214,Q2
11.686401,-5.7167377,Q5 (mais caro)
21.79482,-84.61917,Q5 (mais caro)
13.335516,-75.59232,Q5 (mais caro)
14.286319,-73.155304,Q2
29.659243,-92.82047,Q2
14.046613,-75.05664,Q2
15.650185,-76.29188,Q2
70.45848,65.010796,Q2
17.192133,-80.551704,Q2
14.257924,-72.49526,Q2
31.800926,-87.543015,Q2
78.300415,-12.54987,Q3
18.04645,-78.12929,Q3
21.985329,-84.55112,Q3
6.515548,-37.014744,Q3
17.266773,-79.69663,Q3
17.19102,-80.5535,Q3
17.19143,-80.55342,Q3
15.701648,-79.93847,Q3
22.777147,-78.06518,Q3
21.972383,-84.52949,Q3
21.984726,-84.55006,Q3
18.035494,-78.14608,Q3
21.986803,-84.556786,Q3
98.67532,-8.687109,Q3
21.890007,-84.55994,Q4
14.657458,-75.18262,Q4
21.7269,-84.66862,Q4
14.655052,-75.18342,Q4
22.00097,-84.599464,Q4
13.33519,-75.59109,Q4
41.080425,-81.82581,Q1 (mais barato)
76.11509,22.466661,Q1 (mais barato)
18.663176,-68.482124,Q2
21.68524,6.006951,Q1 (mais barato)
24.546148,-20.071774,Q3
18.16493,-70.329765,Q2
40.676853,-81.79137,Q2
17.46444,-24.961039,Q2
26.231464,-77.594734,Q2
54.52843,-26.166117,Q1 (mais barato)
26.230473,-77.58925,Q2
1.7786436,36.666496,Q2
26.230713,-77.58961,Q1 (mais barato)
19.49328,-74.59593,Q2
82.77598,-29.315233,Q3
35.053707,-34.411278,Q2
-16.32123,9.34424,Q2
30.501043,-12.7874155,Q3
95.96982,-29.73958,Q3
18.658518,-68.52408,Q3
26.226185,-77.59256,Q2
26.226185,-77.59256,Q3
34.66825,-13.491224,Q2
24.696905,-81.216644,Q2
29.643867,-76.96372,Q2
26.221838,-77.576416,Q3
70.8148,65.73842,Q2
19.058893,-72.11267,Q3
26.186384,-77.543274,Q2
25.480202,-77.35739,Q5 (mais caro)
20.581114,-17.020414,Q4
25.234041,-80.486465,Q4
16.253872,-73.7566,Q2
18.640924,-74.45774,Q4
23.388376,-25.662737,Q4
22.291677,-81.68236,Q5 (mais caro)
17.39113,-79.63131,Q5 (mais caro)
22.414028,-81.9357,Q5 (mais caro)
15.503179,-80.11009,Q2
22.514496,-82.07556,Q2
22.530167,-82.07083,Q2
31.669802,-87.88513,Q2
13.013712,-79.40696,Q2
13.007402,-79.404686,Q2
22.513815,-82.07687,Q2
22.530073,-82.06999,Q2
21.688324,6.0095105,Q3
17.227327,-80.542175,Q3
22.498701,-82.079445,Q3
22.932533,-77.92608,Q3
-46.632236,18.986504,Q3
16.37368,-46.236732,Q3
14.218029,-79.0819,Q3
18.245173,-83.02179,Q3
22.403494,-81.907745,Q3
22.494059,-82.080055,Q3
18.245941,-83.021515,Q3
22.530087,-82.070595,Q3
15.919669,-82.77364,Q3
-91.81499,18.668892,Q3
22.474714,-82.07604,Q3
22.460552,-82.06147,Q4
21.657267,6.0146337,Q4
22.287432,-81.6753,Q4
22.945421,-77.90445,Q4
27.57382,-81.59298,Q4
15.918172,-82.7839,Q4
82.34994,-30.71614,Q4
22.12156,-83.18036,Q1 (mais barato)
27.704716,-81.23233,Q1 (mais barato)
26.37904,-78.41975,Q1 (mais barato)
99.11607,-30.138292,Q1 (mais barato)
99.11607,-30.138292,Q1 (mais barato)
99.11607,-30.138292,Q1 (mais barato)
99.11607,-30.138292,Q2
99.11607,-30.138292,Q2
99.11603,-30.138351,Q1 (mais barato)
70.439095,58.532513,Q1 (mais barato)
99.11598,-30.138435,Q2
99.11598,-30.138435,Q2
99.11595,-30.138493,Q1 (mais barato)
99.11595,-30.138493,Q2
99.536064,-30.631166,Q2
99.536064,-30.631166,Q2
99.536064,-30.631166,Q2
99.11595,-30.138493,Q3
99.11595,-30.138493,Q3
99.1159,-30.138557,Q2
99.1159,-30.138557,Q2
18.005651,-70.24332,Q2
99.53574,-30.629526,Q2
18.468382,-70.28527,Q3
32.60692,-96.71303,Q2
28.78838,-77.006775,Q2
-31.207272,39.063614,Q3
29.280098,-76.18736,Q2
13.72817,-23.39966,Q2
-33.25997,-10.237196,Q2
18.075232,-70.28834,Q3
59.57422,12.705384,Q2
26.312794,-1.3081247,Q3
99.115265,-30.138962,Q4
103.975075,-10.203822,Q4
-95.04358,20.106607,Q3
20.863522,-78.276115,Q5 (mais caro)
20.831888,-83.092896,Q5 (mais caro)
21.591335,-78.246,Q1 (mais barato)
18.219326,-78.18641,Q2
14.262209,-76.65312,Q2
26.07625,-93.335526,Q2
15.154783,-35.949795,Q3
14.331323,-76.61018,Q3
-58.91631,-48.019196,Q3
-53.596577,15.43581,Q3
6.364287,-27.431969,Q3
22.63821,-77.8914,Q3
14.327601,-76.58645,Q3
20.984419,-83.05243,Q3
14.168184,-74.48973,Q3
20.992287,-83.057205,Q3
-78.90939,18.855627,Q3
17.230623,-80.60655,Q3
20.999945,-83.05684,Q3
14.114039,-74.85215,Q3
14.636956,-75.42702,Q4
21.006428,-83.06725,Q4
21.004713,-83.066826,Q4
22.649942,-78.01879,Q4
20.954296,-83.07736,Q4
68.79346,60.214573,Q4
20.98329,-83.07303,Q4
14.637805,-75.42644,Q4
20.682367,-83.044044,Q4
-95.07103,20.539604,Q2
30.418768,-102.64045,Q2
-10.279715,-46.124332,Q2
96.04264,-30.12829,Q2
96.04264,-30.12829,Q2
96.04306,-30.132538,Q3
96.04289,-30.128283,Q3
96.042885,-30.128386,Q3
96.04301,-30.132833,Q3
-32.943405,-10.0315485,Q3
22.756266,-77.793594,Q2
18.215797,-78.18918,Q2
39.36174,22.742634,Q2
15.273849,-79.377975,Q3
5.305283,-43.110905,Q3
-81.45443,-36.88525,Q1 (mais barato)
34.114597,-78.55286,Q3
34.114597,-78.55286,Q4
34.11427,-78.55248,Q4
-16.479555,-52.145954,Q1 (mais barato)
31.259819,-81.30935,Q2
21.690386,6.0066195,Q3
23.882402,52.001873,Q2
4.5024853,-43.55919,Q2
9.531362,61.65274,Q3
13.547355,-75.707375,Q3
13.203463,-74.35155,Q3
22.808636,-77.97593,Q3
-55.05368,20.138771,Q3
20.386015,-84.308846,Q4
20.60038,-84.15847,Q4
27.578447,-77.20039,Q2
-54.274185,-26.97839,Q2
2.483664,-46.11175,Q2
-6.827509,-41.32965,Q3
59.674355,12.297224,Q2
99.15449,-10.100297,Q4
58.503174,11.091138,Q4
59.19518,11.34314,Q4
46.592785,-18.65478,Q3
46.594234,-18.673956,Q3
46.594204,-18.653454,Q3
-25.431326,2.671097,Q2
28.565836,-62.401653,Q2
-4.3460646,-20.241402,Q2
-2.9610806,13.608596,Q3
-26.252312,-4.197188,Q2
-1.3395245,-4.4798317,Q2
44.444515,-42.343136,Q3
6.2914915,-64.50094,Q1 (mais barato)
69.40108,-49.09479,Q2
-7.3196597,-41.667664,Q2
68.2934,-46.73342,Q2
68.212395,-46.97838,Q2
-25.66387,-4.166085,Q2
14.76921,27.997442,Q2
10.758671,-2.1932075,Q3
-1.564018,-2.7615106,Q3
22.10746,-55.396152,Q3
24.491526,-49.40479,Q3
20.396677,-14.352653,Q2
24.495443,-11.108494,Q3
6.8035035,-11.01473,Q2
31.611895,-48.689156,Q2
42.421345,-61.839897,Q2
-12.320074,-20.153585,Q2
2.4990792,-68.58417,Q3
-12.320659,-20.154478,Q2
28.51647,-62.41105,Q3
30.567858,-12.743005,Q3
-0.89176685,-57.710556,Q3
-3.1168396,13.776235,Q3
-2.2743828,12.100152,Q3
10.746347,-2.1856103,Q3
21.941168,-12.278047,Q3
31.200743,-47.33716,Q2
81.43508,1.1077638,Q3
45.64709,14.011408,Q3
47.295116,-43.66629,Q3
45.91826,-52.063465,Q3
-6.91471,-41.323532,Q3
64.91998,-20.83088,Q3
19.04339,-35.991417,Q3
84.033035,-4.9657445,Q3
65.05151,-48.72703,Q2
65.29937,-48.728943,Q3
49.945072,68.61159,Q2
63.85545,-51.477108,Q2
53.798084,-53.00467,Q2
18.935507,16.836164,Q4
61.120937,21.764257,Q1 (mais barato)
55.342808,15.532261,Q2
-7.2876883,-41.65559,Q2
41.550266,-61.896553,Q2
28.017849,-55.018692,Q2
59.05733,16.434566,Q3
61.146652,-5.406156,Q3
12.71913,33.047035,Q3
57.72752,-25.31059,Q3
84.424194,-27.551289,Q3
18.012783,4.173502,Q3
83.006935,-5.988769,Q4
-1.4971156,12.875141,Q4
81.17506,1.1961601,Q5 (mais caro)
33.53058,-63.48783,Q2
-1.2476364,-39.52468,Q2
66.115326,-19.211325,Q3
10.73276,-2.1503503,Q3
28.736025,-55.36545,Q2
25.549267,-55.50118,Q3
15.99091,63.31209,Q3
-14.009965,9.005446,Q4
36.917957,-14.158349,Q4
57.18445,-24.294777,Q3
40.8829,21.235014,Q3
-10.480642,-23.401644,Q2
42.559917,-39.48678,Q2
-14.015383,9.0096,Q3
0.17219023,4.698098,Q2
-11.360365,24.445862,Q2
58.295788,20.461811,Q2
55.27868,15.143879,Q3
83.148506,17.788204,Q2
-4.256183,-20.207901,Q3
84.83242,-5.3027062,Q3
7.0760574,-65.49694,Q3
31.445751,-13.959098,Q3
22.14874,-11.799427,Q4
-15.946785,-41.626312,Q1 (mais barato)
-4.120647,7.0685067,Q3
0.31563535,4.5306935,Q4
61.318813,22.599455,Q4
-2.0479646,-65.113434,Q1 (mais barato)
-12.635124,4.499195,Q2
17.649904,-41.336246,Q4
33.26088,1.0062484,Q3
30.821636,18.724268,Q4
10.734004,-2.0315838,Q5 (mais caro)
25.880777,-58.76013,Q5 (mais caro)
-6.8872995,-41.32323,Q2
61.21819,-44.91346,Q4
37.975983,-37.905903,Q3
60.174168,-42.278217,Q4
46.600914,-18.665325,Q3
37.114365,-15.909738,Q4
6.7858067,-11.246032,Q5 (mais caro)
-15.515236,5.435546,Q5 (mais caro)
60.85468,22.967417,Q2
-4.219816,11.83308,Q3
37.39055,4.8698015,Q3
21.401007,-13.527355,Q5 (mais caro)
89.15771,35.176846,Q1 (mais barato)
-12.287486,16.580042,Q2
81.92947,-27.447607,Q2
56.070305,4.8755527,Q2
-13.176447,-6.3488207,Q2
-4.5651283,0.45622388,Q2
-43.449635,5.7651467,Q2
-13.176447,-6.3488207,Q2
109.918846,6.7263455,Q2
-35.750843,-54.31315,Q2
61.966896,-4.0892673,Q2
-35.75236,-54.30325,Q2
-5.8601537,61.954853,Q2
-7.483289,-5.621367,Q2
31.891684,20.489466,Q2
4.118194,-10.254135,Q2
4.1155725,-10.258503,Q2
-47.00285,81.22624,Q2
30.257896,22.316326,Q3
109.69024,6.9134073,Q3
-11.369067,-5.8437524,Q3
4.122798,-10.245315,Q3
34.192383,34.820423,Q3
37.42468,5.4692807,Q3
-14.116397,-2.743033,Q3
58.837284,13.996607,Q3
-8.444987,90.00026,Q3
74.84721,-15.638599,Q3
25.398958,7.46627,Q3
17.601954,-41.498943,Q3
56.596985,-8.384164,Q3
19.26844,-33.596626,Q3
24.464636,-10.24341,Q3
28.619776,-24.00934,Q3
83.0164,-7.2178984,Q3
23.810057,-33.507034,Q3
99.48553,-9.465616,Q3
31.01729,0.21955061,Q3
-17.544333,21.407217,Q3
84.96491,-27.629122,Q3
78.54625,1.0616367,Q3
44.389103,13.8516865,Q3
20.823185,-32.34861,Q3
-35.466606,-54.62553,Q3
-52.328625,-26.949333,Q3
11.696226,-34.227596,Q3
6.641183,-66.89425,Q3
61.291412,-8.425077,Q3
82.61648,-29.433044,Q3
82.566734,-29.356441,Q3
82.61286,-29.4926,Q4
-20.705791,19.05509,Q4
-5.560353,-73.826485,Q4
-37.106926,-50.26708,Q4
-37.09275,-50.26011,Q4
4.497581,-11.319644,Q4
-37.239784,-50.1878,Q4
83.47058,-7.4576616,Q4
-52.05149,-26.971596,Q4
-37.13851,-50.288387,Q4
-36.27429,-45.175404,Q4
-36.274704,-45.18315,Q4
25.5332,-57.65956,Q3
-18.560158,-19.675545,Q1 (mais barato)
-1.8600413,6.873762,Q1 (mais barato)
42.999023,-56.06122,Q2
-26.840286,-4.776297,Q1 (mais barato)
47.315758,-36.415108,Q1 (mais barato)
46.88178,-36.918125,Q2
-8.91477,-41.791775,Q2
39.03181,-36.336617,Q2
39.031826,-36.336575,Q2
32.349926,-29.496222,Q2
49.194717,-3.4017944,Q1 (mais barato)
82.288574,2.20417,Q3
15.867957,-33.44396,Q1 (mais barato)
15.536939,-31.840399,Q2
14.452644,-42.195915,Q2
24.188118,-34.17163,Q2
-36.163475,-49.073082,Q2
-36.1489,-49.066944,Q2
-36.140728,-49.066254,Q2
66.67793,56.362686,Q3
-3.4211166,-20.97595,Q2
-2.6970718,7.996417,Q2
-6.156889,-0.6080438,Q3
28.028545,-41.70814,Q5 (mais caro)
27.741098,-20.217419,Q5 (mais caro)
28.122192,-40.60961,Q5 (mais caro)
-12.704602,-18.556738,Q1 (mais barato)
65.58385,2.0509787,Q2
45.213753,-33.962784,Q3
-20.683748,-3.053278,Q2
48.15512,-33.711193,Q2
-1.4415772,-61.80683,Q1 (mais barato)
10.083688,-2.7322104,Q2
82.25737,-8.544066,Q2
31.684196,20.80206,Q2
41.52607,-34.3886,Q2
41.450405,-34.356655,Q2
65.02447,38.680084,Q2
-2.2822378,6.1082954,Q2
52.324657,-25.098127,Q2
-12.279053,16.50033,Q2
-3.9269521,-50.871376,Q2
51.23874,68.67586,Q2
45.148586,-15.206648,Q2
59.942284,9.773212,Q2
24.57649,-53.315907,Q2
66.13687,-19.277851,Q2
44.51405,46.760696,Q2
45.228962,-33.991306,Q3
2.780843,-68.78524,Q3
-34.373066,-11.187888,Q3
-2.7378018,-14.338963,Q2
75.581436,-13.069399,Q2
65.78852,-8.472176,Q2
25.894499,-58.838684,Q2
-11.383823,-2.3673568,Q2
45.52192,23.176712,Q2
9.580138,-24.267483,Q2
75.24647,6.1888137,Q1 (mais barato)
5.856955,-2.160264,Q2
-5.0814157,-24.617899,Q2
96.42698,-33.526882,Q4
96.52107,-32.372612,Q4
96.52107,-32.372612,Q4
96.95415,-33.189655,Q4
96.52107,-32.372612,Q4
96.52107,-32.372612,Q4
96.52107,-32.372612,Q4
96.52107,-32.372612,Q4
96.52093,-32.3726,Q4
96.95415,-33.189655,Q4
96.95415,-33.189655,Q4
30.783737,-47.862217,Q2
25.88736,-58.83081,Q2
9.069605,-18.358772,Q2
-29.437962,-7.9574995,Q2
-26.63651,-5.7552047,Q2
96.95406,-33.189606,Q4
96.95532,-33.190144,Q4
7.0173383,-9.532855,Q2
-53.008812,-75.603516,Q2
63.310368,-53.34359,Q2
54.323486,-53.359695,Q2
54.704773,-54.86566,Q2
64.18811,-45.690105,Q5 (mais caro)
41.19661,-61.90198,Q4
47.702705,-60.880444,Q2
30.36252,-33.431225,Q3
86.12332,-4.3634396,Q4
41.34464,-31.439722,Q4
61.87887,-41.718044,Q4
82.35608,-30.81503,Q4
28.57519,-22.932926,Q5 (mais caro)
36.5495,3.8233173,Q2
6.863992,-11.197885,Q3
26.20594,-5.0556073,Q3
100.62161,-9.480381,Q4
26.98545,-53.600815,Q4
84.87403,-5.4242735,Q4
10.023322,-2.6579268,Q4
41.422115,-62.899525,Q4
33.666443,-32.084515,Q4
24.961838,-22.238852,Q4
33.293446,-33.62466,Q4
18.366846,1.2085376,Q4
40.913334,-7.785982,Q5 (mais caro)
34.738598,5.223977,Q5 (mais caro)
17.76204,3.1957216,Q4
-3.9678078,5.242631,Q5 (mais caro)
8.782049,-0.8629117,Q5 (mais caro)
51.952526,68.41035,Q5 (mais caro)
26.382002,-20.181608,Q5 (mais caro)
52.399685,43.031136,Q5 (mais caro)
-25.412882,2.6990108,Q3
53.48207,-22.579576,Q4
8.232612,-65.11737,Q4
45.046185,24.266914,Q4
-22.88511,-5.8732877,Q5 (mais caro)
24.85622,-52.918682,Q5 (mais caro)
33.366405,-41.81057,Q5 (mais caro)
33.391045,4.354569,Q4
29.735659,-5.257275,Q4
25.823278,-14.57719,Q4
37.32921,-36.882607,Q4
38.97099,-13.188536,Q4
52.142475,68.24049,Q4
25.053654,-32.403713,Q5 (mais caro)
-36.3916,-46.441544,Q5 (mais caro)
36.755184,-43.460583,Q5 (mais caro)
31.443417,10.759701,Q5 (mais caro)
-34.855125,-53.09131,Q1 (mais barato)
-5.6302714,-74.580765,Q2
63.6927,39.526302,Q2
-34.854248,-53.095806,Q2
3.6001403,-16.593616,Q2
63.947334,-0.25631925,Q2
2.9942272,-6.4942307,Q2
53.56331,-0.8691854,Q2
74.23705,-16.445663,Q2
6.7206497,53.77778,Q2
-15.286693,-4.752104,Q2
-15.31432,16.220497,Q2
34.01734,36.0128,Q2
39.449627,-14.752432,Q2
-2.0613942,-48.419807,Q2
75.8093,-13.613609,Q2
78.61612,1.6700542,Q2
7.0845137,-32.60581,Q2
-35.457325,-52.31322,Q2
11.174627,-41.93156,Q2
-35.45732,-52.312675,Q2
-35.858257,-51.528347,Q3
7.4277067,-32.076508,Q3
-35.454056,-52.32068,Q3
-35.85145,-51.510117,Q3
11.174458,-41.931637,Q3
-35.471622,-52.21459,Q3
40.817665,73.66747,Q3
11.224976,-41.82408,Q3
11.225243,-41.824276,Q3
11.174471,-41.93281,Q3
76.33813,-12.309912,Q3
11.172969,-41.93453,Q3
26.804518,-1.7312797,Q4
82.41628,-7.303162,Q4
33.507805,9.158574,Q4
0.6416948,24.650703,Q4
30.195715,6.9543,Q4
30.41407,10.472375,Q4
15.1215,-31.542934,Q4
-2.4855194,-3.9931295,Q4
106.66982,6.064028,Q4
31.579647,10.20798,Q4
61.009293,-40.614964,Q4
63.609715,-38.57981,Q4
64.42381,-51.500004,Q4
60.822544,-40.407814,Q4
23.842752,8.245129,Q4
108.52425,7.236961,Q4
-35.973614,-46.297657,Q4
82.65082,-29.69278,Q4
-40.24479,-41.90464,Q4
12.046858,-40.316288,Q4
88.10913,19.50373,Q1 (mais barato)
78.16611,17.450502,Q1 (mais barato)
40.70215,-36.27309,Q1 (mais barato)
17.20303,-9.305951,Q1 (mais barato)
78.16454,17.449467,Q1 (mais barato)
45.184067,-56.30947,Q1 (mais barato)
-7.6511855,-13.884621,Q1 (mais barato)
2.1186523,-19.168753,Q1 (mais barato)
53.710625,-26.027449,Q1 (mais barato)
-15.391505,-43.606136,Q1 (mais barato)
81.195366,29.41297,Q1 (mais barato)
-14.018018,-17.47017,Q1 (mais barato)
87.55351,18.103933,Q1 (mais barato)
87.55361,18.103996,Q1 (mais barato)
87.55502,18.102268,Q1 (mais barato)
81.89554,-45.62661,Q1 (mais barato)
-1.3596883,-80.474915,Q1 (mais barato)
41.58642,-35.59158,Q1 (mais barato)
45.919056,-51.964466,Q1 (mais barato)
29.426369,-37.6926,Q1 (mais barato)
68.831406,-48.95612,Q2
53.811893,-54.03262,Q1 (mais barato)
68.58344,-50.48059,Q2
65.8343,-59.976677,Q2
-19.500376,12.316551,Q2
-11.158455,-36.565735,Q3
-6.9715705,-9.228729,Q3
-11.16736,-36.55832,Q2
-28.540617,-5.4826303,Q1 (mais barato)
6.511029,-63.364246,Q1 (mais barato)
8.005138,-7.9386687,Q1 (mais barato)
45.686115,-38.672478,Q2
-11.92824,-2.3058836,Q2
-1.772882,-29.40724,Q2
-5.337672,4.596037,Q2
-4.2638526,-20.321524,Q2
-16.659874,-20.359716,Q2
53.517586,-53.81185,Q2
58.535477,-46.881435,Q2
64.50951,-45.460663,Q2
30.116938,-64.493965,Q2
38.064144,-17.391085,Q1 (mais barato)
62.274635,-4.151562,Q2
-34.276844,-10.393097,Q2
54.827896,-24.94803,Q2
39.486385,-46.11063,Q2
-3.1300185,6.804306,Q2
41.493774,-61.920998,Q2
41.493805,-61.921143,Q2
-4.2600455,-20.314913,Q2
48.126842,-35.585155,Q2
-2.156994,6.8732157,Q2
-5.642248,-37.433334,Q2
-11.131134,-36.59708,Q1 (mais barato)
14.29003,-14.431125,Q1 (mais barato)
62.205624,-4.21815,Q1 (mais barato)
9.797249,-4.8001337,Q2
13.748525,-14.355638,Q2
-13.683771,-20.718767,Q2
44.94603,-40.204464,Q2
34.033924,-11.973269,Q3
30.025776,-31.13159,Q2
50.936665,68.1222,Q2
62.309887,39.26606,Q2
61.01083,14.748658,Q2
-8.437578,-29.13443,Q2
46.049366,-38.364723,Q2
61.34204,1.1731356,Q2
60.204628,1.3403885,Q2
58.997143,-1.6760929,Q2
-6.1127195,-8.790346,Q2
59.822773,1.9260432,Q2
46.73275,-37.527016,Q2
49.23583,-36.371098,Q2
54.050373,-26.693504,Q1 (mais barato)
0.7051968,-62.68811,Q2
41.16418,-61.841293,Q2
44.218353,-31.347565,Q2
30.260445,-59.823875,Q1 (mais barato)
-2.6681044,6.724127,Q2
4.0710382,-16.074993,Q2
45.20596,-56.328228,Q2
-32.75617,-6.178333,Q2
-27.000757,-5.17241,Q2
48.307278,-36.22588,Q2
-15.694038,7.5790353,Q2
9.988173,-4.5048656,Q2
60.101524,-0.54078704,Q1 (mais barato)
50.677254,69.471886,Q2
-19.506823,12.323079,Q2
-4.679842,-24.342413,Q2
-18.972506,15.890105,Q2
-34.60053,-9.663494,Q2
-0.2640089,-39.575584,Q2
87.87268,23.820269,Q2
48.195385,68.799225,Q3
-3.5425208,-25.922745,Q2
51.29476,-26.754631,Q3
48.221176,-6.362793,Q2
56.15005,-21.833666,Q1 (mais barato)
14.580103,-41.18213,Q2
82.145935,-7.363746,Q2
15.876321,-33.46049,Q2
-50.16642,-27.840525,Q2
-13.208107,-6.408521,Q2
60.525936,1.2840188,Q2
-54.43112,-8.468077,Q2
-5.88318,-74.60008,Q2
-0.53731704,-30.440113,Q2
-36.769592,-52.53925,Q2
-6.1290135,-74.76596,Q2
14.764188,-41.00243,Q2
-36.76985,-52.551735,Q2
34.1462,36.399326,Q2
-44.595776,47.817993,Q2
14.544448,-41.23176,Q2
14.545758,-41.231827,Q2
-54.578117,-42.173557,Q3
-12.011375,0.897861,Q3
-5.999168,-73.00269,Q3
-16.02272,-82.87324,Q3
-35.925682,-50.126694,Q3
59.09616,7.647114,Q1 (mais barato)
65.65178,-43.211567,Q4
57.12732,-18.038494,Q3
-0.6497019,-20.499937,Q3
61.384792,-21.69426,Q3
-4.9836025,-3.316895,Q4
59.101173,16.779093,Q3
42.52867,21.530565,Q5 (mais caro)
-2.6950014,-75.773,Q2
2.8364167,-72.64831,Q3
41.081703,73.42257,Q3
14.566549,89.92394,Q4
59.743664,-21.82305,Q4
62.379974,20.96638,Q4
-13.142269,-39.64663,Q4
-2.3846455,-64.471756,Q2
59.39638,14.347843,Q4
102.88432,-10.125033,Q5 (mais caro)
-0.9772367,-58.61898,Q3
58.95244,13.41817,Q3
0.43326405,-61.284885,Q4
47.11708,-58.674416,Q3
45.860317,64.30861,Q4
45.16952,14.280155,Q4
44.003735,34.332714,Q5 (mais caro)
16.113768,28.62939,Q5 (mais caro)
65.23573,38.586594,Q2
-32.91018,-6.0658,Q2
-21.17908,-36.72734,Q3
45.374863,47.7484,Q5 (mais caro)
74.57183,29.421476,Q2
-12.712942,-40.274857,Q2
16.16575,29.788849,Q3
-23.114096,-10.210774,Q1 (mais barato)
11.88905,-3.0977263,Q1 (mais barato)
-14.243485,-19.427486,Q2
87.89093,36.3624,Q2
-8.348876,-30.22993,Q2
41.18836,-39.771885,Q3
-14.24391,-19.42533,Q2
33.84371,18.243423,Q2
34.422966,18.431812,Q3
-2.3241916,-2.656619,Q3
11.957015,-3.233925,Q4
-14.2526455,-19.422823,Q2
-32.866035,-6.093295,Q2
14.983505,27.051743,Q3
42.534702,-61.812508,Q2
-35.262005,-10.984361,Q3
27.77336,-55.637924,Q3
13.113252,-2.5097165,Q2
28.344566,-54.47059,Q3
60.487732,17.258179,Q3
41.980263,-58.765213,Q3
7.5320663,-38.472324,Q3
-12.700243,-40.19232,Q1 (mais barato)
70.51481,-48.906406,Q1 (mais barato)
69.57186,-49.464172,Q1 (mais barato)
69.34293,-49.847893,Q1 (mais barato)
68.54456,-49.680588,Q1 (mais barato)
59.879078,-54.598866,Q1 (mais barato)
-0.9576916,-58.614388,Q1 (mais barato)
-2.2834222,-64.61082,Q1 (mais barato)
49.27462,69.39643,Q1 (mais barato)
11.860672,-3.0799491,Q2
2.244588,12.120597,Q2
64.49653,-44.850243,Q2
59.762184,-21.091175,Q2
6.840706,-61.916447,Q3
-25.627062,23.492018,Q3
9.480817,-55.158596,Q5 (mais caro)
-12.697372,-40.172657,Q2
11.855066,-3.0750682,Q4
31.442392,-2.9241514,Q5 (mais caro)
-7.0696034,-9.276319,Q2
-0.95814794,-58.614853,Q2
61.9935,40.39444,Q2
25.552427,-55.758495,Q2
29.653036,-56.020287,Q2
62.175213,23.793985,Q2
-25.789839,-6.0651965,Q2
23.941923,-38.960308,Q3
-21.03029,-36.64505,Q4
47.665005,-60.79063,Q2
-14.32435,-19.442501,Q2
-14.324438,-19.44238,Q2
1.8110019,-5.8808966,Q3
59.739162,15.165499,Q3
-12.694504,-40.14098,Q3
36.342693,4.1110272,Q3
-34.427097,-10.459751,Q4
50.708115,-1.2204423,Q2
73.16611,4.7611804,Q2
60.149597,39.007137,Q2
39.62802,-38.920036,Q2
2.0188286,-5.823793,Q2
9.148997,-0.8598019,Q2
40.56416,-38.697063,Q2
61.443485,-21.987934,Q3
61.736668,39.750957,Q3
40.569164,-38.69346,Q3
-1.6686516,6.9887857,Q3
0.2570595,-45.52984,Q3
-11.987858,-41.033825,Q3
67.94427,-47.140266,Q3
-14.365297,-38.676235,Q3
-10.120023,-15.210835,Q3
30.498602,-48.189487,Q3
-12.690406,-40.118458,Q3
-12.685512,-40.101006,Q5 (mais caro)
65.42961,5.426738,Q2
64.06263,39.915466,Q2
58.96205,14.102735,Q2
58.332726,-23.733114,Q2
-10.210369,-23.313309,Q3
52.644684,-26.768152,Q3
53.354897,-26.239883,Q3
-2.2895646,11.986478,Q3
50.444843,-0.72433627,Q3
25.956995,-58.727226,Q3
-36.55056,78.99568,Q2
-1.8411186,-31.166203,Q2
-21.89486,-1.3102021,Q2
74.94332,2.5965462,Q2
78.54214,6.0772614,Q2
27.776236,-55.63093,Q2
46.20434,70.66757,Q2
2.6565683,2.289372,Q3
15.489521,28.871603,Q3
78.968475,2.476703,Q3
59.30237,44.327938,Q3
11.790586,-22.927038,Q3
11.83333,-3.039658,Q3
-12.68132,-40.081776,Q3
47.672283,-59.130085,Q3
-14.343837,-19.439144,Q1 (mais barato)
-19.60903,-4.801563,Q2
73.79424,4.2575936,Q2
49.91474,68.5426,Q2
49.92898,68.714676,Q2
-20.939703,-43.969566,Q2
-12.965377,15.029961,Q2
75.25648,29.901957,Q2
11.832114,-3.0323415,Q2
31.367619,-45.297447,Q2
81.22037,-7.47233,Q3
31.978271,-43.240597,Q3
-3.2523901,11.536322,Q3
27.875326,-58.178608,Q3
37.37112,48.483852,Q3
-7.6283793,-7.2998796,Q3
37.2733,-36.48222,Q3
-12.680869,-40.06306,Q3
42.016975,35.4905,Q3
-4.280849,-20.259302,Q3
-12.002249,-41.021397,Q2
35.89826,4.487321,Q3
54.135414,-12.063341,Q3
28.769896,-55.403866,Q3
19.756094,-2.6292193,Q3
58.97629,1.4923615,Q4
-0.837516,-56.350727,Q4
54.937542,-23.599348,Q4
47.06714,69.222374,Q2
33.910175,37.6447,Q2
51.91828,-6.683121,Q2
27.873339,-58.17609,Q2
31.88629,-52.53084,Q3
59.559826,40.43287,Q3
29.99291,-32.95914,Q3
-12.986891,15.061772,Q3
65.57236,-19.007586,Q3
-2.2844872,-64.603134,Q3
23.911127,4.4423428,Q3
2.66326,2.2922933,Q3
34.430965,18.431128,Q3
-12.695741,-40.0362,Q3
19.756239,-2.6291978,Q4
54.47238,-23.71055,Q4
8.879246,11.562606,Q5 (mais caro)
46.74856,13.31219,Q5 (mais caro)
-12.70546,-40.022602,Q1 (mais barato)
-12.004977,-41.020363,Q1 (mais barato)
65.3532,-3.042186,Q1 (mais barato)
1.7887866,30.619038,Q2
-2.0309138,-63.45299,Q2
49.344257,69.32029,Q2
-5.2800803,-15.4780655,Q2
-10.427379,-8.358631,Q2
79.26588,1.7639903,Q3
60.81937,23.051384,Q3
64.89808,-19.104095,Q3
27.086285,-5.0994363,Q3
81.95898,-27.990265,Q3
11.838889,-3.005374,Q4
19.777325,-2.5940566,Q4
-12.706144,-40.022762,Q4
-0.83629656,-56.507088,Q4
-2.2394204,11.954007,Q4
6.6204586,-10.73234,Q5 (mais caro)
89.393166,35.92685,Q2
-12.716736,-40.007565,Q2
5.5274725,-65.048805,Q2
41.601025,-61.961937,Q2
11.84275,-2.9965386,Q2
-19.114223,22.214552,Q3
25.947311,-58.70319,Q3
11.842735,-2.996631,Q4
13.703736,-2.9734716,Q4
68.83583,-48.324223,Q4
81.44001,-28.70078,Q5 (mais caro)
81.1932,-28.981972,Q5 (mais caro)
31.52487,-2.956809,Q5 (mais caro)
-12.024043,-41.016556,Q5 (mais caro)
-14.366283,-19.429443,Q1 (mais barato)
28.115652,-3.5313969,Q2
62.33754,1.7469321,Q2
-2.2853768,-64.60093,Q2
-15.68859,7.5320373,Q2
-14.366286,-19.429657,Q2
-25.594439,-6.23222,Q2
23.200653,3.1353045,Q3
63.77675,-20.861147,Q3
60.137188,-48.387386,Q3
-12.187378,25.27844,Q4
61.76791,-45.029675,Q4
61.241135,-51.430725,Q1 (mais barato)
-25.413212,2.7002728,Q1 (mais barato)
-36.550705,78.99009,Q1 (mais barato)
51.676212,-1.2922703,Q2
-0.5103942,-58.87038,Q2
25.946028,-58.714138,Q2
-3.6743484,-67.328926,Q2
1.5430284,-6.9920797,Q2
-0.96069515,-58.615623,Q2
5.3517466,-65.63602,Q2
87.84993,36.394558,Q2
-12.730022,-39.977734,Q3
44.387154,13.856526,Q3
33.72687,18.16508,Q4
6.096717,-58.05916,Q5 (mais caro)
59.90979,15.223797,Q2
-19.87871,12.404665,Q2
57.745975,41.19902,Q4
-4.0505195,14.189027,Q2
0.28855965,-63.85089,Q2
48.77602,-10.303012,Q3
62.86761,-23.031359,Q3
-16.642345,-19.522705,Q3
-11.291831,4.2554293,Q4
36.33694,4.113003,Q3
7.8232636,-7.8289557,Q5 (mais caro)
-29.46798,-8.128331,Q2
74.39741,4.588849,Q2
-1.720734,7.0221877,Q2
60.337776,17.600214,Q5 (mais caro)
51.248047,67.6419,Q2
-0.5112642,-58.86996,Q3
46.52892,-63.474384,Q3
13.13723,-2.8053012,Q5 (mais caro)
-26.231468,-1.3226688,Q2
31.461382,-45.57527,Q3
30.382954,-6.64224,Q4
56.81975,-53.66877,Q3
89.72895,17.333488,Q2
-6.5295854,22.480171,Q2
59.508354,15.022772,Q2
-15.4077015,7.281566,Q4
75.12662,29.861101,Q5 (mais caro)
76.748924,4.943744,Q1 (mais barato)
46.32439,14.018996,Q2
65.34385,38.528534,Q3
65.30666,1.2108889,Q3
43.27362,-62.907112,Q3
78.822426,-5.0108743,Q3
80.74561,-4.901699,Q4
-1.3244472,7.1995354,Q4
-12.898747,-39.690998,Q4
28.788263,-61.100002,Q2
9.788764,-38.48019,Q4
43.81881,-62.769165,Q2
44.13889,-63.08808,Q2
43.856483,-62.791504,Q3
19.755173,-2.6227229,Q4
33.438004,0.4634087,Q4
3.5961819,-45.66399,Q4
-12.973625,-39.59294,Q4
-4.199615,-20.093454,Q4
-9.255087,19.021612,Q4
-27.406754,2.5333657,Q5 (mais caro)
3.5092366,1.7611791,Q4
29.53776,-58.732758,Q2
41.398933,68.14496,Q3
51.13964,66.582245,Q4
61.448433,-21.986023,Q4
102.81075,-10.150491,Q5 (mais caro)
-8.589113,22.537754,Q4
-13.090191,-39.893433,Q2
-12.618426,18.441954,Q5 (mais caro)
-38.151985,-54.79376,Q5 (mais caro)
54.735096,-21.91931,Q5 (mais caro)
-38.06378,-54.954094,Q5 (mais caro)
-5.7785645,-2.1754916,Q5 (mais caro)
56.093254,-20.84358,Q5 (mais caro)
6.756814,-24.892744,Q5 (mais caro)
20.459505,-39.585796,Q5 (mais caro)
20.52055,-39.618652,Q5 (mais caro)
1.6735977,-6.7812696,Q5 (mais caro)
-39.26397,-43.841797,Q5 (mais caro)
2.966012,-36.868477,Q1 (mais barato)
60.865997,-50.757107,Q1 (mais barato)
65.34481,-54.014256,Q1 (mais barato)
65.1697,-52.08013,Q1 (mais barato)
-37.775566,-55.87806,Q1 (mais barato)
-27.552515,45.949844,Q2
70.20968,-48.390423,Q2
61.477585,23.866488,Q2
-30.581175,-44.335945,Q2
61.640068,1.1954664,Q2
62.032665,1.625139,Q2
-5.5776114,66.18209,Q2
-3.480988,-49.338375,Q2
76.74766,5.1301537,Q2
81.41335,31.099024,Q2
-5.7504864,-74.60021,Q2
-37.768703,-55.851864,Q2
-2.4233296,-3.9934592,Q2
76.41031,5.216231,Q2
44.411243,13.877085,Q2
-5.272559,-4.3985033,Q2
-5.272419,-4.3975873,Q2
68.47435,60.07458,Q2
65.55897,5.216841,Q2
-37.7812,-55.822624,Q2
45.16245,13.860713,Q2
19.693054,-35.53922,Q2
60.05639,42.734825,Q2
75.87926,6.3590975,Q2
-8.287498,-9.345409,Q2
-37.77043,-55.84408,Q2
78.01582,5.076934,Q2
-1.1390799,-11.699941,Q2
71.01217,29.701555,Q2
109.92284,6.720176,Q2
58.114536,39.499374,Q2
31.488516,-1.2632,Q2
-1.813626,-4.513954,Q3
23.096464,-33.738663,Q3
-11.979567,0.79319066,Q3
-11.045043,-5.8762484,Q3
-6.101789,-1.4167017,Q3
76.31456,-12.832361,Q3
74.88549,-15.405454,Q3
-44.07282,-50.003487,Q3
22.180315,12.8929825,Q3
-8.329645,-9.354253,Q3
19.501867,-36.080444,Q3
13.799844,-27.73884,Q3
64.464836,-37.952953,Q3
10.755615,-37.19761,Q3
77.514725,1.5912461,Q3
77.54376,1.0217004,Q3
-5.273032,-4.4079266,Q3
23.7958,-33.498604,Q3
63.198895,-6.634556,Q3
-5.7702885,-4.0222545,Q3
7.39795,-31.886972,Q3
30.829634,8.940043,Q3
19.482967,-35.98634,Q3
-52.498135,-27.265068,Q3
2.315403,-45.53605,Q3
68.59016,-46.080837,Q3
64.472176,-54.339916,Q3
65.90568,-50.937557,Q3
7.949671,15.041597,Q3
30.829817,8.938522,Q3
10.291849,-27.985806,Q3
-2.9544687,-7.8436413,Q3
31.430662,-0.90543807,Q3
108.96919,6.247895,Q3
110.05248,6.7941246,Q3
31.537985,-0.059744757,Q3
17.850716,-33.95778,Q3
19.50845,-36.090965,Q3
-38.316628,-54.42626,Q3
0.59683824,-6.2597923,Q3
-13.201428,-6.3929377,Q3
-39.94442,-41.738567,Q3
-38.06717,-54.91235,Q3
-79.69737,-19.329775,Q3
-5.6244016,-3.8559527,Q3
-38.06388,-54.93234,Q3
21.090385,-9.258694,Q3
109.925934,6.726748,Q3
23.855028,8.271397,Q4
-38.0631,-54.954292,Q4
7.8848557,-29.322178,Q4
-34.03314,-46.254333,Q4
19.486168,-36.000103,Q4
34.85303,37.789234,Q4
21.229773,-9.461565,Q4
50.444115,-10.359621,Q4
20.39306,-39.537884,Q4
8.275014,-31.005789,Q4
77.50059,1.880884,Q4
21.29595,-9.530126,Q4
-6.1014147,-1.4210924,Q4
-38.02563,-50.53224,Q4
-38.063694,-54.95474,Q4
-7.211897,-5.939044,Q4
19.507763,-36.06719,Q4
24.04015,-32.859104,Q4
38.221546,5.779009,Q4
-34.01851,-46.238903,Q4
32.91918,20.081537,Q4
-15.765785,16.69763,Q4
108.44336,7.894295,Q4
40.458454,-6.860261,Q2
-11.389029,3.6706948,Q4
-4.2277203,-20.258423,Q2
76.8173,-5.884769,Q3
81.79321,0.73291206,Q3
37.568703,0.6263745,Q3
-15.441393,-37.38698,Q4
43.75154,46.28361,Q3
53.437664,-22.625154,Q4
80.41549,25.383425,Q4
-1.982598,-63.172634,Q3
29.891909,-56.337963,Q2
-13.981959,8.982276,Q3
12.873628,-42.954872,Q4
-85.590965,-35.345016,Q2
56.5301,-11.459075,Q3
-12.119401,17.855377,Q3
31.466042,6.756043,Q3
-29.59003,-41.871437,Q3
-37.110188,-53.23245,Q4
60.029762,-17.08646,Q4
-27.58221,-45.02569,Q4
57.84061,11.520643,Q4
82.69354,-3.5650954,Q5 (mais caro)
15.781078,5.868854,Q5 (mais caro)
-23.401728,-4.8512383,Q5 (mais caro)
16.364494,6.0792227,Q5 (mais caro)
30.708693,-39.551987,Q5 (mais caro)
33.252235,-33.709114,Q5 (mais caro)
31.427011,8.246109,Q5 (mais caro)
25.465055,-55.471382,Q5 (mais caro)
19.735401,-1.3267715,Q4
35.819386,-19.504324,Q5 (mais caro)
35.906364,-19.417192,Q5 (mais caro)
41.090893,-60.893246,Q5 (mais caro)
27.864105,-54.552032,Q4
55.273434,15.094763,Q4
6.1524334,-61.38998,Q5 (mais caro)
56.361217,-23.665503,Q5 (mais caro)
21.895828,-13.378937,Q4
-11.203913,-42.73325,Q5 (mais caro)
-12.003067,2.6652386,Q5 (mais caro)
19.71795,-2.5256925,Q5 (mais caro)
19.73433,-1.3302765,Q5 (mais caro)
1.7105079,-63.757885,Q5 (mais caro)
19.72161,-2.5099688,Q4
-23.651695,-4.7516484,Q4
23.63534,8.51562,Q5 (mais caro)
8.4422245,-11.340606,Q3
-10.468183,-42.763027,Q4
-10.813512,-42.68964,Q4
30.563902,17.956789,Q4
-9.194021,-51.440132,Q4
-9.1945715,-51.462627,Q4
2.5407703,-5.2385736,Q3
2.540758,-5.238577,Q4
-3.7280169,12.775644,Q2
66.388626,-43.888844,Q3
60.644257,-21.15073,Q3
100.93839,-13.642743,Q3
63.36407,39.17575,Q3
47.532314,-32.583233,Q4
17.325907,-21.399189,Q4
40.880165,21.563557,Q4
41.95009,-46.83977,Q4
17.326132,-21.399084,Q5 (mais caro)
11.091753,-4.681026,Q5 (mais caro)
9.309715,-16.432713,Q3
4.199165,-42.66417,Q4
36.949337,-57.819912,Q2
13.276755,-36.516376,Q3
71.973404,-3.1417594,Q4
-49.07276,5.2583942,Q4
-5.22365,19.708467,Q4
13.249342,-3.5395849,Q4
-10.861234,-42.67397,Q3
12.329977,-14.296832,Q3
30.501684,-7.3436427,Q5 (mais caro)
65.097015,-42.790054,Q4
65.01554,-39.45138,Q4
-0.007835157,-59.134865,Q4
28.276337,18.800379,Q4
35.761448,-23.59457,Q5 (mais caro)
32.602585,4.9971375,Q3
12.098869,-31.535522,Q4
-4.1974573,0.86015576,Q3
59.686607,-23.305788,Q4
51.87498,-6.7897363,Q3
84.929016,-29.81602,Q4
-6.1713257,-74.84194,Q4
61.63812,39.483578,Q5 (mais caro)
35.046257,-13.17152,Q5 (mais caro)
0.64331746,-67.05632,Q2
-11.587547,24.494074,Q3
-0.39522624,-65.70608,Q3
-5.8884497,-68.13889,Q3
13.414854,-18.596914,Q3
-21.120613,-36.13603,Q4
54.426636,-34.768322,Q4
84.26629,23.834173,Q4
10.837888,-5.039037,Q4
-1.3517989,-15.043166,Q4
28.04777,18.84758,Q4
21.837992,-13.34865,Q4
51.21516,5.9012003,Q4
-24.834831,5.4658823,Q4
11.035219,-4.6370325,Q4
82.99453,-5.938376,Q4
62.71435,-51.26088,Q4
55.792328,-39.25406,Q4
60.596596,-37.940968,Q4
82.04424,-27.682453,Q5 (mais caro)
64.10958,-10.74109,Q5 (mais caro)
24.806242,7.5432577,Q5 (mais caro)
-33.248886,-12.879702,Q5 (mais caro)
-18.860628,-1.5531303,Q3
-12.20852,24.020622,Q3
49.397987,-35.00858,Q3
9.495098,-58.125294,Q4
41.69477,-46.618942,Q4
12.097778,-31.535725,Q4
2.5356948,-5.2577324,Q4
41.68653,-46.61614,Q4
40.483173,-7.8729653,Q5 (mais caro)
65.40273,-42.32978,Q5 (mais caro)
59.067825,-49.477505,Q3
62.04929,-47.633495,Q3
66.04549,-60.83932,Q3
102.55809,-10.16401,Q4
33.895767,1.2334838,Q4
17.785664,4.4939723,Q4
-34.368008,-5.257021,Q4
22.091444,-13.390583,Q4
34.40087,-38.094616,Q4
-1.0478356,5.868181,Q4
30.473967,-33.461567,Q4
109.69677,8.286866,Q4
39.16673,-6.264105,Q4
-2.634609,-26.340399,Q4
7.870463,-7.852889,Q4
-33.997078,-11.806646,Q4
39.42751,-6.4152503,Q3
21.408995,-17.062103,Q3
-4.8505173,8.826843,Q4
-23.219608,31.324383,Q4
82.52087,-3.3654735,Q4
42.44441,-39.27538,Q4
63.643238,-41.65156,Q4
21.862318,-13.38305,Q4
62.905704,-40.913174,Q5 (mais caro)
27.84184,-5.9051695,Q5 (mais caro)
-1.4305663,12.884582,Q3
51.507744,-5.164552,Q3
-20.731579,-0.5905271,Q4
-24.402117,-4.6054373,Q4
56.617245,42.079166,Q4
27.333439,-18.507748,Q3
35.757763,-23.591808,Q5 (mais caro)
21.789242,61.52853,Q5 (mais caro)
28.720676,-43.7336,Q4
12.625729,65.06739,Q4
-1.3713297,-14.967823,Q4
54.455414,-27.767365,Q5 (mais caro)
-0.6836681,-12.273513,Q5 (mais caro)
-17.578981,30.427532,Q5 (mais caro)
-8.853502,-29.97167,Q5 (mais caro)
60.829487,-21.11127,Q4
55.92993,-24.987883,Q4
22.011711,-30.172523,Q5 (mais caro)
80.93755,1.4883776,Q4
80.91634,-4.5220265,Q5 (mais caro)
44.26417,36.854137,Q5 (mais caro)
19.7136,-27.690485,Q5 (mais caro)
37.034542,-42.269405,Q5 (mais caro)
48.060543,-10.733874,Q4
61.791134,-51.3792,Q4
47.168625,-11.05545,Q4
80.115,-27.89237,Q4
51.750656,-24.047949,Q4
79.409775,22.807442,Q4
-1.0808259,-15.121335,Q4
15.147861,30.202948,Q4
-14.872569,7.6938567,Q4
71.345924,6.266236,Q4
-14.836826,7.263404,Q4
33.33584,-1.8532932,Q4
27.136272,-18.435604,Q4
42.139084,-31.530792,Q5 (mais caro)
-15.007996,7.2336617,Q5 (mais caro)
41.693417,-46.616867,Q5 (mais caro)
19.659725,3.7986379,Q5 (mais caro)
37.95193,-23.42962,Q5 (mais caro)
19.761374,-1.2116776,Q5 (mais caro)
-17.567802,30.38048,Q5 (mais caro)
54.253757,27.088066,Q5 (mais caro)
24.390871,-30.228832,Q5 (mais caro)
-22.724106,31.607605,Q5 (mais caro)
-39.47368,-43.100163,Q5 (mais caro)
-37.659847,-40.41413,Q5 (mais caro)
109.91481,6.724083,Q5 (mais caro)
27.385633,-17.981415,Q5 (mais caro)
-40.190784,-51.739254,Q5 (mais caro)
8.194319,-36.706375,Q5 (mais caro)
17.412542,85.99605,Q5 (mais caro)
-40.186295,-51.740555,Q5 (mais caro)
30.863277,8.955503,Q5 (mais caro)
8.195227,-36.704853,Q5 (mais caro)
-37.11307,-40.765076,Q5 (mais caro)
108.33196,6.6169553,Q5 (mais caro)
6.6379676,22.808039,Q5 (mais caro)
78.55701,-0.1956094,Q5 (mais caro)
-39.46249,-43.154354,Q5 (mais caro)
5.7824955,-23.921759,Q5 (mais caro)
-44.525837,15.480265,Q5 (mais caro)
-40.086823,-52.198597,Q5 (mais caro)
-40.030663,-52.354248,Q5 (mais caro)
-39.333866,-43.398567,Q5 (mais caro)
106.78694,5.7631245,Q5 (mais caro)
66.8742,-38.943172,Q3
67.10288,-39.079014,Q3
65.206245,-53.908108,Q3
-84.69659,-35.695625,Q3
-6.3609424,6.2856884,Q3
71.61753,29.803007,Q3
-88.3647,29.230492,Q3
1.9898479,-6.3118906,Q3
24.125616,4.661347,Q3
11.930906,66.52963,Q3
78.83064,-4.9403224,Q3
-6.5834928,7.0155807,Q3
69.71991,56.864025,Q4
60.05146,-15.505456,Q4
50.15931,-2.5111768,Q4
-40.043552,-52.23335,Q4
108.96204,6.251173,Q4
24.222246,4.6750793,Q4
33.977814,9.002867,Q4
43.77934,46.97372,Q4
-3.0288672,-7.694692,Q4
81.08057,-27.739923,Q4
7.37447,-33.73685,Q4
-12.704053,18.816027,Q4
74.92501,1.662083,Q4
23.299253,5.6953793,Q4
0.717996,-48.260937,Q4
-40.05642,-52.424,Q4
58.95448,-17.26041,Q4
-7.203377,-69.14875,Q4
20.92548,-13.846664,Q4
25.549143,5.7734475,Q4
27.381533,-17.983906,Q4
76.93345,-5.9310875,Q4
33.95204,9.004097,Q4
-30.446943,4.2993245,Q4
-42.9807,-51.33758,Q4
-7.511484,-5.4609337,Q4
4.205074,-43.956978,Q4
38.296032,6.3845406,Q4
21.992338,-13.103963,Q4
-40.000744,-52.601143,Q4
23.712465,15.278125,Q4
31.526924,0.013638413,Q4
-28.641088,-5.5768213,Q1 (mais barato)
49.67065,69.1499,Q1 (mais barato)
-25.168892,-4.441495,Q1 (mais barato)
-8.951812,-41.730946,Q1 (mais barato)
-26.57285,2.6329548,Q1 (mais barato)
83.13285,33.744614,Q1 (mais barato)
75.109024,6.0160913,Q1 (mais barato)
-24.989866,22.514757,Q2
-46.705864,83.77282,Q1 (mais barato)
-0.87139595,-76.75079,Q1 (mais barato)
-13.234259,-8.407974,Q2
38.675842,-31.474047,Q1 (mais barato)
38.672024,-31.521732,Q1 (mais barato)
-9.049062,-42.032433,Q1 (mais barato)
-12.8317175,-17.051355,Q1 (mais barato)
87.18515,21.63683,Q1 (mais barato)
-21.507156,-44.696465,Q1 (mais barato)
14.272446,-14.465217,Q1 (mais barato)
-12.838936,-17.020384,Q1 (mais barato)
-5.9617643,-34.01665,Q1 (mais barato)
-12.677371,-16.628101,Q1 (mais barato)
-1.3354295,-4.9599786,Q1 (mais barato)
80.73444,31.489334,Q1 (mais barato)
-12.844962,-16.999472,Q1 (mais barato)
65.58553,2.073433,Q1 (mais barato)
30.054241,-59.408966,Q1 (mais barato)
-21.049782,-44.064137,Q1 (mais barato)
-5.9605384,-33.985767,Q1 (mais barato)
10.578785,-3.296786,Q1 (mais barato)
87.16741,21.651237,Q1 (mais barato)
87.167564,21.651241,Q1 (mais barato)
65.12971,38.662685,Q1 (mais barato)
67.87609,-30.62212,Q1 (mais barato)
-12.891985,-16.93577,Q1 (mais barato)
56.466656,-8.217954,Q1 (mais barato)
9.917396,-25.706486,Q1 (mais barato)
11.746814,-25.991285,Q1 (mais barato)
62.61836,-8.612086,Q1 (mais barato)
-5.207646,-4.461168,Q1 (mais barato)
40.94395,-34.48172,Q1 (mais barato)
-33.54536,-54.245102,Q1 (mais barato)
-33.706577,-54.055275,Q1 (mais barato)
-34.943886,-57.808567,Q1 (mais barato)
91.25319,34.39582,Q1 (mais barato)
69.3326,-49.875893,Q1 (mais barato)
87.55379,18.104065,Q1 (mais barato)
84.30596,-49.506996,Q1 (mais barato)
64.263954,-44.390003,Q1 (mais barato)
73.18998,-5.642622,Q1 (mais barato)
81.92072,-51.2579,Q1 (mais barato)
82.07162,-51.433563,Q1 (mais barato)
81.19313,29.414713,Q1 (mais barato)
-85.82777,-35.08276,Q1 (mais barato)
-8.528953,-89.47378,Q1 (mais barato)
-8.528878,-89.4727,Q1 (mais barato)
-8.527852,-89.471,Q1 (mais barato)
0.20337531,-76.23801,Q1 (mais barato)
-4.634702,39.84525,Q2
44.125225,-57.520668,Q1 (mais barato)
-55.892677,-78.84763,Q1 (mais barato)
-26.959332,-4.489841,Q1 (mais barato)
42.917892,-57.434364,Q1 (mais barato)
10.968232,-3.8189187,Q1 (mais barato)
47.261436,-62.90697,Q1 (mais barato)
-12.705977,-18.562338,Q1 (mais barato)
48.27113,-38.042316,Q1 (mais barato)
-1.7452449,-65.12017,Q1 (mais barato)
89.367836,33.896122,Q1 (mais barato)
89.39989,33.88013,Q1 (mais barato)
45.15156,-56.33385,Q1 (mais barato)
89.37614,33.895004,Q1 (mais barato)
48.24838,-38.02656,Q1 (mais barato)
45.212013,-39.485874,Q1 (mais barato)
-8.483678,-38.210163,Q1 (mais barato)
-63.75632,21.672087,Q1 (mais barato)
79.1609,27.210466,Q1 (mais barato)
-7.5153894,-13.96809,Q2
-19.681206,-44.063305,Q2
-15.75754,-50.416977,Q1 (mais barato)
-1.8497546,6.9392247,Q1 (mais barato)
91.248924,34.377567,Q1 (mais barato)
85.5126,-46.23127,Q1 (mais barato)
62.009315,-52.481953,Q1 (mais barato)
56.787678,-53.446934,Q1 (mais barato)
61.148964,-51.61112,Q1 (mais barato)
-16.238092,9.063866,Q1 (mais barato)
89.73835,20.232536,Q1 (mais barato)
44.19559,-39.78937,Q1 (mais barato)
46.399666,-40.462086,Q1 (mais barato)
-8.4953,-38.193966,Q1 (mais barato)
44.109306,-57.499306,Q1 (mais barato)
53.684616,-53.66729,Q1 (mais barato)
69.19543,-48.75634,Q1 (mais barato)
81.57584,-50.6398,Q1 (mais barato)
69.38682,-49.208637,Q1 (mais barato)
-26.952816,-4.508531,Q1 (mais barato)
47.46685,-35.606087,Q1 (mais barato)
80.59334,24.293789,Q1 (mais barato)
-7.1126323,-14.201929,Q1 (mais barato)
-55.861305,-78.90612,Q1 (mais barato)
-55.861305,-78.90612,Q1 (mais barato)
45.796265,-61.13402,Q1 (mais barato)
-17.285297,-90.264435,Q1 (mais barato)
-5.406088,65.75426,Q1 (mais barato)
-34.5253,-54.968235,Q1 (mais barato)
5.235976,-8.195722,Q1 (mais barato)
68.38679,60.008514,Q1 (mais barato)
-12.189769,0.9653206,Q1 (mais barato)
-34.248993,-55.194653,Q1 (mais barato)
-5.40182,65.74113,Q1 (mais barato)
65.55689,-2.3054597,Q1 (mais barato)
-44.000114,-50.259697,Q2
-34.25557,-55.19918,Q2
68.336845,59.976723,Q2
-17.285465,-90.26839,Q1 (mais barato)
-17.28514,-90.26813,Q1 (mais barato)
-17.284815,-90.272766,Q1 (mais barato)
-14.018035,-17.470144,Q1 (mais barato)
-60.67402,-76.32302,Q1 (mais barato)
-60.670876,-76.33326,Q1 (mais barato)
82.73838,34.236782,Q3
-34.955257,-57.784878,Q1 (mais barato)
-34.935635,-57.8129,Q1 (mais barato)
-34.95483,-57.78468,Q1 (mais barato)
-9.320974,-90.40346,Q1 (mais barato)
-9.321146,-90.40273,Q1 (mais barato)
-1.5581819,-75.25304,Q1 (mais barato)
78.60901,26.070871,Q1 (mais barato)
84.62687,-49.877655,Q1 (mais barato)
43.08563,-36.843258,Q1 (mais barato)
69.57027,-49.432117,Q1 (mais barato)
78.07615,17.64328,Q1 (mais barato)
78.07508,17.642708,Q1 (mais barato)
86.46969,22.283573,Q1 (mais barato)
78.07337,17.64163,Q1 (mais barato)
85.80072,-47.725544,Q1 (mais barato)
86.03217,-47.2093,Q1 (mais barato)
86.131485,-45.17338,Q1 (mais barato)
89.622116,33.3968,Q1 (mais barato)
83.59931,33.589016,Q1 (mais barato)
85.95606,-45.77276,Q1 (mais barato)
64.163345,-44.41768,Q1 (mais barato)
84.43382,-46.437565,Q1 (mais barato)
63.593014,-51.997543,Q1 (mais barato)
86.46623,22.283533,Q1 (mais barato)
-26.244232,-1.3273569,Q1 (mais barato)
-34.227505,-10.387815,Q1 (mais barato)
83.28385,33.67331,Q1 (mais barato)
89.65857,33.377647,Q1 (mais barato)
-9.380928,11.108368,Q1 (mais barato)
-20.64354,-0.6484967,Q1 (mais barato)
-13.6476555,-18.554716,Q1 (mais barato)
44.606777,-55.348907,Q1 (mais barato)
86.4533,22.279562,Q1 (mais barato)
72.96507,27.173752,Q1 (mais barato)
89.65867,33.376953,Q1 (mais barato)
64.870544,-4.989113,Q1 (mais barato)
33.01796,22.86907,Q1 (mais barato)
10.517958,-3.2853243,Q1 (mais barato)
82.8445,21.130733,Q1 (mais barato)
29.724216,-60.211674,Q1 (mais barato)
1.9774104,-55.706726,Q1 (mais barato)
86.45465,22.284054,Q1 (mais barato)
53.505238,-26.086979,Q1 (mais barato)
-2.8094616,-71.36083,Q1 (mais barato)
86.45893,22.291145,Q1 (mais barato)
-53.330624,-78.62933,Q1 (mais barato)
-53.33063,-78.62889,Q1 (mais barato)
-24.763357,-4.592056,Q1 (mais barato)
-13.66803,-18.544174,Q1 (mais barato)
89.67178,33.359776,Q1 (mais barato)
70.883804,29.532803,Q1 (mais barato)
-2.4708064,3.2077847,Q1 (mais barato)
89.70305,26.83046,Q1 (mais barato)
-53.335014,-78.649925,Q1 (mais barato)
80.71073,31.515188,Q1 (mais barato)
42.32875,-47.13687,Q1 (mais barato)
89.6834,33.354958,Q1 (mais barato)
53.418736,-4.5017657,Q1 (mais barato)
11.736179,-26.707253,Q1 (mais barato)
-85.6987,-35.479534,Q1 (mais barato)
50.54848,-3.3860567,Q1 (mais barato)
-5.749117,-74.63471,Q1 (mais barato)
59.121166,-18.151697,Q1 (mais barato)
-12.302105,-79.19599,Q1 (mais barato)
-12.302843,-79.19755,Q1 (mais barato)
-12.302814,-79.19709,Q1 (mais barato)
-60.665108,-76.23578,Q1 (mais barato)
-60.72876,-76.48325,Q1 (mais barato)
-60.72876,-76.48325,Q1 (mais barato)
-8.529814,-89.47603,Q1 (mais barato)
-8.525171,-89.4739,Q1 (mais barato)
-8.527732,-89.47416,Q1 (mais barato)
-5.005847,-81.13832,Q1 (mais barato)
77.45792,17.70835,Q1 (mais barato)
62.32271,36.902462,Q1 (mais barato)
48.10908,69.05022,Q1 (mais barato)
61.778763,37.059998,Q1 (mais barato)
61.5707,37.148346,Q1 (mais barato)
-64.44389,-82.28501,Q1 (mais barato)
-64.44389,-82.28501,Q1 (mais barato)
-64.44389,-82.28501,Q1 (mais barato)
-64.44389,-82.28501,Q1 (mais barato)
-64.44389,-82.28501,Q1 (mais barato)
61.478405,36.927425,Q1 (mais barato)
-10.331261,-23.4116,Q1 (mais barato)
77.46236,17.70462,Q1 (mais barato)
-64.55227,-82.521965,Q1 (mais barato)
-64.55227,-82.521965,Q1 (mais barato)
27.599394,-0.93507177,Q1 (mais barato)
-64.546776,-82.612206,Q1 (mais barato)
-64.54723,-82.612595,Q1 (mais barato)
-64.54723,-82.612595,Q1 (mais barato)
77.46306,17.703375,Q1 (mais barato)
-20.92095,-43.972603,Q1 (mais barato)
78.66935,23.248665,Q1 (mais barato)
62.322514,36.903027,Q1 (mais barato)
89.82144,25.49495,Q1 (mais barato)
12.438899,-9.774406,Q1 (mais barato)
-64.08072,-82.33728,Q1 (mais barato)
-64.08072,-82.33728,Q1 (mais barato)
-64.06026,-82.35764,Q1 (mais barato)
-64.28189,-82.80901,Q1 (mais barato)
-64.34824,-82.9982,Q1 (mais barato)
-64.34824,-82.9982,Q1 (mais barato)
-63.8643,-82.55512,Q1 (mais barato)
11.690723,-9.992348,Q1 (mais barato)
79.585815,23.259224,Q1 (mais barato)
-63.845673,-82.60638,Q1 (mais barato)
-63.84605,-82.60534,Q1 (mais barato)
-63.846043,-82.6053,Q1 (mais barato)
-63.84165,-82.579056,Q1 (mais barato)
-63.9673,-82.83742,Q1 (mais barato)
-63.9673,-82.83742,Q1 (mais barato)
-63.967194,-82.837265,Q1 (mais barato)
-63.9286,-82.862495,Q1 (mais barato)
-63.842335,-82.726425,Q1 (mais barato)
-63.602108,-83.13809,Q1 (mais barato)
13.819268,-29.704615,Q1 (mais barato)
-10.03883,-83.39929,Q1 (mais barato)
-9.869727,-83.63623,Q1 (mais barato)
-10.192389,-83.657616,Q1 (mais barato)
-10.065439,-83.737305,Q1 (mais barato)
-10.202135,-83.639336,Q1 (mais barato)
-9.875096,-83.4724,Q1 (mais barato)
-10.176449,-83.69092,Q1 (mais barato)
73.98501,62.147655,Q1 (mais barato)
-9.889401,-84.87785,Q1 (mais barato)
-9.86814,-83.62695,Q1 (mais barato)
-10.120693,-83.47184,Q1 (mais barato)
-9.943519,-83.461105,Q1 (mais barato)
-10.184525,-83.681915,Q1 (mais barato)
-9.889962,-84.87644,Q1 (mais barato)
-10.071048,-83.41507,Q1 (mais barato)
-9.868141,-83.63207,Q1 (mais barato)
64.837425,-67.015785,Q1 (mais barato)
64.83745,-67.015884,Q1 (mais barato)
64.837425,-67.01582,Q1 (mais barato)
64.83745,-67.015884,Q1 (mais barato)
-10.198367,-83.63773,Q1 (mais barato)
-10.177082,-83.68641,Q1 (mais barato)
64.83755,-67.01761,Q1 (mais barato)
67.90004,-68.34747,Q1 (mais barato)
64.80343,-67.03414,Q1 (mais barato)
64.837425,-67.015785,Q1 (mais barato)
-9.868512,-83.63795,Q1 (mais barato)
-10.182245,-83.69282,Q1 (mais barato)
-9.863075,-83.5918,Q1 (mais barato)
-9.869016,-83.63977,Q1 (mais barato)
-9.872912,-83.661736,Q1 (mais barato)
-9.8905945,-84.879135,Q1 (mais barato)
-10.160857,-83.50798,Q1 (mais barato)
-10.195362,-83.65732,Q1 (mais barato)
66.782005,-65.19282,Q1 (mais barato)
43.4083,-37.02859,Q1 (mais barato)
43.40807,-37.028862,Q1 (mais barato)
84.314835,-49.442966,Q1 (mais barato)
30.622389,-60.762558,Q1 (mais barato)
-11.460518,-19.230587,Q1 (mais barato)
-11.460394,-19.230186,Q1 (mais barato)
89.821724,18.337782,Q1 (mais barato)
77.85501,18.058046,Q1 (mais barato)
59.12733,-3.2279897,Q1 (mais barato)
-8.044722,-40.465904,Q1 (mais barato)
-20.914251,-43.918182,Q1 (mais barato)
80.78809,31.44891,Q1 (mais barato)
89.77474,25.036808,Q1 (mais barato)
-13.0016165,-8.373171,Q1 (mais barato)
43.99164,-37.072765,Q1 (mais barato)
-2.787099,-71.35867,Q1 (mais barato)
65.70222,-63.35032,Q1 (mais barato)
64.92435,-52.09117,Q1 (mais barato)
74.92235,29.686695,Q1 (mais barato)
84.0789,-48.445232,Q1 (mais barato)
-11.479372,-19.224932,Q1 (mais barato)
17.21681,-9.395613,Q1 (mais barato)
68.33071,-63.55524,Q1 (mais barato)
31.464527,-59.803158,Q1 (mais barato)
83.41389,18.59344,Q1 (mais barato)
88.89882,23.371769,Q1 (mais barato)
77.852646,18.05766,Q1 (mais barato)
77.98075,19.425213,Q1 (mais barato)
84.99213,26.735126,Q1 (mais barato)
75.18853,5.9339266,Q1 (mais barato)
82.82678,21.105032,Q1 (mais barato)
88.89903,23.372961,Q1 (mais barato)
80.77865,31.4541,Q1 (mais barato)
84.0783,-48.445316,Q1 (mais barato)
68.736565,-46.983997,Q1 (mais barato)
85.619995,-48.021004,Q1 (mais barato)
60.60176,-22.214233,Q1 (mais barato)
89.10866,23.347124,Q1 (mais barato)
77.852615,18.05806,Q1 (mais barato)
-8.049418,-40.45191,Q1 (mais barato)
10.835423,-3.4803224,Q1 (mais barato)
57.153275,-9.063965,Q1 (mais barato)
-11.437757,-19.251091,Q1 (mais barato)
-1.3666897,-71.205956,Q1 (mais barato)
44.496643,-54.26191,Q1 (mais barato)
-20.92482,-43.521427,Q1 (mais barato)
-12.076722,-8.720674,Q1 (mais barato)
-13.758027,-26.61788,Q1 (mais barato)
-1.4391354,-61.808693,Q1 (mais barato)
-8.2126875,-40.96097,Q1 (mais barato)
88.89265,23.379187,Q1 (mais barato)
-11.2382,-19.083244,Q1 (mais barato)
29.857756,-57.5843,Q1 (mais barato)
-19.80805,-47.00554,Q1 (mais barato)
62.5628,-51.313145,Q1 (mais barato)
61.18682,11.551445,Q1 (mais barato)
86.6867,25.427225,Q1 (mais barato)
85.82352,-48.422325,Q1 (mais barato)
88.88918,23.386013,Q1 (mais barato)
82.25583,-46.329353,Q1 (mais barato)
82.484116,-46.704483,Q1 (mais barato)
62.733376,-51.23735,Q1 (mais barato)
88.888855,23.408627,Q1 (mais barato)
88.88196,23.449312,Q1 (mais barato)
84.07461,-48.455257,Q1 (mais barato)
88.90973,23.521112,Q1 (mais barato)
66.293495,-66.49349,Q1 (mais barato)
63.08375,-47.62853,Q1 (mais barato)
13.904373,-29.793558,Q1 (mais barato)
-36.967804,-61.385303,Q1 (mais barato)
13.904107,-29.793365,Q1 (mais barato)
83.24662,18.434996,Q1 (mais barato)
13.69716,-27.99782,Q1 (mais barato)
-85.40156,-36.168285,Q1 (mais barato)
13.730256,-28.761,Q1 (mais barato)
-32.876167,-57.49071,Q1 (mais barato)
56.123417,-21.162092,Q1 (mais barato)
-32.88306,-57.50948,Q1 (mais barato)
-32.84171,-57.445698,Q1 (mais barato)
68.70978,0.2746145,Q1 (mais barato)
-85.400505,-36.14248,Q1 (mais barato)
78.6923,1.4836216,Q1 (mais barato)
-32.838108,-57.441475,Q1 (mais barato)
21.777626,-34.19398,Q1 (mais barato)
-4.5288544,-75.93524,Q1 (mais barato)
-9.055165,-79.21475,Q1 (mais barato)
49.559742,69.19838,Q3
75.26649,18.993042,Q3
33.645912,22.127281,Q2
51.006958,-42.7387,Q2
28.790298,-51.54005,Q2
63.0541,-45.336437,Q2
64.48223,-48.4776,Q2
-1.476389,12.81322,Q2
23.628658,-17.152012,Q2
-14.21446,2.7651794,Q2
-10.213182,-40.595562,Q2
-9.055228,-7.194315,Q2
2.220849,-19.179928,Q2
64.46183,-44.858334,Q2
53.56846,-52.565136,Q2
76.58496,3.747064,Q2
64.952225,-45.909164,Q2
-4.77834,12.270778,Q2
-15.36186,-43.48534,Q1 (mais barato)
-37.658,-9.660534,Q2
74.03345,26.331287,Q2
41.567627,-57.50329,Q2
67.020454,-15.083815,Q2
2.780936,2.2386467,Q2
4.624215,14.811983,Q3
41.180447,-7.483025,Q3
-20.390642,-0.28057775,Q1 (mais barato)
-2.9348564,-26.409313,Q2
-10.375814,-40.252857,Q2
-14.922061,-37.890034,Q2
52.23227,-1.8963711,Q2
62.803257,41.89405,Q3
28.005903,-22.680092,Q1 (mais barato)
-1.748123,-64.63809,Q2
0.6206165,-35.22824,Q2
67.68735,-2.6779857,Q2
-1.9775225,-63.226387,Q2
39.576836,-6.382614,Q2
7.193063,-66.871155,Q2
81.69934,-3.9955494,Q3
43.212505,-52.075924,Q2
74.07537,26.302923,Q2
76.86584,25.112661,Q2
7.62477,-13.479374,Q2
29.74544,21.936203,Q2
-27.940222,-2.2962563,Q2
-10.38582,-40.24111,Q2
74.61105,1.971671,Q2
3.8940947,-58.16004,Q2
-6.923163,-29.479828,Q2
-1.6129357,-40.471607,Q3
41.625206,-62.007324,Q4
50.695927,69.50791,Q2
45.141994,-40.857796,Q2
22.821735,-19.084663,Q2
82.45641,-3.4079833,Q4
1.9071317,20.54801,Q2
47.515594,68.236664,Q2
2.2586741,25.447727,Q2
-15.43461,11.511805,Q2
-6.1717644,-74.84391,Q2
76.6321,5.114935,Q2
85.78105,21.594585,Q2
44.07081,14.142636,Q2
4.615379,-41.336376,Q2
-38.527603,-52.134598,Q2
2.0776248,20.598412,Q2
11.465375,-33.05778,Q2
76.00258,0.12155164,Q3
30.526484,8.606426,Q3
15.144646,-41.79804,Q3
59.31718,-17.633154,Q2
59.945168,-17.777822,Q2
-1.5487281,-39.547527,Q2
39.998886,53.6466,Q2
-11.483539,3.8177285,Q2
6.915028,-11.778935,Q2
0.19136001,4.68175,Q2
6.8713717,-11.2446785,Q2
-9.210213,-29.468138,Q3
2.7253742,2.6533446,Q3
-32.890823,-6.1039147,Q1 (mais barato)
-33.26292,-13.001232,Q2
41.619957,35.284866,Q3
66.80754,-65.18386,Q1 (mais barato)
85.37827,-46.19647,Q1 (mais barato)
-28.579288,-5.4844794,Q1 (mais barato)
63.34687,-49.108902,Q1 (mais barato)
89.14441,19.887056,Q1 (mais barato)
89.468735,34.062817,Q1 (mais barato)
63.591125,-51.98381,Q1 (mais barato)
63.58781,-48.238033,Q1 (mais barato)
63.574055,-52.017414,Q1 (mais barato)
60.28407,-48.242992,Q1 (mais barato)
89.47403,34.059742,Q1 (mais barato)
89.27964,19.884115,Q1 (mais barato)
-10.387911,-23.410065,Q1 (mais barato)
-1.2264411,-71.2116,Q1 (mais barato)
42.513634,-61.80643,Q1 (mais barato)
-26.245188,-1.3121638,Q1 (mais barato)
89.813194,34.2656,Q1 (mais barato)
89.5017,34.052002,Q1 (mais barato)
-33.85032,-57.20256,Q1 (mais barato)
-5.7587433,-74.633484,Q1 (mais barato)
-33.855076,-57.21926,Q1 (mais barato)
-14.510192,-90.52193,Q1 (mais barato)
-14.6046505,-90.65882,Q1 (mais barato)
-14.604803,-90.65892,Q1 (mais barato)
-48.67299,-82.83614,Q1 (mais barato)
41.20136,-33.361317,Q2
-1.6314887,-77.95449,Q1 (mais barato)
-1.3675642,-77.80123,Q1 (mais barato)
64.635796,-64.84322,Q1 (mais barato)
66.80913,-65.211006,Q1 (mais barato)
68.393105,-67.665344,Q1 (mais barato)
64.67704,-64.85716,Q1 (mais barato)
65.20686,-63.87167,Q1 (mais barato)
65.21691,-63.852646,Q1 (mais barato)
-1.610957,-75.326225,Q1 (mais barato)
83.63064,33.615433,Q1 (mais barato)
-15.907112,-49.67249,Q1 (mais barato)
-10.310705,-23.407097,Q1 (mais barato)
30.637527,-60.79308,Q1 (mais barato)
-51.83119,-69.48263,Q1 (mais barato)
77.94224,-11.109537,Q1 (mais barato)
-12.373161,-19.36006,Q1 (mais barato)
83.69267,-47.249374,Q1 (mais barato)
0.56032693,-25.086996,Q1 (mais barato)
83.785324,-47.47079,Q1 (mais barato)
80.539,-45.761044,Q1 (mais barato)
79.131325,26.944496,Q1 (mais barato)
81.890785,-47.58604,Q1 (mais barato)
63.505978,-52.37567,Q1 (mais barato)
84.356445,-46.375698,Q1 (mais barato)
84.34691,-46.444496,Q1 (mais barato)
79.901184,26.537601,Q1 (mais barato)
-51.79888,-69.80843,Q1 (mais barato)
-51.798885,-69.80859,Q1 (mais barato)
-51.78805,-69.805885,Q1 (mais barato)
-51.788887,-69.80619,Q1 (mais barato)
-63.758476,49.02952,Q1 (mais barato)
-24.483374,-19.105501,Q1 (mais barato)
-24.483374,-19.105501,Q1 (mais barato)
-28.33773,-5.4123898,Q1 (mais barato)
-13.664594,-50.42026,Q1 (mais barato)
-26.413597,-5.237911,Q1 (mais barato)
88.554245,33.446667,Q1 (mais barato)
-16.645813,-20.363846,Q1 (mais barato)
-51.606148,-70.067444,Q1 (mais barato)
-51.730663,-70.08637,Q1 (mais barato)
-51.875366,-70.12025,Q1 (mais barato)
-51.87537,-70.12025,Q1 (mais barato)
-51.750977,-70.09032,Q1 (mais barato)
-51.730663,-70.08637,Q1 (mais barato)
-51.730663,-70.08637,Q1 (mais barato)
88.44824,31.9373,Q1 (mais barato)
87.239494,23.281668,Q1 (mais barato)
88.55598,33.445827,Q1 (mais barato)
36.19365,-36.949158,Q1 (mais barato)
60.591076,-22.166267,Q1 (mais barato)
24.86404,-53.385418,Q1 (mais barato)
-8.081951,-39.101425,Q1 (mais barato)
-51.695755,-70.42176,Q1 (mais barato)
-51.70194,-70.42284,Q1 (mais barato)
-48.30409,-72.0566,Q1 (mais barato)
-44.579956,-74.68367,Q1 (mais barato)
-51.701904,-70.42283,Q1 (mais barato)
-51.69573,-70.42176,Q1 (mais barato)
88.448235,31.937553,Q1 (mais barato)
44.24155,-37.392166,Q1 (mais barato)
83.57946,-44.93081,Q1 (mais barato)
80.50091,-45.74344,Q1 (mais barato)
-33.913322,-9.245076,Q1 (mais barato)
-19.663572,-44.16168,Q1 (mais barato)
79.77135,26.660952,Q1 (mais barato)
79.22491,26.98435,Q1 (mais barato)
13.779947,-29.863953,Q1 (mais barato)
-51.612747,-70.72419,Q1 (mais barato)
88.44833,31.937534,Q1 (mais barato)
88.44937,31.934443,Q1 (mais barato)
60.328003,-52.823605,Q1 (mais barato)
83.323586,-47.167797,Q1 (mais barato)
65.612114,-63.31988,Q1 (mais barato)
86.97797,23.580162,Q1 (mais barato)
29.301058,-62.73163,Q1 (mais barato)
45.099655,-62.43384,Q1 (mais barato)
87.96399,31.45788,Q1 (mais barato)
81.79887,32.289906,Q1 (mais barato)
-28.829521,-3.1864305,Q1 (mais barato)
-3.9018087,4.972972,Q1 (mais barato)
85.58237,-46.213448,Q1 (mais barato)
80.55584,-45.57145,Q1 (mais barato)
45.59594,13.722395,Q1 (mais barato)
13.932874,-15.144016,Q1 (mais barato)
-25.680378,-5.1865997,Q1 (mais barato)
-12.400005,-19.325945,Q1 (mais barato)
-10.773369,-7.2679634,Q1 (mais barato)
-51.529926,-71.05388,Q1 (mais barato)
-51.53017,-71.05372,Q1 (mais barato)
-51.525566,-71.05393,Q1 (mais barato)
-51.5283,-71.05377,Q1 (mais barato)
-51.53076,-71.05359,Q1 (mais barato)
-51.529926,-71.05388,Q1 (mais barato)
-51.527714,-71.05391,Q1 (mais barato)
-51.525547,-71.05393,Q1 (mais barato)
88.44865,31.93808,Q1 (mais barato)
30.766714,-58.03537,Q1 (mais barato)
-19.71461,-44.19537,Q1 (mais barato)
69.042114,-49.608097,Q1 (mais barato)
83.74545,-47.375355,Q1 (mais barato)
44.021805,45.920574,Q1 (mais barato)
-26.408958,-5.241663,Q1 (mais barato)
-26.40898,-5.241647,Q1 (mais barato)
78.82036,23.53614,Q1 (mais barato)
43.65027,-33.391674,Q1 (mais barato)
9.333349,-5.2472377,Q1 (mais barato)
-33.91479,-9.247388,Q1 (mais barato)
83.33209,33.674446,Q1 (mais barato)
-25.670177,-5.1869073,Q1 (mais barato)
88.565704,33.437115,Q1 (mais barato)
88.5643,33.4481,Q1 (mais barato)
-26.409163,-5.2432394,Q1 (mais barato)
-52.95329,-75.577774,Q1 (mais barato)
8.852571,-13.919999,Q1 (mais barato)
-51.38122,-71.72787,Q1 (mais barato)
-44.582016,-74.677574,Q1 (mais barato)
-10.337138,-23.407637,Q1 (mais barato)
-32.547443,-6.34656,Q1 (mais barato)
61.376713,-52.791035,Q1 (mais barato)
88.56595,33.448082,Q1 (mais barato)
60.810497,-52.91804,Q1 (mais barato)
31.149721,-61.196095,Q1 (mais barato)
-26.406992,-5.2446985,Q1 (mais barato)
81.58472,32.149815,Q1 (mais barato)
60.100666,-48.744686,Q1 (mais barato)
57.019016,-52.252007,Q1 (mais barato)
60.340336,-49.46983,Q1 (mais barato)
85.60591,-46.230114,Q1 (mais barato)
85.60591,-46.230114,Q1 (mais barato)
86.600525,-49.48393,Q1 (mais barato)
61.26419,-51.541115,Q1 (mais barato)
44.037674,45.991158,Q1 (mais barato)
84.2532,34.430923,Q1 (mais barato)
-51.336006,-72.033585,Q1 (mais barato)
-15.699945,-50.060646,Q1 (mais barato)
89.69637,26.864143,Q1 (mais barato)
-32.587933,-6.302046,Q1 (mais barato)
87.41369,30.754618,Q1 (mais barato)
89.02686,31.52287,Q1 (mais barato)
-26.405977,-5.246327,Q1 (mais barato)
88.56716,33.447464,Q1 (mais barato)
44.147842,-36.506367,Q1 (mais barato)
-51.306908,-72.29525,Q1 (mais barato)
-51.30684,-72.29522,Q1 (mais barato)
-51.30684,-72.29522,Q1 (mais barato)
88.56949,33.44824,Q1 (mais barato)
-32.548008,-6.3464537,Q1 (mais barato)
77.850365,19.591642,Q1 (mais barato)
-11.378381,-72.783104,Q1 (mais barato)
68.18112,-31.325596,Q1 (mais barato)
-21.959755,-1.3228325,Q1 (mais barato)
-8.089667,-39.092815,Q1 (mais barato)
68.01932,-31.307459,Q1 (mais barato)
43.93148,-58.258404,Q1 (mais barato)
86.595856,-46.102917,Q1 (mais barato)
84.36451,-45.176098,Q1 (mais barato)
84.85808,-45.429115,Q1 (mais barato)
84.346596,-46.445812,Q1 (mais barato)
59.99326,-51.73654,Q1 (mais barato)
82.08634,-51.569992,Q1 (mais barato)
88.577,33.42438,Q1 (mais barato)
87.32272,30.488117,Q1 (mais barato)
-1.7353252,-65.2779,Q1 (mais barato)
79.862816,26.822002,Q1 (mais barato)
88.44915,31.939135,Q1 (mais barato)
-51.282555,-72.519325,Q1 (mais barato)
-25.650293,-5.189603,Q1 (mais barato)
44.10694,-36.536766,Q1 (mais barato)
-48.30375,-72.05723,Q1 (mais barato)
-50.88265,-72.20696,Q1 (mais barato)
-32.56296,-6.3419676,Q1 (mais barato)
88.44932,31.93747,Q1 (mais barato)
83.39237,33.63662,Q1 (mais barato)
5.58954,-2.023639,Q1 (mais barato)
-25.645296,-5.1905346,Q1 (mais barato)
-34.32366,-10.34964,Q1 (mais barato)
62.472057,-9.124664,Q1 (mais barato)
-48.319046,-74.636345,Q1 (mais barato)
-51.229103,-72.98498,Q1 (mais barato)
-25.639038,-5.191207,Q1 (mais barato)
-32.588295,-6.301709,Q1 (mais barato)
86.795654,33.406887,Q1 (mais barato)
-48.145817,-74.74738,Q1 (mais barato)
-48.385242,-74.770256,Q1 (mais barato)
-1.739156,-65.2692,Q1 (mais barato)
87.55003,35.036716,Q1 (mais barato)
-26.399145,-5.2564692,Q1 (mais barato)
88.57416,33.446743,Q1 (mais barato)
88.574356,33.447834,Q1 (mais barato)
-48.670746,-74.8969,Q1 (mais barato)
-48.114437,-74.86093,Q1 (mais barato)
-48.354107,-74.939316,Q1 (mais barato)
88.57568,33.44644,Q1 (mais barato)
4.6179056,-65.892586,Q1 (mais barato)
-32.135357,-6.696871,Q1 (mais barato)
83.963264,-48.168076,Q1 (mais barato)
59.701496,-51.48769,Q1 (mais barato)
72.419914,-5.4000945,Q1 (mais barato)
84.33751,-46.457676,Q1 (mais barato)
6.2351446,-65.96165,Q1 (mais barato)
89.701225,25.432497,Q1 (mais barato)
61.15832,-50.83515,Q1 (mais barato)
60.10025,-52.73084,Q1 (mais barato)
62.775566,-49.630917,Q1 (mais barato)
79.02471,-44.750103,Q1 (mais barato)
64.09573,-38.00241,Q1 (mais barato)
-27.005726,0.38938662,Q1 (mais barato)
44.12906,-57.59036,Q1 (mais barato)
-51.113594,-74.09236,Q1 (mais barato)
-48.20063,-75.48893,Q1 (mais barato)
-48.20063,-75.48893,Q1 (mais barato)
-48.20063,-75.48893,Q1 (mais barato)
80.85267,31.600649,Q1 (mais barato)
-48.297455,-75.84446,Q1 (mais barato)
-48.297787,-75.84497,Q1 (mais barato)
-48.295692,-75.844795,Q1 (mais barato)
-48.175507,-75.729546,Q1 (mais barato)
-48.29564,-75.844795,Q1 (mais barato)
-49.450325,-76.279015,Q1 (mais barato)
44.33867,-36.46722,Q1 (mais barato)
-51.115807,-74.17459,Q1 (mais barato)
-51.013218,-74.31797,Q1 (mais barato)
6.6973047,-65.8637,Q1 (mais barato)
-26.389069,-5.2747393,Q1 (mais barato)
73.27795,-5.6378593,Q1 (mais barato)
75.51069,4.885256,Q1 (mais barato)
5.9746256,-65.66253,Q1 (mais barato)
-48.451958,-76.44317,Q1 (mais barato)
-48.449883,-76.442726,Q1 (mais barato)
-49.201206,-76.633835,Q1 (mais barato)
-48.44983,-76.44272,Q1 (mais barato)
43.35654,-33.497684,Q1 (mais barato)
-48.697216,-76.784065,Q1 (mais barato)
-48.697216,-76.784065,Q1 (mais barato)
-48.440514,-76.71606,Q1 (mais barato)
-48.697216,-76.784065,Q1 (mais barato)
-48.440563,-76.71607,Q1 (mais barato)
-49.170113,-76.85842,Q1 (mais barato)
-48.697216,-76.784065,Q1 (mais barato)
-48.440514,-76.71606,Q1 (mais barato)
-48.452965,-77.005974,Q1 (mais barato)
-48.06633,-76.86532,Q1 (mais barato)
83.3208,33.694324,Q1 (mais barato)
-48.313076,-77.22952,Q1 (mais barato)
-15.687055,-49.997128,Q1 (mais barato)
-48.3624,-77.49752,Q1 (mais barato)
-48.3622,-77.497375,Q1 (mais barato)
83.32569,33.686657,Q1 (mais barato)
-48.667755,-78.08463,Q1 (mais barato)
-50.063618,-79.08904,Q1 (mais barato)
-48.700634,-78.54172,Q1 (mais barato)
-49.085865,-78.95001,Q1 (mais barato)
-44.57596,-74.702095,Q1 (mais barato)
-49.713882,-79.24078,Q1 (mais barato)
-49.520252,-79.376495,Q1 (mais barato)
87.261,23.326767,Q1 (mais barato)
-49.674026,-79.58862,Q1 (mais barato)
-22.211828,-1.4270103,Q1 (mais barato)
-49.070793,-79.70098,Q1 (mais barato)
-49.07163,-79.70104,Q1 (mais barato)
-48.645054,-79.73163,Q1 (mais barato)
-48.316673,-80.0312,Q1 (mais barato)
-49.04849,-79.90793,Q1 (mais barato)
-49.28356,-79.910866,Q1 (mais barato)
-48.460438,-80.17929,Q1 (mais barato)
-48.590443,-80.31883,Q1 (mais barato)
-48.44754,-80.35927,Q1 (mais barato)
-48.445465,-80.35786,Q1 (mais barato)
-48.446648,-80.358665,Q1 (mais barato)
-48.590916,-80.3204,Q1 (mais barato)
-49.67645,-80.406,Q1 (mais barato)
-48.43511,-80.53152,Q1 (mais barato)
-49.806194,-80.658875,Q1 (mais barato)
-7.0561643,-75.134964,Q1 (mais barato)
-49.796616,-80.83063,Q1 (mais barato)
-44.575516,-74.70315,Q1 (mais barato)
-49.876682,-81.00963,Q1 (mais barato)
-50.21942,-81.1337,Q1 (mais barato)
-15.620125,-49.714314,Q1 (mais barato)
-48.212685,-81.13094,Q1 (mais barato)
-50.16487,-81.13533,Q1 (mais barato)
-48.530563,-81.548164,Q1 (mais barato)
-49.304726,-81.788315,Q1 (mais barato)
-48.89466,-81.94248,Q1 (mais barato)
-48.796303,-81.93857,Q1 (mais barato)
-48.796303,-81.93857,Q1 (mais barato)
-48.796303,-81.93857,Q1 (mais barato)
-44.574146,-74.703926,Q1 (mais barato)
-48.894638,-81.942535,Q1 (mais barato)
-48.894638,-81.942535,Q1 (mais barato)
-48.796303,-81.93857,Q1 (mais barato)
-48.618153,-81.90823,Q1 (mais barato)
-48.894638,-81.942535,Q1 (mais barato)
-44.576366,-74.697624,Q1 (mais barato)
-48.57815,-82.60883,Q1 (mais barato)
-37.040344,-58.033978,Q1 (mais barato)
-15.250551,-76.88279,Q1 (mais barato)
-16.27034,-77.03072,Q1 (mais barato)
-16.835451,-95.00799,Q1 (mais barato)
-18.16534,-93.80819,Q1 (mais barato)
-15.405334,-77.36466,Q1 (mais barato)
-17.272696,-93.60729,Q1 (mais barato)
-18.069292,-93.828964,Q1 (mais barato)
-16.850485,-95.078896,Q1 (mais barato)
-38.502823,-60.321037,Q1 (mais barato)
-85.49289,-34.647602,Q1 (mais barato)
-37.055336,-58.02286,Q1 (mais barato)
-38.15946,-60.231037,Q1 (mais barato)
-68.108284,-23.87275,Q1 (mais barato)
-44.827744,-6.5765443,Q1 (mais barato)
62.555794,3.7808974,Q1 (mais barato)
-37.051926,-58.04824,Q1 (mais barato)
72.90199,3.5418887,Q1 (mais barato)
-21.953558,-1.343724,Q1 (mais barato)
-37.37593,-57.716595,Q1 (mais barato)
-85.49613,-34.682682,Q1 (mais barato)
68.10764,-0.37535128,Q1 (mais barato)
59.19649,-2.8397174,Q1 (mais barato)
-2.1539702,-39.44849,Q1 (mais barato)
-46.6791,83.75435,Q1 (mais barato)
-37.380356,-57.722507,Q1 (mais barato)
56.573326,-11.457563,Q1 (mais barato)
-37.063297,-58.041386,Q1 (mais barato)
22.998486,-33.88686,Q1 (mais barato)
14.715524,-29.495796,Q1 (mais barato)
-37.056046,-58.02275,Q1 (mais barato)
81.70741,-6.8018045,Q1 (mais barato)
-15.786769,-77.90001,Q1 (mais barato)
-16.64993,-94.61439,Q1 (mais barato)
-15.822354,-76.52305,Q1 (mais barato)
-15.75854,-76.87637,Q1 (mais barato)
-15.765943,-77.28501,Q1 (mais barato)
-15.246912,-76.027435,Q1 (mais barato)
-15.1840105,-76.54872,Q1 (mais barato)
-17.594381,-94.19786,Q1 (mais barato)
-16.481688,-76.86275,Q1 (mais barato)
-17.662891,-93.55291,Q1 (mais barato)
73.99452,62.161358,Q1 (mais barato)
-16.597538,-77.73914,Q1 (mais barato)
-16.28529,-77.09641,Q1 (mais barato)
-16.26737,-78.38958,Q1 (mais barato)
-17.710155,-94.52168,Q1 (mais barato)
-15.267873,-77.707756,Q1 (mais barato)
-15.75073,-77.873505,Q1 (mais barato)
66.38754,-67.733536,Q1 (mais barato)
67.751236,-68.58658,Q1 (mais barato)
66.41521,-67.749306,Q1 (mais barato)
66.41472,-67.74885,Q1 (mais barato)
-16.182129,-77.40424,Q1 (mais barato)
-18.444668,-94.606476,Q1 (mais barato)
-17.321398,-95.31694,Q1 (mais barato)
-17.92822,-95.223885,Q1 (mais barato)
-15.692174,-75.2776,Q1 (mais barato)
-17.321346,-94.77964,Q1 (mais barato)
-16.464666,-78.11025,Q1 (mais barato)
-17.573252,-93.56547,Q1 (mais barato)
66.44297,-66.69395,Q1 (mais barato)
67.864876,-68.37074,Q1 (mais barato)
66.44614,-66.69405,Q1 (mais barato)
66.514,-66.729195,Q1 (mais barato)
-16.60019,-94.526184,Q1 (mais barato)
-16.93085,-77.289505,Q1 (mais barato)
-17.026598,-77.02754,Q1 (mais barato)
-16.45332,-77.615486,Q1 (mais barato)
-16.269886,-75.64753,Q1 (mais barato)
-16.678581,-76.146835,Q1 (mais barato)
-15.75652,-75.36739,Q1 (mais barato)
-18.457561,-94.35667,Q1 (mais barato)
-17.037256,-77.314926,Q1 (mais barato)
-17.158466,-95.26012,Q1 (mais barato)
73.99439,62.16119,Q1 (mais barato)
-15.403861,-75.6912,Q1 (mais barato)
-15.220581,-76.96164,Q1 (mais barato)
-15.963113,-76.38195,Q1 (mais barato)
-15.2902355,-76.15172,Q1 (mais barato)
-16.083973,-76.00124,Q1 (mais barato)
-15.779694,-75.86431,Q1 (mais barato)
-16.412704,-76.035324,Q1 (mais barato)
-18.179567,-95.091644,Q1 (mais barato)
-17.179537,-76.586426,Q1 (mais barato)
-16.63055,-76.77552,Q1 (mais barato)
-17.825268,-95.23878,Q1 (mais barato)
-17.0893,-76.51908,Q1 (mais barato)
-16.99233,-77.69933,Q1 (mais barato)
-18.217733,-95.05238,Q1 (mais barato)
-16.070225,-78.239555,Q1 (mais barato)
-16.292467,-76.42105,Q1 (mais barato)
-17.022617,-76.51483,Q1 (mais barato)
-16.708204,-76.22809,Q1 (mais barato)
-18.394087,-94.69435,Q1 (mais barato)
-18.040861,-94.75442,Q1 (mais barato)
-17.535845,-77.19956,Q1 (mais barato)
-17.093979,-77.946495,Q1 (mais barato)
-16.837135,-78.541046,Q1 (mais barato)
-17.351738,-77.786674,Q1 (mais barato)
-17.280693,-78.5024,Q1 (mais barato)
-16.839216,-78.53253,Q1 (mais barato)
-17.458813,-78.48273,Q1 (mais barato)
-17.773727,-78.40292,Q1 (mais barato)
-17.52105,-77.28016,Q1 (mais barato)
-17.5479,-76.82992,Q1 (mais barato)
-17.70891,-94.61008,Q1 (mais barato)
-18.272717,-78.141785,Q1 (mais barato)
-18.020515,-78.327866,Q1 (mais barato)
73.99501,62.160915,Q1 (mais barato)
-17.782269,-77.80116,Q1 (mais barato)
-17.63799,-95.27454,Q1 (mais barato)
-17.840641,-95.221596,Q1 (mais barato)
-17.836206,-77.696335,Q1 (mais barato)
-18.214737,-77.673355,Q1 (mais barato)
-18.548574,-77.92423,Q1 (mais barato)
-17.392971,-95.34238,Q1 (mais barato)
-17.948784,-77.19747,Q1 (mais barato)
-16.730808,-75.53118,Q1 (mais barato)
-17.636442,-75.76329,Q1 (mais barato)
-17.509283,-76.21846,Q1 (mais barato)
-17.355383,-94.747185,Q1 (mais barato)
-18.021912,-76.70802,Q1 (mais barato)
-17.682585,-93.57245,Q1 (mais barato)
-18.256327,-75.81002,Q1 (mais barato)
-18.108446,-75.28073,Q1 (mais barato)
-18.18344,-75.50135,Q1 (mais barato)
-16.47276,-75.25784,Q1 (mais barato)
-17.771618,-94.48159,Q1 (mais barato)
-18.315672,-94.24912,Q1 (mais barato)
-18.3215,-94.67259,Q1 (mais barato)
-17.011215,-75.37739,Q1 (mais barato)
-16.256319,-74.90431,Q1 (mais barato)
-18.318401,-94.03264,Q1 (mais barato)
-16.185274,-74.91891,Q1 (mais barato)
-17.788424,-93.60746,Q1 (mais barato)
-17.592524,-74.67793,Q1 (mais barato)
-18.086514,-75.06476,Q1 (mais barato)
-16.745228,-74.69088,Q1 (mais barato)
-16.745228,-74.69088,Q1 (mais barato)
-18.734787,-76.53997,Q1 (mais barato)
-17.86439,-74.83931,Q1 (mais barato)
-16.957706,-75.53463,Q1 (mais barato)
-17.62232,-94.15452,Q1 (mais barato)
-18.828796,-76.56976,Q1 (mais barato)
-1.9950655,-81.37424,Q1 (mais barato)
-3.7061598,-81.13721,Q1 (mais barato)
-1.9950655,-81.37424,Q1 (mais barato)
-2.0471022,-81.30126,Q1 (mais barato)
-17.27284,-75.83346,Q1 (mais barato)
-17.918509,-76.62721,Q1 (mais barato)
-17.27284,-75.83346,Q1 (mais barato)
-17.078056,-95.17563,Q1 (mais barato)
-18.271341,-94.02965,Q1 (mais barato)
-17.79938,-76.135925,Q1 (mais barato)
-16.693558,-94.838905,Q1 (mais barato)
-18.143223,-76.88695,Q1 (mais barato)
-17.627121,-75.46046,Q1 (mais barato)
-17.329496,-74.84874,Q1 (mais barato)
-17.329496,-74.84874,Q1 (mais barato)
-17.870337,-76.30097,Q1 (mais barato)
-2.4978328,-80.00385,Q1 (mais barato)
-4.4641833,-81.11435,Q1 (mais barato)
74.1894,62.421925,Q1 (mais barato)
64.48304,-64.86491,Q1 (mais barato)
-18.517159,-76.2518,Q1 (mais barato)
-18.517159,-76.2518,Q1 (mais barato)
-18.3808,-75.82861,Q1 (mais barato)
73.994316,62.16121,Q1 (mais barato)
-17.229984,-94.62891,Q1 (mais barato)
-18.805166,-77.24411,Q1 (mais barato)
-18.805166,-77.24411,Q1 (mais barato)
-18.805166,-77.24411,Q1 (mais barato)
-18.125586,-93.7507,Q1 (mais barato)
-18.805166,-77.24411,Q1 (mais barato)
-2.6782038,-80.51022,Q1 (mais barato)
67.86176,-68.5633,Q1 (mais barato)
-3.2987795,-80.686356,Q1 (mais barato)
-3.7061598,-81.13721,Q1 (mais barato)
-17.391392,-94.18471,Q1 (mais barato)
-19.94242,-75.255455,Q1 (mais barato)
-19.94242,-75.255455,Q1 (mais barato)
-17.053904,-93.67733,Q1 (mais barato)
-19.94242,-75.255455,Q1 (mais barato)
-17.152508,-94.38763,Q1 (mais barato)
-19.94242,-75.255455,Q1 (mais barato)
-19.94242,-75.255455,Q1 (mais barato)
-16.665108,-94.16001,Q1 (mais barato)
-19.94242,-75.255455,Q1 (mais barato)
-16.69763,-94.04848,Q1 (mais barato)
-19.94242,-75.255455,Q1 (mais barato)
-19.94242,-75.255455,Q1 (mais barato)
-16.689856,-94.07233,Q1 (mais barato)
-17.03712,-93.68645,Q1 (mais barato)
-19.94242,-75.255455,Q1 (mais barato)
-17.129763,-93.630455,Q1 (mais barato)
-16.796873,-93.9267,Q1 (mais barato)
-16.654108,-94.59483,Q1 (mais barato)
-17.188229,-94.16889,Q1 (mais barato)
-19.94242,-75.255455,Q1 (mais barato)
73.99461,62.161198,Q1 (mais barato)
12.539134,-9.74957,Q1 (mais barato)
87.76486,21.56853,Q1 (mais barato)
-58.83048,-80.155975,Q1 (mais barato)
89.69976,17.43873,Q1 (mais barato)
54.50412,0.21769089,Q1 (mais barato)
89.699615,17.438328,Q1 (mais barato)
-58.83061,-80.158134,Q1 (mais barato)
0.82728505,-81.05444,Q1 (mais barato)
-11.590747,-62.951447,Q3
86.631516,25.40883,Q1 (mais barato)
-12.877558,-19.041431,Q1 (mais barato)
-12.877609,-19.041676,Q1 (mais barato)
77.32243,17.815863,Q1 (mais barato)
87.75211,21.57906,Q1 (mais barato)
77.32113,17.818954,Q1 (mais barato)
-55.595703,-81.63171,Q1 (mais barato)
75.66819,18.662241,Q1 (mais barato)
-8.903111,-41.916912,Q1 (mais barato)
-55.57672,-81.64176,Q1 (mais barato)
-55.57598,-81.64687,Q1 (mais barato)
-55.579468,-81.64482,Q1 (mais barato)
-55.579468,-81.64482,Q1 (mais barato)
33.813744,-63.572544,Q1 (mais barato)
-13.671053,-87.19761,Q1 (mais barato)
-86.42265,-36.349224,Q1 (mais barato)
-29.96713,-41.95194,Q1 (mais barato)
51.279293,-2.7276397,Q1 (mais barato)
-13.671053,-87.19761,Q1 (mais barato)
-13.990467,-87.819664,Q1 (mais barato)
-13.671053,-87.19761,Q1 (mais barato)
-13.671053,-87.19761,Q1 (mais barato)
-13.671053,-87.19761,Q1 (mais barato)
73.984955,62.1477,Q1 (mais barato)
-13.671053,-87.19761,Q1 (mais barato)
64.44099,-67.63325,Q1 (mais barato)
64.39568,-67.61248,Q1 (mais barato)
64.44101,-67.63336,Q1 (mais barato)
64.440994,-67.633255,Q1 (mais barato)
-13.991036,-87.82078,Q1 (mais barato)
-13.990691,-87.82058,Q1 (mais barato)
32.59075,3.9070034,Q4
-10.68207,-23.332415,Q1 (mais barato)
51.592014,-20.47273,Q1 (mais barato)
74.21027,3.9227326,Q1 (mais barato)
-14.103917,-17.39901,Q2
-4.200839,-20.192396,Q3
37.513824,0.3957212,Q3
73.15524,27.084286,Q1 (mais barato)
53.15312,-4.2150946,Q1 (mais barato)
-35.211937,-57.598156,Q1 (mais barato)
-26.822174,-4.719434,Q1 (mais barato)
-21.975098,-0.5806902,Q1 (mais barato)
9.2997265,-5.175408,Q2
-26.088593,-1.4676064,Q1 (mais barato)
87.42586,30.369047,Q1 (mais barato)
-32.782864,-55.920853,Q1 (mais barato)
-32.650455,-55.810642,Q1 (mais barato)
-32.76474,-55.89778,Q1 (mais barato)
-32.796776,-55.976994,Q1 (mais barato)
8.567424,-30.24623,Q1 (mais barato)
-32.788925,-55.938095,Q1 (mais barato)
79.67364,31.660398,Q1 (mais barato)
41.821526,-33.166794,Q2
-19.39155,12.123226,Q2
-13.590518,-15.561563,Q3
43.1087,-55.38513,Q2
-3.9340255,-49.726913,Q1 (mais barato)
44.026073,-62.66676,Q1 (mais barato)
63.55984,-52.068634,Q1 (mais barato)
63.817467,-44.026703,Q1 (mais barato)
77.75753,17.759163,Q1 (mais barato)
46.826496,-62.554874,Q1 (mais barato)
38.586254,-40.849964,Q2
-10.376219,-23.412607,Q1 (mais barato)
-9.268991,11.314722,Q1 (mais barato)
43.059235,-56.024582,Q2
39.90913,54.20591,Q1 (mais barato)
44.10096,-57.436882,Q1 (mais barato)
-12.829533,-15.139406,Q1 (mais barato)
44.91885,-42.72544,Q1 (mais barato)
-0.7863184,-28.586123,Q2
44.902554,-40.24539,Q2
48.29034,-36.239525,Q2
44.901302,-40.24752,Q2
46.27117,-36.375584,Q2
-6.971565,-9.332453,Q1 (mais barato)
-13.274109,-15.668914,Q1 (mais barato)
-1.6162399,-2.7999365,Q2
44.253677,-39.788914,Q2
59.064106,1.3317579,Q2
32.246853,-58.33151,Q2
-14.468222,-27.350136,Q2
48.295326,-36.308277,Q2
27.852545,-58.17724,Q1 (mais barato)
-6.9272103,-9.384654,Q2
44.90675,-40.314316,Q2
-9.449217,-41.150307,Q1 (mais barato)
46.344505,-58.08709,Q1 (mais barato)
-9.449816,-41.149975,Q1 (mais barato)
44.253273,-39.7899,Q2
-9.557672,-40.8684,Q2
-6.9275317,-9.383817,Q2
59.67513,0.4568397,Q2
-16.715775,-20.292019,Q2
-3.8403664,0.14977022,Q2
41.969643,-34.362858,Q2
0.07086896,-63.996174,Q2
68.48563,2.4748595,Q1 (mais barato)
69.311676,-49.853233,Q1 (mais barato)
63.312847,-45.94927,Q2
62.522896,-46.776352,Q2
79.80876,-27.53343,Q2
74.9226,29.691025,Q1 (mais barato)
83.13012,-26.521498,Q2
32.345085,-14.004146,Q2
-5.966404,-34.013172,Q2
30.727634,-15.39209,Q2
58.598587,40.98652,Q3
-2.9609597,-26.48569,Q1 (mais barato)
27.84829,-58.1691,Q1 (mais barato)
80.22966,24.613459,Q2
50.840614,69.448875,Q2
88.17962,22.119556,Q2
-21.897636,-1.3369449,Q2
45.738503,-52.6015,Q2
88.182335,22.125376,Q2
44.09528,-57.432922,Q2
40.77391,-56.88285,Q2
80.70351,24.190746,Q2
47.326077,-32.63575,Q3
46.795944,-62.146824,Q1 (mais barato)
45.557304,-60.28431,Q2
44.088177,-57.424736,Q1 (mais barato)
47.90025,-62.1049,Q2
-19.216833,-0.49379802,Q1 (mais barato)
-13.100613,-15.545153,Q1 (mais barato)
-10.760513,-7.2765064,Q2
77.976974,19.44414,Q1 (mais barato)
-1.554614,-2.750521,Q2
35.75495,-39.365753,Q2
84.15101,-49.497314,Q1 (mais barato)
64.885,-52.07931,Q1 (mais barato)
63.161682,-45.48067,Q2
62.29837,-43.340508,Q2
-1.6926464,7.0015864,Q2
33.258595,1.0190923,Q2
-1.5262487,-30.870987,Q3
-16.721186,-20.287254,Q2
44.08658,-57.42089,Q2
48.293114,-36.24171,Q2
27.825392,-58.135864,Q2
30.29047,21.839993,Q3
-1.6533035,-64.70045,Q2
-85.68392,-35.56194,Q1 (mais barato)
-44.067017,-50.411427,Q1 (mais barato)
69.629845,56.93314,Q1 (mais barato)
-33.801655,-55.949856,Q1 (mais barato)
79.922676,-8.513995,Q1 (mais barato)
13.071137,-31.228582,Q1 (mais barato)
-14.110667,-2.735543,Q2
63.370872,0.28107312,Q2
74.6186,-15.94119,Q2
-3.9401293,-5.0048447,Q2
-4.784104,-76.12505,Q2
9.728705,-32.813637,Q2
63.039825,40.04888,Q2
8.409398,-32.58621,Q2
8.372491,-32.646492,Q2
19.409277,-34.012337,Q2
-40.734047,-103.04542,Q2
41.038445,73.64551,Q2
23.807608,-33.508427,Q2
1.415575,24.095875,Q2
-15.4342985,11.6473675,Q2
8.408646,-32.58716,Q3
8.782376,-27.85139,Q3
75.70634,-13.030923,Q3
64.49372,-45.378593,Q3
8.742509,-0.91449225,Q3
-12.501564,-37.34998,Q3
8.743655,-0.9129601,Q3
26.827667,-21.471498,Q3
9.468001,-1.9447591,Q3
31.512766,0.03218736,Q3
-9.093862,-35.327,Q5 (mais caro)
12.722993,40.00825,Q4
-7.5266867,-13.961695,Q5 (mais caro)
38.71526,-36.01959,Q5 (mais caro)
8.574375,-3.103347,Q5 (mais caro)
-8.054896,-35.931202,Q4
101.892715,-12.122441,Q5 (mais caro)
-9.33186,11.229972,Q3
-12.138691,-62.551517,Q4
23.904526,-25.948189,Q4
35.21853,-13.538408,Q4
24.122808,-26.096102,Q4
31.796661,-53.22222,Q5 (mais caro)
45.38818,64.03994,Q3
-14.599103,-14.662192,Q5 (mais caro)
26.60224,-4.875923,Q5 (mais caro)
9.379423,-57.380665,Q4
57.75543,11.503475,Q5 (mais caro)
57.713417,11.488222,Q5 (mais caro)
65.18598,40.56784,Q3
62.740128,-22.99458,Q2
30.576029,-48.26282,Q2
13.532248,-3.359968,Q2
9.13436,-3.5890555,Q5 (mais caro)
-2.823867,-24.03725,Q2
12.801442,-54.049053,Q5 (mais caro)
36.472034,3.189171,Q5 (mais caro)
22.503187,-21.31445,Q4
60.708008,41.236168,Q2
59.084194,12.367603,Q2
46.92212,-32.46743,Q3
43.218586,-39.598305,Q2
-27.054895,-1.1486688,Q2
-9.269659,19.059025,Q3
40.629745,-39.543716,Q3
-11.352012,-72.78191,Q3
27.039675,-5.079044,Q4
54.682266,-13.612317,Q2
60.738106,41.26499,Q2
-3.1835392,-20.38666,Q3
2.8835096,-0.01691947,Q4
-6.928342,-29.553642,Q4
84.86931,-5.0217113,Q4
30.784971,-55.165527,Q2
40.946896,49.471493,Q2
31.590603,-47.795517,Q3
26.281324,-52.119663,Q3
8.631419,-11.308075,Q3
14.529655,-22.922396,Q3
2.4337707,-28.502096,Q4
2.5763025,2.2355745,Q3
40.56254,-32.87044,Q3
33.2192,-1.5844643,Q3
67.1339,-2.977541,Q3
8.502598,-38.11009,Q3
2.4292934,-33.84945,Q4
53.558926,-26.919687,Q4
44.872868,-40.242523,Q2
38.355473,-58.391655,Q2
9.130426,-3.5324426,Q2
64.92755,-22.14941,Q3
24.41156,-10.297667,Q3
42.323505,-34.33928,Q3
85.15844,-5.066463,Q3
64.82678,1.9470335,Q2
60.741135,36.920563,Q2
13.056173,-36.658775,Q3
-14.866914,-37.7268,Q3
41.49526,-54.197735,Q4
39.836662,-39.215305,Q2
-4.0641036,-20.321857,Q2
-9.000282,-36.018757,Q3
74.848564,31.06482,Q3
74.98722,-15.27204,Q3
66.48584,57.060158,Q3
13.518022,-3.3296635,Q3
65.252914,-39.522293,Q3
65.87402,-39.699413,Q2
65.07031,-39.075954,Q3
99.707726,-12.41743,Q3
44.202515,-38.990593,Q3
9.124254,-3.5060928,Q3
22.843115,-22.359016,Q3
60.13037,41.598125,Q4
-2.6857572,5.6034255,Q2
60.022167,-17.761284,Q2
79.160164,-5.558784,Q3
17.666098,-37.806744,Q3
19.104216,-27.27024,Q4
35.153294,-20.148222,Q4
-6.5007067,-21.989233,Q5 (mais caro)
-4.3987203,-3.6348522,Q2
78.37215,5.551878,Q3
35.21402,-2.2927468,Q3
32.101265,-43.175137,Q3
58.839474,37.847824,Q4
58.85033,40.818596,Q4
42.963993,-59.603016,Q5 (mais caro)
-9.006305,-36.026913,Q2
-9.006253,-36.027073,Q2
-9.006263,-36.0278,Q3
64.14115,-45.581985,Q3
62.41054,39.94815,Q3
21.54686,-16.827442,Q3
9.109592,-3.484032,Q3
-9.005978,-36.027515,Q3
9.1097145,-3.4843764,Q3
22.843513,-22.359339,Q3
59.203053,-6.588147,Q3
8.611897,-4.103052,Q4
28.984169,-2.6606827,Q1 (mais barato)
7.0076594,-9.5513735,Q2
41.532257,-60.981255,Q2
29.795986,21.909184,Q3
109.749794,7.6896625,Q3
6.7568927,-11.180171,Q3
9.817834,-49.57423,Q3
27.875683,-58.212513,Q3
-9.007567,-36.011475,Q3
23.641928,-26.368866,Q4
-2.1995609,-65.22696,Q4
33.836235,-39.86278,Q4
30.206446,-15.43317,Q3
53.65827,-25.926746,Q3
30.5704,-48.39719,Q3
-8.174171,-36.092957,Q3
60.15915,21.517996,Q3
-9.010302,-35.98913,Q3
8.606688,-4.096544,Q3
62.981388,40.843353,Q3
23.100838,2.9723148,Q3
-1.2678133,-2.8437889,Q3
-8.116262,21.300795,Q3
67.69666,-19.798758,Q3
81.36035,-26.105488,Q5 (mais caro)
80.16337,32.424416,Q2
-9.012057,-35.964096,Q3
64.92303,-22.15152,Q3
22.844433,-22.35967,Q3
-1.3782161,15.237855,Q3
-36.548237,78.89518,Q3
40.874863,-44.301086,Q3
-25.344732,2.7202954,Q3
42.482243,-37.568634,Q3
-2.6483068,-65.9714,Q3
27.922714,22.36209,Q3
58.422348,42.436317,Q3
27.872646,-58.210926,Q3
14.534146,-22.929644,Q4
-9.011742,-35.963737,Q4
7.7134285,-44.897476,Q4
7.7331014,-44.953217,Q4
-4.2593484,-3.56211,Q4
31.945454,-15.550616,Q5 (mais caro)
40.341965,-32.681515,Q5 (mais caro)
30.321075,22.05532,Q3
30.733574,18.267006,Q3
29.369446,-29.11971,Q4
35.716984,32.975883,Q4
39.05035,-38.743782,Q4
-9.015718,-35.944973,Q4
25.684504,-55.254383,Q4
-9.015583,-35.94537,Q4
29.036926,-33.416504,Q5 (mais caro)
34.997852,-19.937857,Q5 (mais caro)
-9.018166,-35.929688,Q1 (mais barato)
10.38486,-16.416616,Q2
35.14709,-16.49122,Q3
-1.348637,15.265696,Q3
58.801495,13.827685,Q3
-18.523062,-1.0254428,Q3
51.839405,-20.911755,Q4
28.326488,-35.513832,Q4
53.985798,-25.850075,Q4
9.056156,-3.4410975,Q4
30.194057,-64.69033,Q4
-8.1722555,-36.069813,Q4
-2.9345517,-26.369873,Q5 (mais caro)
74.51165,2.1489794,Q5 (mais caro)
84.250114,-4.937212,Q5 (mais caro)
38.14334,-45.597107,Q5 (mais caro)
61.7705,-45.01865,Q5 (mais caro)
60.69495,-39.257877,Q5 (mais caro)
51.198895,-42.583485,Q2
73.37807,59.931152,Q3
102.62728,-11.596812,Q3
83.52921,-4.760129,Q3
31.615685,11.247787,Q3
1.8722931,-5.281059,Q3
45.344574,-43.07605,Q3
9.041737,-3.4315429,Q4
9.042015,-3.4316757,Q4
29.75112,-48.915222,Q4
44.817497,-43.54915,Q4
8.444169,-1.2639325,Q4
39.036705,-34.21576,Q4
37.27847,-39.064674,Q5 (mais caro)
79.76882,-0.77080643,Q5 (mais caro)
59.026005,19.578531,Q3
41.32694,-53.978542,Q3
55.832233,-24.368858,Q3
-9.020063,-35.90522,Q3
43.212296,-39.613525,Q3
25.969046,-46.08122,Q4
47.318462,-62.230236,Q4
58.83559,-23.17954,Q5 (mais caro)
37.383583,-16.401031,Q5 (mais caro)
-5.9957848,-68.17814,Q3
-16.712202,-19.63169,Q3
32.93025,4.3348536,Q3
41.28814,-46.270363,Q3
-14.874473,-37.719036,Q3
-20.965694,-43.207268,Q4
9.012254,-3.4211185,Q4
29.777294,22.323305,Q4
65.17032,-20.94267,Q4
39.69217,-39.071594,Q4
25.93136,-58.77453,Q4
23.973717,-36.36681,Q5 (mais caro)
39.152004,-34.300125,Q3
17.034193,-45.627388,Q4
43.143017,-39.67483,Q4
-11.676293,-62.883865,Q5 (mais caro)
66.98116,-23.559052,Q3
15.852997,-18.866505,Q3
-7.3776894,51.428165,Q3
37.202263,-42.177155,Q4
-14.199117,-15.481305,Q5 (mais caro)
101.890015,-12.147783,Q5 (mais caro)
-4.3947597,-3.6365783,Q5 (mais caro)
84.271164,-4.7893777,Q5 (mais caro)
35.011497,-19.973557,Q5 (mais caro)
57.492844,41.890587,Q5 (mais caro)
27.594479,-36.161728,Q5 (mais caro)
32.253902,20.951338,Q5 (mais caro)
70.653496,57.821274,Q5 (mais caro)
41.91955,-58.748997,Q2
-9.027709,-35.85527,Q3
53.786835,-53.009953,Q3
25.40263,-56.324306,Q4
32.166836,-42.868343,Q4
27.033772,-26.2462,Q4
85.32385,-4.804247,Q4
64.14712,-38.460636,Q4
35.100937,-36.620792,Q4
82.42959,-8.315784,Q4
44.16156,-5.0629034,Q4
-34.462498,-10.5259695,Q4
54.179745,26.799301,Q5 (mais caro)
-4.0455894,-20.267624,Q4
44.908703,-45.5591,Q5 (mais caro)
-8.590163,-30.089678,Q5 (mais caro)
33.188408,0.9737452,Q3
5.910651,-2.3890636,Q4
82.30883,2.3915439,Q4
79.34021,2.6139681,Q4
36.54913,-3.3400915,Q4
17.606277,3.4520888,Q4
66.765274,-18.646986,Q3
11.236836,-26.119717,Q3
84.18053,-4.974174,Q4
21.030966,13.03643,Q4
34.883236,9.6874275,Q4
-20.870972,-35.589947,Q3
8.883238,-3.357071,Q5 (mais caro)
-21.336111,-32.15236,Q5 (mais caro)
84.94199,-5.163672,Q5 (mais caro)
17.728935,3.1859317,Q5 (mais caro)
24.411264,-10.298097,Q3
102.74881,-9.266044,Q4
8.860236,-3.342809,Q4
83.282425,-7.156034,Q4
15.079391,-13.287603,Q4
57.396347,-11.182171,Q5 (mais caro)
31.064754,-2.9389882,Q2
-3.8907344,-49.745667,Q2
-11.379583,7.5361342,Q4
25.805662,-58.80192,Q5 (mais caro)
-1.9489079,-13.7519455,Q4
0.4501009,-61.26568,Q4
7.469832,-13.797314,Q4
66.44147,56.323513,Q4
1.2261007,-24.38769,Q5 (mais caro)
-14.258135,-15.490035,Q3
-23.947643,-3.6975758,Q3
54.279316,-12.0556,Q4
24.740194,-59.953846,Q4
29.523935,-49.161472,Q5 (mais caro)
34.99884,-13.889066,Q5 (mais caro)
6.5848927,-21.763119,Q4
83.090294,22.310387,Q4
23.114483,-29.213684,Q3
-8.91418,-34.943413,Q4
29.464293,-29.119888,Q5 (mais caro)
33.1798,0.98907053,Q5 (mais caro)
11.37207,-36.436775,Q5 (mais caro)
-37.03605,-46.725334,Q5 (mais caro)
6.568473,-24.811552,Q5 (mais caro)
-8.677174,-9.526204,Q5 (mais caro)
-38.36317,-48.583733,Q5 (mais caro)
-40.402164,-42.038147,Q5 (mais caro)
31.53418,0.058212083,Q5 (mais caro)
13.838461,-34.63508,Q5 (mais caro)
9.5189905,-38.73069,Q5 (mais caro)
33.327282,0.060953032,Q5 (mais caro)
9.50593,-38.7292,Q5 (mais caro)
65.584175,-21.950935,Q5 (mais caro)
-39.75961,-49.414677,Q5 (mais caro)
13.833445,-34.625793,Q5 (mais caro)
9.361214,-36.21526,Q5 (mais caro)
47.446087,-2.1525855,Q5 (mais caro)
23.517214,5.697103,Q5 (mais caro)
-39.3255,-44.560677,Q5 (mais caro)
-39.184273,-49.28461,Q5 (mais caro)
9.361608,-36.214783,Q5 (mais caro)
80.57062,-26.62456,Q5 (mais caro)
-38.713745,-47.797356,Q5 (mais caro)
-38.568832,-48.052864,Q5 (mais caro)
46.106453,13.301115,Q5 (mais caro)
-38.39226,-48.4673,Q5 (mais caro)
9.365061,-36.211914,Q5 (mais caro)
-40.3625,-42.077625,Q5 (mais caro)
56.187756,-26.054173,Q1 (mais barato)
-39.303448,-49.458332,Q2
-39.239952,-48.98343,Q5 (mais caro)
-40.35789,-42.096703,Q5 (mais caro)
9.400181,-36.18814,Q5 (mais caro)
62.89884,3.9609423,Q2
-13.303191,-6.3978224,Q2
-39.17432,-49.20776,Q2
65.06366,38.38413,Q2
-13.303704,-6.397891,Q2
58.347996,-8.073204,Q2
40.75214,21.064716,Q2
55.41599,-0.9721738,Q2
37.69074,5.215823,Q2
60.020393,22.43403,Q3
33.157722,0.22855657,Q3
62.42996,20.89397,Q3
-5.169416,-4.354335,Q3
62.424828,20.976217,Q3
58.543453,13.735912,Q3
-38.346565,-48.677406,Q3
-16.078999,-4.9597178,Q3
32.8662,0.5531596,Q3
2.0914698,-45.227055,Q3
31.223862,-2.5814035,Q3
-38.344944,-48.705685,Q3
53.040543,-7.3907123,Q3
-52.516262,-27.178617,Q3
-0.03933862,-48.159405,Q3
58.10309,-8.147029,Q3
-15.508883,18.62603,Q3
-38.350292,-48.65815,Q3
33.404423,36.802246,Q3
24.8643,-30.237226,Q3
43.775963,55.05169,Q3
99.02413,-10.273904,Q3
-6.113757,-0.75080913,Q3
-85.54512,-35.343758,Q3
4.8102093,-12.504479,Q3
-15.942542,17.865997,Q3
-0.09055798,-32.60239,Q3
4.6304383,-11.525162,Q3
63.116154,-6.2192745,Q3
-52.514675,-27.178547,Q3
2.9608757,-36.873573,Q3
44.731327,23.158287,Q3
-43.770897,-9.569637,Q3
2.1943746,-25.413078,Q3
22.144299,12.962802,Q3
3.4616282,-45.782974,Q3
81.888466,-27.631926,Q3
65.768974,-51.23869,Q3
16.451813,-46.051537,Q3
17.66785,-41.863113,Q3
-52.074974,-27.21782,Q3
-15.566645,62.94519,Q3
-11.367208,-5.8438606,Q4
22.529034,-33.87305,Q4
17.73333,3.4730053,Q4
-0.3816233,-48.09699,Q4
-2.391916,-3.912685,Q4
2.9622164,-36.93295,Q4
7.923586,-45.19893,Q4
38.96814,3.4948442,Q4
58.981937,13.443429,Q4
51.374928,-4.7665367,Q4
-38.358593,-48.61065,Q4
37.316902,5.498092,Q4
9.522724,12.128512,Q4
4.2050505,-50.176464,Q4
-39.175194,-49.2526,Q4
-38.347813,-48.668667,Q4
-38.402874,-48.4327,Q4
4.177723,-43.942413,Q4
4.2009506,-11.588673,Q4
24.030434,4.5476465,Q4
-38.430664,-48.34718,Q4
-38.352528,-48.62909,Q4
10.611248,-29.392681,Q4
31.371445,0.22233325,Q4
16.403599,-46.055065,Q4
59.02426,13.4405155,Q4
-13.644974,-6.419383,Q4
31.376656,0.21056832,Q4
20.5637,-34.02697,Q4
17.308502,-37.15574,Q4
-36.889046,-46.585857,Q4
45.29457,13.853111,Q4
10.792941,-32.444622,Q4
-38.346134,-48.689026,Q4
4.1085305,-46.462444,Q4
35.408386,33.561897,Q4
31.534908,0.05967264,Q4
-54.231533,-17.81731,Q4
4.189108,-26.433208,Q4
-40.39651,-42.038815,Q4
17.335665,-37.101185,Q4
11.378769,-36.44347,Q4
4.6234894,-11.523727,Q4
109.911835,6.733808,Q4
9.618447,12.199425,Q4
-5.188095,-4.290424,Q4
-39.304916,-48.842476,Q4
8.8161955,-26.655083,Q4
9.4886055,-39.26524,Q4
109.75173,6.9899907,Q4
-19.800377,-47.018177,Q1 (mais barato)
43.616306,-31.308702,Q3
-13.064569,-8.35802,Q2
-5.3319554,-14.557122,Q2
-20.932991,-43.282063,Q2
80.72319,31.495918,Q1 (mais barato)
-15.749894,-50.39905,Q2
10.749739,-2.7304604,Q2
62.386616,39.585052,Q2
44.005314,-31.361834,Q2
43.617195,-31.310066,Q2
46.726852,-62.18685,Q1 (mais barato)
73.824326,3.437366,Q1 (mais barato)
-21.176746,-36.118202,Q2
1.6632886,25.88656,Q2
44.177006,-57.554752,Q1 (mais barato)
32.163376,-1.9353979,Q2
-85.11803,-35.592644,Q1 (mais barato)
-85.124794,-35.60457,Q1 (mais barato)
0.8988884,-7.4546227,Q2
-34.11917,-56.57163,Q2
4.917924,-19.870178,Q2
109.383255,6.9630747,Q2
81.45794,24.296291,Q2
68.421936,60.02829,Q2
-34.08938,-56.515846,Q3
54.576195,-1.4127156,Q3
-60.784103,-76.60843,Q1 (mais barato)
-0.5683058,-74.908035,Q1 (mais barato)
-1.3248899,-71.2017,Q1 (mais barato)
-18.49128,-54.54518,Q1 (mais barato)
-34.97934,-57.75474,Q1 (mais barato)
73.98337,62.14752,Q1 (mais barato)
-8.489193,-89.51743,Q1 (mais barato)
-9.3199415,-90.40306,Q1 (mais barato)
73.98317,62.147305,Q1 (mais barato)
23.475765,5.6931934,Q3
82.4318,-7.3360085,Q3
82.464,24.317698,Q3
28.691559,-3.4163017,Q1 (mais barato)
-1.6428301,-75.349884,Q1 (mais barato)
92.573326,19.230011,Q1 (mais barato)
92.676765,19.136295,Q1 (mais barato)
89.57453,20.823275,Q1 (mais barato)
89.444,20.995928,Q1 (mais barato)
77.6449,16.640892,Q1 (mais barato)
-19.804981,-47.08406,Q1 (mais barato)
-1.2405803,-71.21222,Q1 (mais barato)
80.72775,31.457577,Q1 (mais barato)
89.443054,21.002777,Q1 (mais barato)
77.64548,16.640043,Q1 (mais barato)
-10.361557,-23.40952,Q1 (mais barato)
-13.096169,-19.817919,Q1 (mais barato)
89.68375,17.4773,Q1 (mais barato)
-21.005642,-42.504147,Q1 (mais barato)
63.58769,-51.983883,Q1 (mais barato)
89.81809,25.272137,Q1 (mais barato)
-13.1073475,-19.843817,Q1 (mais barato)
89.445366,21.011505,Q1 (mais barato)
9.281624,-54.973717,Q1 (mais barato)
-25.416265,2.6940289,Q1 (mais barato)
85.73549,-47.936226,Q1 (mais barato)
84.03858,-49.652935,Q1 (mais barato)
56.846916,-53.054935,Q1 (mais barato)
56.772297,-53.27398,Q1 (mais barato)
80.7177,24.182629,Q1 (mais barato)
-13.13335,-19.865526,Q1 (mais barato)
-1.3061672,-71.21499,Q1 (mais barato)
10.185391,-3.0181093,Q1 (mais barato)
41.935715,-58.742367,Q1 (mais barato)
-15.956421,-41.621346,Q1 (mais barato)
79.56383,30.17725,Q1 (mais barato)
41.941837,-58.73781,Q1 (mais barato)
-16.651413,-20.56002,Q1 (mais barato)
51.5159,-3.2504144,Q1 (mais barato)
-19.36153,-82.57098,Q1 (mais barato)
-36.597034,-61.379547,Q1 (mais barato)
-34.047665,-58.527077,Q1 (mais barato)
65.2808,-3.0498075,Q1 (mais barato)
68.434685,60.035835,Q1 (mais barato)
-85.762054,-35.53861,Q1 (mais barato)
-19.400314,-82.722824,Q1 (mais barato)
73.985306,62.14761,Q1 (mais barato)
-19.36153,-82.57098,Q1 (mais barato)
34.280964,37.756348,Q1 (mais barato)
-4.9563875,-81.10336,Q1 (mais barato)
79.607285,23.275808,Q1 (mais barato)
-11.8474865,-18.457445,Q1 (mais barato)
39.341827,-36.260246,Q1 (mais barato)
39.38343,-36.265648,Q1 (mais barato)
-25.145384,-4.4265747,Q1 (mais barato)
-2.935066,-26.412601,Q1 (mais barato)
90.581726,20.596912,Q1 (mais barato)
-24.480167,-19.100235,Q1 (mais barato)
80.73706,31.494333,Q1 (mais barato)
54.553482,-20.629269,Q1 (mais barato)
-15.745123,-50.25773,Q1 (mais barato)
46.504242,-36.214893,Q1 (mais barato)
-1.2705437,-71.20346,Q1 (mais barato)
42.62028,-59.05041,Q1 (mais barato)
-1.7525862,-65.13831,Q1 (mais barato)
-1.4930274,-2.1620798,Q1 (mais barato)
90.58192,20.598341,Q1 (mais barato)
-11.862355,-13.690244,Q1 (mais barato)
-1.6326188,-2.7277038,Q1 (mais barato)
80.03471,26.489231,Q1 (mais barato)
-47.68995,-74.318375,Q1 (mais barato)
78.926315,2.8470383,Q1 (mais barato)
80.69699,24.168964,Q1 (mais barato)
-11.748927,-13.542029,Q1 (mais barato)
31.188335,-59.499985,Q1 (mais barato)
-20.948635,-43.947517,Q1 (mais barato)
-4.2257543,-20.251635,Q1 (mais barato)
79.45003,17.068813,Q1 (mais barato)
72.45925,29.564451,Q2
75.33678,6.143163,Q1 (mais barato)
91.023155,20.18223,Q1 (mais barato)
-1.3462957,-71.203926,Q1 (mais barato)
-10.2582,-37.667625,Q1 (mais barato)
90.60423,20.607418,Q1 (mais barato)
80.720505,31.50279,Q1 (mais barato)
-10.261198,-37.66387,Q1 (mais barato)
-10.265102,-37.644146,Q1 (mais barato)
-2.7805235,-71.36457,Q1 (mais barato)
-13.1239395,-8.357589,Q1 (mais barato)
-30.966764,-56.906128,Q1 (mais barato)
66.78187,59.23426,Q1 (mais barato)
-30.99778,-56.254787,Q1 (mais barato)
-30.946665,-56.068913,Q1 (mais barato)
13.381118,-41.60814,Q1 (mais barato)
-5.757032,-74.630684,Q1 (mais barato)
-31.0407,-56.32996,Q1 (mais barato)
69.47662,0.89113134,Q2
-30.90659,-56.124367,Q2
59.095,7.661451,Q1 (mais barato)
81.674866,-6.798577,Q1 (mais barato)
-2.6475732,-90.986374,Q1 (mais barato)
-20.672947,-44.029423,Q1 (mais barato)
87.23564,23.285917,Q1 (mais barato)
40.897083,-51.039692,Q4
76.462326,5.130116,Q3
24.939386,-18.703629,Q4
59.13879,18.665323,Q4
14.114197,-1.992675,Q2
-23.32918,-35.220825,Q5 (mais caro)
-2.633507,8.101657,Q3
12.184389,-14.304134,Q3
44.12332,46.05259,Q1 (mais barato)
-63.75632,21.66864,Q1 (mais barato)
-13.078443,-18.270006,Q2
11.744442,-4.303851,Q2
49.2995,69.27067,Q2
-2.220909,-31.660631,Q2
5.5220227,11.604314,Q2
-3.7123892,1.4021744,Q2
44.981335,-34.353706,Q3
38.961967,-14.568624,Q2
65.32832,-3.2994273,Q2
3.5453315,-45.715332,Q3
-10.401746,-39.097298,Q2
8.517696,-19.010448,Q3
67.65877,-3.513925,Q2
40.967445,-51.465656,Q3
45.143913,-34.157684,Q3
-7.708008,21.464209,Q3
-2.2853186,3.2062504,Q3
-10.400215,-39.089188,Q2
30.625702,-48.19726,Q2
44.209095,-39.805603,Q3
1.0242436,12.588927,Q3
-0.426741,7.0832496,Q3
-13.3284025,39.762188,Q3
-10.3971615,-39.083305,Q2
-1.5346863,-30.924086,Q2
44.48601,46.094173,Q2
-1.6901026,-29.229269,Q2
68.656235,-46.781746,Q2
-10.397511,-39.08343,Q3
-0.45597303,-42.731983,Q3
64.97206,-22.373201,Q3
2.6979616,2.3825505,Q3
-1.7229713,14.234865,Q2
4.1177816,-16.057957,Q2
42.28497,-31.417608,Q2
42.60817,-41.297,Q2
6.8421245,-62.244762,Q2
42.9171,-31.152733,Q2
41.47844,-61.97775,Q3
-46.41574,36.029648,Q3
1.3254917,-25.093277,Q3
51.41969,-4.855553,Q3
59.81812,38.802536,Q3
-24.672438,-5.250179,Q3
83.567635,-8.108734,Q3
43.55714,34.85052,Q3
29.7489,21.922787,Q3
81.16593,0.92041725,Q3
19.76484,-46.073948,Q3
19.738525,-46.142548,Q3
41.58211,-62.025368,Q3
25.723045,8.064939,Q3
29.74151,-23.03703,Q3
-2.2578762,-65.09219,Q3
43.130726,34.087864,Q3
32.954388,-28.790352,Q3
24.398724,86.34436,Q3
69.855644,56.013786,Q3
33.523872,-54.577423,Q3
58.962948,-35.450733,Q3
65.00646,-44.774036,Q4
68.321,-2.1722147,Q2
31.79899,-53.247314,Q4
82.46762,-28.516634,Q4
23.080284,86.26622,Q2
-3.8911374,8.461414,Q3
-12.291634,16.482382,Q3
59.462437,15.689676,Q3
25.480715,28.024702,Q3
14.260991,31.043201,Q3
15.933286,-19.526329,Q3
59.449768,24.54442,Q3
0.5040706,-67.65568,Q3
56.981865,-3.749586,Q3
6.920102,-57.398415,Q3
81.80875,0.7574465,Q4
62.047585,-42.20161,Q4
82.65753,-26.721642,Q4
7.7980366,-59.1757,Q4
31.79371,69.66434,Q2
58.85298,19.664412,Q2
47.483173,-49.954235,Q3
49.00725,-3.5607417,Q2
1.1104479,-68.23525,Q3
23.032433,-19.11659,Q4
9.305524,-18.473753,Q3
-7.412067,14.83906,Q4
5.7397428,-57.65416,Q4
-34.09465,-11.55376,Q2
-8.3297205,-27.74403,Q3
45.324154,45.38309,Q3
-23.11887,-35.516453,Q4
-22.499819,-35.91705,Q4
-22.502234,-35.91159,Q4
-22.502184,-35.911213,Q4
76.19583,-0.104574904,Q3
44.865227,-40.281967,Q3
-2.7766416,-24.082783,Q2
7.6594696,-14.055906,Q3
-5.0095153,-64.971275,Q3
22.194017,-18.590155,Q2
-22.51769,-35.88802,Q4
-26.572998,2.6998518,Q3
69.54166,58.821705,Q3
25.798294,-15.919799,Q4
102.62744,-9.119236,Q4
27.787024,-6.3680196,Q4
61.213158,-41.414787,Q3
54.04425,-41.633568,Q3
59.616642,-18.259459,Q2
45.7321,68.98056,Q2
28.758503,-61.181236,Q2
60.668064,13.573996,Q4
8.972406,-36.463318,Q5 (mais caro)
-37.979958,-52.313595,Q5 (mais caro)
19.513582,19.12531,Q2
-37.92894,-52.39485,Q2
32.762173,23.129957,Q3
29.616829,6.8827415,Q3
5.986217,-18.87615,Q3
5.95683,-18.425097,Q3
71.43073,30.038738,Q3
19.14538,-47.415733,Q3
15.296281,-37.012836,Q3
15.215678,-36.920876,Q4
76.84551,-45.18345,Q4
62.794567,-40.809647,Q4
81.054276,-27.608395,Q4
-43.79489,-9.530038,Q4
15.253534,-36.96936,Q4
7.057577,-32.269733,Q4
30.306644,20.992561,Q4
7.7185163,-7.723076,Q4
65.59534,-18.443287,Q4
-14.018016,-17.47009,Q1 (mais barato)
-14.028504,-17.010601,Q1 (mais barato)
-20.935755,-43.20415,Q1 (mais barato)
74.7967,6.643562,Q1 (mais barato)
-16.836075,-20.910875,Q1 (mais barato)
-25.047356,-4.0825725,Q1 (mais barato)
78.934326,-44.485924,Q1 (mais barato)
60.94591,-52.88121,Q1 (mais barato)
68.44322,-31.212133,Q1 (mais barato)
76.144775,4.547828,Q1 (mais barato)
83.306526,33.583195,Q1 (mais barato)
10.946223,-3.8020444,Q1 (mais barato)
37.83698,-58.377182,Q1 (mais barato)
46.492252,-63.46447,Q1 (mais barato)
68.81994,-31.202755,Q1 (mais barato)
-7.481817,-37.803585,Q1 (mais barato)
8.412867,-8.0130205,Q1 (mais barato)
81.5429,32.1181,Q1 (mais barato)
-38.737545,48.42862,Q1 (mais barato)
-7.4949484,-37.798084,Q1 (mais barato)
-32.8133,-6.0688887,Q1 (mais barato)
73.07152,29.799564,Q1 (mais barato)
-1.6715434,-65.2165,Q1 (mais barato)
-3.1724398,-2.8861156,Q2
68.488014,-31.207176,Q1 (mais barato)
-38.00646,-60.25956,Q1 (mais barato)
-35.452522,-59.501392,Q1 (mais barato)
-35.441,-59.504337,Q1 (mais barato)
-5.385888,65.720055,Q1 (mais barato)
-35.90962,-59.513233,Q1 (mais barato)
-35.445908,-59.49979,Q1 (mais barato)
-36.53464,-61.33171,Q1 (mais barato)
-91.72333,-33.746834,Q1 (mais barato)
-86.95109,-35.23051,Q1 (mais barato)
53.9923,26.710289,Q5 (mais caro)
66.96279,-17.326668,Q3
84.94583,-5.3314924,Q3
34.901093,-24.385128,Q4
37.243053,-46.438816,Q3
-2.0745187,11.909073,Q4
66.96333,-17.32557,Q3
74.83081,19.068098,Q2
84.29209,34.75383,Q3
-2.5539167,-3.9949067,Q3
-37.453827,-49.26585,Q3
109.51504,6.1292353,Q3
5.350182,-43.07743,Q3
33.506905,9.15907,Q4
81.197716,29.43159,Q1 (mais barato)
73.66116,5.4098625,Q1 (mais barato)
-10.926322,-18.112644,Q1 (mais barato)
79.76787,20.019403,Q1 (mais barato)
-62.081882,-68.25245,Q1 (mais barato)
-62.10228,-68.30296,Q1 (mais barato)
20.891882,-34.544437,Q1 (mais barato)
30.9365,-58.409985,Q1 (mais barato)
88.28693,20.747568,Q1 (mais barato)
-20.783792,-43.907597,Q1 (mais barato)
80.69569,24.154673,Q1 (mais barato)
-62.179222,-68.55454,Q1 (mais barato)
-10.177631,-41.661434,Q1 (mais barato)
-10.915153,-18.095848,Q1 (mais barato)
40.35902,-36.15815,Q1 (mais barato)
-19.155973,-42.860016,Q1 (mais barato)
-62.551567,-68.21804,Q1 (mais barato)
88.27127,20.769913,Q1 (mais barato)
-62.69506,-68.13419,Q1 (mais barato)
-62.728268,-68.29164,Q1 (mais barato)
-62.728573,-68.61932,Q1 (mais barato)
-62.82291,-68.62105,Q1 (mais barato)
88.261566,20.76681,Q1 (mais barato)
-63.241886,-68.28762,Q1 (mais barato)
67.86967,-31.578362,Q1 (mais barato)
-63.551777,-68.56166,Q1 (mais barato)
-63.551777,-68.56166,Q1 (mais barato)
-63.945778,-68.497025,Q1 (mais barato)
65.51581,5.302816,Q1 (mais barato)
73.6207,6.0179005,Q1 (mais barato)
-85.77445,-35.63285,Q1 (mais barato)
13.784147,-29.807167,Q1 (mais barato)
76.02338,4.964665,Q1 (mais barato)
0.62968296,-101.88164,Q1 (mais barato)
0.62968296,-101.88164,Q1 (mais barato)
0.62968296,-101.88164,Q1 (mais barato)
0.62968296,-101.88164,Q1 (mais barato)
65.97084,-68.37419,Q1 (mais barato)
-4.4357295,-81.20149,Q1 (mais barato)
66.036415,-68.37145,Q1 (mais barato)
66.038086,-68.37153,Q1 (mais barato)
-1.8127996,-102.43961,Q1 (mais barato)
0.62957585,-101.88113,Q1 (mais barato)
-1.8201115,-102.43916,Q1 (mais barato)
65.05317,-67.92066,Q1 (mais barato)
65.06505,-67.9581,Q1 (mais barato)
65.05315,-67.92076,Q1 (mais barato)
65.05312,-67.92101,Q1 (mais barato)
0.62957585,-101.88113,Q1 (mais barato)
0.62957585,-101.88113,Q1 (mais barato)
-1.8768724,-81.44025,Q1 (mais barato)
84.180984,-49.50342,Q1 (mais barato)
-1.8478495,-81.360725,Q1 (mais barato)
-1.8487165,-81.26975,Q1 (mais barato)
79.420876,17.090918,Q1 (mais barato)
-60.66251,-76.226395,Q1 (mais barato)
79.32781,23.490618,Q1 (mais barato)
-8.489193,-89.51743,Q1 (mais barato)
-8.489193,-89.51743,Q1 (mais barato)
-9.3177,-90.39988,Q1 (mais barato)
77.40944,17.449293,Q1 (mais barato)
87.75225,22.393827,Q1 (mais barato)
-57.023594,-86.68378,Q1 (mais barato)
68.148674,-31.124994,Q1 (mais barato)
-57.01309,-86.672714,Q1 (mais barato)
-12.078866,-17.987993,Q1 (mais barato)
-56.99898,-86.6548,Q1 (mais barato)
30.605791,-60.736313,Q1 (mais barato)
-56.968292,-86.617004,Q1 (mais barato)
30.336937,-59.957104,Q1 (mais barato)
-0.85371965,-76.720184,Q1 (mais barato)
46.734035,-62.18633,Q1 (mais barato)
51.557487,-45.666943,Q1 (mais barato)
45.194706,-56.28409,Q1 (mais barato)
-56.86949,-86.54504,Q1 (mais barato)
-56.814594,-86.541695,Q1 (mais barato)
-56.728897,-86.45434,Q1 (mais barato)
-56.644913,-86.4005,Q1 (mais barato)
65.90088,3.289702,Q1 (mais barato)
-35.97914,-55.881416,Q1 (mais barato)
-35.576923,-56.310497,Q1 (mais barato)
-10.305674,-96.58503,Q1 (mais barato)
-11.337381,-96.72316,Q1 (mais barato)
73.98307,62.146877,Q1 (mais barato)
-10.305674,-96.58503,Q1 (mais barato)
-10.305674,-96.58503,Q1 (mais barato)
64.6497,-64.87208,Q1 (mais barato)
66.30193,-66.53827,Q1 (mais barato)
66.25362,-66.514175,Q1 (mais barato)
66.30141,-66.53819,Q1 (mais barato)
-10.305674,-96.58503,Q1 (mais barato)
1.8655832,-55.803955,Q1 (mais barato)
42.32835,-47.13824,Q2
-15.817445,-41.5697,Q2
21.825155,-32.57148,Q5 (mais caro)
-1.5569502,-75.28376,Q1 (mais barato)
30.622332,-60.77326,Q1 (mais barato)
83.697975,-48.287514,Q1 (mais barato)
83.06722,-48.47426,Q1 (mais barato)
83.69916,-48.288403,Q1 (mais barato)
56.66871,-53.184,Q1 (mais barato)
63.557606,-52.012844,Q1 (mais barato)
85.55399,-47.950554,Q1 (mais barato)
82.89925,-48.18924,Q1 (mais barato)
82.77946,-48.914734,Q1 (mais barato)
79.96801,26.459595,Q1 (mais barato)
46.766586,-63.408695,Q1 (mais barato)
77.79187,17.665909,Q1 (mais barato)
79.77073,20.003176,Q1 (mais barato)
44.585384,-58.24786,Q1 (mais barato)
86.62803,20.267935,Q1 (mais barato)
44.246124,-57.58831,Q1 (mais barato)
82.82992,21.10309,Q1 (mais barato)
75.28465,29.939716,Q1 (mais barato)
86.60938,20.299704,Q1 (mais barato)
81.937584,-51.344944,Q1 (mais barato)
83.93843,-48.41432,Q1 (mais barato)
-58.822254,-80.166275,Q1 (mais barato)
68.337524,-63.57924,Q1 (mais barato)
-23.40973,-90.07413,Q1 (mais barato)
-84.676674,-34.991535,Q1 (mais barato)
-34.042324,-58.500385,Q1 (mais barato)
-23.410307,-90.07489,Q1 (mais barato)
-23.409819,-90.0743,Q1 (mais barato)
-23.410488,-90.075005,Q1 (mais barato)
-23.410112,-90.07463,Q1 (mais barato)
-23.410574,-90.07507,Q1 (mais barato)
-23.410988,-90.07547,Q1 (mais barato)
101.85958,-12.317422,Q5 (mais caro)
2.295354,-33.78543,Q5 (mais caro)
-20.984404,-43.22438,Q5 (mais caro)
-9.485871,-38.027203,Q5 (mais caro)
7.6576724,-13.107741,Q5 (mais caro)
32.321274,-31.996437,Q5 (mais caro)
12.196787,-36.401695,Q5 (mais caro)
-38.83373,-43.880783,Q5 (mais caro)
-37.455906,-53.59217,Q4
-11.369696,-23.331219,Q2
-25.031506,-4.570436,Q2
8.496371,-39.016823,Q1 (mais barato)
1.6120979,-4.377094,Q1 (mais barato)
27.674364,-6.2653685,Q1 (mais barato)
79.58717,-9.688414,Q1 (mais barato)
-3.7431216,-0.058377773,Q2
-4.3029647,-27.011093,Q2
31.509912,-2.9907887,Q2
30.150562,-64.61074,Q2
47.329,-35.51272,Q1 (mais barato)
46.975475,-40.85587,Q2
40.307034,-62.361977,Q1 (mais barato)
46.608624,-36.245964,Q2
-6.811453,-39.233112,Q5 (mais caro)
-6.777544,-39.494144,Q1 (mais barato)
-6.808749,-39.228886,Q3
-14.79297,-18.361015,Q1 (mais barato)
53.833527,-22.11932,Q1 (mais barato)
59.581505,40.466137,Q1 (mais barato)
12.0034895,-25.247753,Q2
-13.209619,-6.4063277,Q2
-14.009129,-17.477285,Q1 (mais barato)
-28.656647,-5.5966625,Q1 (mais barato)
-1.1705729,-64.28238,Q3
26.930168,23.277267,Q5 (mais caro)
10.391256,-5.1421986,Q3
-16.708412,-20.349579,Q4
84.7987,-2.4145217,Q4
98.942184,-10.827363,Q3
39.09699,45.9472,Q4
108.56463,7.3105445,Q4
-15.666818,-50.693336,Q2
35.743397,-23.568981,Q4
30.415478,-19.88577,Q4
44.996124,47.142178,Q4
28.907015,9.150586,Q3
-11.511936,-15.95553,Q5 (mais caro)
-5.8736434,-68.130035,Q4
66.88128,-18.903109,Q5 (mais caro)
73.88868,29.041832,Q3
10.107646,-5.2506924,Q4
28.980566,-44.04411,Q4
13.04541,-12.208092,Q4
-1.3757583,-64.5835,Q5 (mais caro)
47.921597,-10.966429,Q4
12.076063,33.905678,Q3
27.872887,-54.05761,Q3
30.24483,-11.808013,Q3
-11.457212,-38.05011,Q5 (mais caro)
-11.325458,-72.74051,Q4
8.642196,69.11607,Q4
-10.756061,-15.576152,Q3
-21.68546,-43.08327,Q5 (mais caro)
44.315525,47.109276,Q5 (mais caro)
-5.384649,65.737526,Q5 (mais caro)
-36.265312,-45.153816,Q5 (mais caro)
-36.43154,-53.69189,Q3
34.305336,-38.164814,Q4
4.7690916,-12.100985,Q4
47.525986,12.363399,Q4
-3.1968093,-2.9160202,Q4
83.39859,-3.3132725,Q4
33.776104,-4.214528,Q4
44.25392,47.941624,Q4
57.846058,40.803333,Q4
-85.13167,-35.55445,Q4
46.85627,-62.149708,Q2
1.9919987,12.262247,Q3
2.7063737,2.427176,Q2
24.37167,-10.860772,Q2
2.9584334,0.06622209,Q2
55.724987,-23.597425,Q3
-8.848118,-37.588905,Q2
-1.2825732,-2.498356,Q2
23.301214,-20.713163,Q3
61.558186,43.45334,Q3
74.75057,1.3411,Q4
-11.332229,-5.8561983,Q2
30.815071,8.943955,Q3
-11.431681,26.627384,Q3
25.22605,7.2632017,Q3
6.842964,-24.761456,Q3
13.035652,-42.81461,Q4
80.63535,3.4255605,Q1 (mais barato)
-9.109524,-38.88478,Q2
61.48596,-3.3841453,Q1 (mais barato)
-9.095459,-39.223198,Q1 (mais barato)
46.95068,-40.878727,Q2
-9.901536,-14.984669,Q2
82.02534,1.116562,Q2
4.656897,-46.35641,Q2
41.06574,-6.977883,Q1 (mais barato)
43.850277,63.906883,Q2
8.824714,-0.96384513,Q2
-21.911865,-1.3346123,Q1 (mais barato)
56.26367,21.045485,Q2
15.121146,-38.592484,Q2
4.039123,-16.324453,Q2
43.187824,-31.231941,Q2
-8.985919,-40.32306,Q1 (mais barato)
78.09359,-12.400698,Q1 (mais barato)
-1.5644174,-75.27648,Q1 (mais barato)
41.041878,-56.876354,Q1 (mais barato)
9.43111,-5.6851826,Q1 (mais barato)
-11.664783,-17.151596,Q1 (mais barato)
-8.583513,-42.410896,Q1 (mais barato)
77.78848,17.659763,Q1 (mais barato)
79.017975,-44.77399,Q1 (mais barato)
89.79018,25.221165,Q1 (mais barato)
83.27163,18.427923,Q1 (mais barato)
9.470723,-6.025581,Q1 (mais barato)
53.226856,-23.751879,Q1 (mais barato)
80.639175,31.188438,Q1 (mais barato)
30.267336,-33.22711,Q1 (mais barato)
89.18808,21.996687,Q1 (mais barato)
79.75315,19.994764,Q1 (mais barato)
-20.93197,-43.98019,Q1 (mais barato)
-19.802248,-47.01947,Q1 (mais barato)
-0.29207158,-71.077484,Q1 (mais barato)
80.644165,31.352503,Q1 (mais barato)
-2.2513864,12.0497875,Q1 (mais barato)
5.811466,-65.82543,Q1 (mais barato)
-53.237854,-82.18579,Q1 (mais barato)
-18.051758,-86.736176,Q1 (mais barato)
46.927452,14.05245,Q1 (mais barato)
-85.815445,-36.06775,Q1 (mais barato)
-32.92025,-59.310627,Q1 (mais barato)
-32.884945,-59.324524,Q1 (mais barato)
61.82869,1.5538456,Q1 (mais barato)
-32.86223,-59.333767,Q1 (mais barato)
-18.186283,-86.0461,Q1 (mais barato)
-18.051537,-86.73898,Q1 (mais barato)
-18.051939,-86.73653,Q1 (mais barato)
-18.052076,-86.73674,Q1 (mais barato)
78.165085,17.448599,Q1 (mais barato)
30.24634,8.139019,Q3
23.193317,-77.17631,Q1 (mais barato)
35.492153,8.213432,Q2
-26.533958,-8.085751,Q2
40.712868,-81.690636,Q2
23.12936,-76.315674,Q2
19.388186,-74.662674,Q5 (mais caro)
23.615923,-72.63226,Q3
23.616156,-72.63237,Q3
32.929066,-86.30077,Q2
30.110731,-14.489841,Q5 (mais caro)
18.029398,-78.38653,Q5 (mais caro)
34.25008,-0.5448565,Q2
32.91631,22.888075,Q3
25.265182,-80.58329,Q5 (mais caro)
11.037033,-4.6352386,Q4
34.099773,9.045119,Q5 (mais caro)
-49.80379,-26.094046,Q4
38.658817,-31.480932,Q1 (mais barato)
27.65292,-75.19349,Q1 (mais barato)
22.468927,-83.27984,Q1 (mais barato)
-26.75966,-7.8257904,Q1 (mais barato)
-41.746418,-80.73342,Q1 (mais barato)
40.47263,-80.613205,Q1 (mais barato)
66.10002,-19.221527,Q2
-11.819307,-16.179577,Q1 (mais barato)
-42.402885,-80.54077,Q1 (mais barato)
-26.70418,-7.3503914,Q1 (mais barato)
-42.402786,-80.54084,Q1 (mais barato)
-44.58153,-74.6781,Q1 (mais barato)
40.30563,-82.04017,Q1 (mais barato)
-42.421906,-80.55233,Q1 (mais barato)
-42.421906,-80.55233,Q1 (mais barato)
41.259113,-81.73685,Q1 (mais barato)
42.068966,-81.84237,Q1 (mais barato)
42.068966,-81.84237,Q1 (mais barato)
63.723644,-70.81353,Q1 (mais barato)
43.115414,-80.69077,Q1 (mais barato)
43.115414,-80.69077,Q1 (mais barato)
43.115414,-80.69077,Q1 (mais barato)
42.068966,-81.84237,Q1 (mais barato)
-46.78194,81.74156,Q1 (mais barato)
-28.69649,-6.167901,Q2
28.647387,-79.46906,Q5 (mais caro)
26.92496,-80.45866,Q4
13.793664,-18.567337,Q5 (mais caro)
23.25731,-76.710655,Q5 (mais caro)
23.14453,-76.430336,Q5 (mais caro)
23.5081,-76.941536,Q4
14.833774,-75.32345,Q4
61.829163,1.5578212,Q1 (mais barato)
-21.967773,-1.6095028,Q3
40.4193,-7.5260797,Q4
-26.570187,-8.265821,Q3
23.887827,4.347597,Q3
2.1108913,-59.06043,Q2
27.297703,-78.61758,Q1 (mais barato)
40.35715,-80.61297,Q4
-42.365433,-80.56153,Q1 (mais barato)
41.9656,-79.717094,Q1 (mais barato)
42.065273,-82.0305,Q1 (mais barato)
27.74726,-81.02156,Q1 (mais barato)
27.75022,-81.016,Q1 (mais barato)
24.033127,-91.452095,Q1 (mais barato)
-95.24615,20.724669,Q1 (mais barato)
-12.041748,-15.971307,Q5 (mais caro)
26.094158,-76.60681,Q4
59.991135,-23.528639,Q4
57.894768,-25.954857,Q4
-30.463179,4.339862,Q5 (mais caro)
15.085024,-75.27275,Q4
-26.695412,-7.938904,Q2
47.130047,-41.393738,Q1 (mais barato)
28.251999,-74.62078,Q1 (mais barato)
-1.4916028,-75.039604,Q1 (mais barato)
42.259167,45.47673,Q4
36.096615,-35.15003,Q3
17.73331,-41.624336,Q5 (mais caro)
59.036266,22.237053,Q5 (mais caro)
-8.711509,22.657433,Q4
-26.918709,3.058767,Q4
26.11415,79.797066,Q5 (mais caro)
36.77102,-52.36055,Q4
53.418434,2.2779813,Q2
-28.6253,-28.483711,Q5 (mais caro)
85.6604,-28.203402,Q5 (mais caro)
85.669495,-28.205454,Q5 (mais caro)
85.66098,-28.203924,Q5 (mais caro)
46.5936,-18.652676,Q3
-1.0170622,-58.59456,Q3
1.9836009,12.302132,Q3
24.496523,-49.412228,Q3
-1.2176647,-4.4288573,Q3
51.047256,68.79668,Q3
11.040882,-0.6605359,Q2
62.57994,13.704528,Q3
62.504147,41.83869,Q3
43.92604,34.485413,Q2
15.3667,29.159613,Q2
60.729603,23.20428,Q4
53.555294,-26.063683,Q3
17.62854,3.0391762,Q4
36.034428,-17.197132,Q5 (mais caro)
17.990416,-38.116802,Q4
84.748276,-6.450532,Q5 (mais caro)
86.35862,29.949461,Q3
-11.044046,4.562269,Q3
27.595634,-26.22546,Q4
60.565247,12.938708,Q5 (mais caro)
87.155464,-7.9785085,Q5 (mais caro)
60.709686,23.197002,Q3
82.151985,1.0949969,Q4
21.497585,-35.655025,Q5 (mais caro)
80.54065,-5.150527,Q4
62.772747,-51.19354,Q1 (mais barato)
27.853539,-26.56756,Q4
61.217224,-45.152153,Q4
75.3636,-10.483542,Q5 (mais caro)
39.44474,-52.01178,Q5 (mais caro)
-30.494402,4.4601083,Q5 (mais caro)
-36.140675,-40.388195,Q5 (mais caro)
39.68124,15.709568,Q5 (mais caro)
-36.151176,-30.412708,Q5 (mais caro)
15.184435,56.963493,Q3
75.18868,-14.876463,Q3
-3.0343924,-7.6812825,Q3
-7.508474,-5.91641,Q3
-43.92161,-47.97771,Q3
9.512776,-33.07298,Q3
29.222527,-0.6285204,Q4
-17.502028,21.3965,Q4
23.90999,-33.455875,Q4
-35.5012,-36.27921,Q4
25.320108,7.536654,Q4
-35.74784,-36.69552,Q4
61.51312,-44.389027,Q2
38.248657,-36.985146,Q2
53.907806,-54.765198,Q1 (mais barato)
60.35032,-45.176662,Q1 (mais barato)
56.55713,39.436607,Q3
18.862812,16.810848,Q2
-34.72444,-48.833523,Q2
24.201733,-34.10429,Q2
-34.71584,-48.87182,Q3
0.51998997,7.275885,Q5 (mais caro)
60.48953,38.777946,Q5 (mais caro)
48.2625,-36.49994,Q3
59.029957,-35.1756,Q5 (mais caro)
35.954155,-34.65659,Q5 (mais caro)
-15.881404,6.6105814,Q3
15.0656595,-23.300245,Q4
-17.565067,-14.640052,Q5 (mais caro)
2.3274236,-54.53564,Q5 (mais caro)
33.226337,-33.608425,Q5 (mais caro)
-14.264557,-33.87468,Q3
30.75703,-39.55135,Q5 (mais caro)
9.082936,-65.17415,Q5 (mais caro)
27.444633,80.612854,Q5 (mais caro)
-3.6389463,-62.35059,Q5 (mais caro)
100.941246,-12.973561,Q5 (mais caro)
54.51466,32.53581,Q5 (mais caro)
33.241604,-33.296585,Q5 (mais caro)
9.106639,16.491158,Q5 (mais caro)
81.260735,-5.05211,Q5 (mais caro)
100.25739,-34.684498,Q5 (mais caro)
100.25739,-34.684498,Q5 (mais caro)
100.111404,-34.881466,Q5 (mais caro)
102.58441,-7.208865,Q5 (mais caro)
-19.350615,12.52415,Q2
-21.922272,9.66137,Q2
-24.19657,-7.037958,Q2
7.897315,66.058624,Q3
75.55181,-14.968988,Q2
14.252632,27.876678,Q3
-14.216256,-33.907993,Q2
-17.746223,7.3928547,Q3
-24.183975,-7.0512724,Q2
24.746796,-59.885662,Q3
-2.761683,-14.254123,Q3
45.686802,-38.678463,Q3
-21.978468,9.62961,Q3
24.77178,-59.86551,Q2
37.609474,-22.55459,Q5 (mais caro)
26.967115,-61.40221,Q3
71.66613,-8.847857,Q3
58.960056,24.797728,Q3
25.72913,7.863026,Q3
18.24771,1.0266101,Q4
6.355067,64.28741,Q3
0.18552983,5.0447736,Q3
29.333193,24.213343,Q4
77.04454,5.671487,Q2
66.60429,-19.70401,Q4
105.65854,5.385823,Q4
-13.627245,8.834965,Q5 (mais caro)
62.104088,-13.873625,Q4
25.577314,5.8353405,Q5 (mais caro)
28.13026,-23.078688,Q5 (mais caro)
28.170124,-23.051159,Q5 (mais caro)
-3.664673,-60.35147,Q5 (mais caro)
25.532915,5.673368,Q5 (mais caro)
15.054036,-31.525686,Q5 (mais caro)
41.719193,-30.750814,Q5 (mais caro)
87.25065,-8.0564785,Q5 (mais caro)
98.97528,-34.55962,Q5 (mais caro)
12.15338,-40.40127,Q5 (mais caro)
-39.457542,-29.429033,Q5 (mais caro)
-36.69405,-38.252647,Q5 (mais caro)
25.237757,11.83843,Q5 (mais caro)
25.2245,7.2194924,Q5 (mais caro)
-1.1935195,-48.48102,Q5 (mais caro)
44.62527,2.1022663,Q5 (mais caro)
14.567927,-43.83885,Q5 (mais caro)
5.064262,-32.55822,Q5 (mais caro)
-37.32549,-24.827053,Q5 (mais caro)
11.335465,-31.495928,Q5 (mais caro)
-0.83018637,-76.543816,Q2
-52.46003,-38.23984,Q2
14.5557785,-44.12108,Q5 (mais caro)
69.754,-47.535614,Q2
31.976456,-3.5755866,Q3
21.34436,-34.403828,Q3
9.302627,-32.877277,Q3
8.347722,-32.611637,Q3
29.550236,7.789994,Q3
-1.7914239,-11.269825,Q3
-15.611845,59.079197,Q3
7.3852587,-32.192497,Q4
60.741432,-6.725348,Q4
2.621919,25.44432,Q2
81.68275,3.5270967,Q2
-24.71777,-32.11629,Q3
-4.306583,-75.99468,Q1 (mais barato)
54.38853,-54.800632,Q3
44.36604,75.01562,Q2
56.804447,-53.553402,Q3
59.970814,-29.664028,Q2
-12.973425,-33.502846,Q2
-12.976562,-33.501408,Q2
59.787537,-21.132053,Q2
41.310287,-61.85371,Q3
7.5264363,-18.327631,Q3
-12.990015,-33.48327,Q1 (mais barato)
65.22469,38.642376,Q3
27.796402,-5.7320256,Q2
-23.143225,-6.4073253,Q2
48.335854,-36.272175,Q3
60.25574,-0.6244312,Q4
45.002277,-40.195873,Q3
45.964825,-60.4856,Q4
65.70223,2.1092274,Q2
48.27443,-36.486958,Q2
14.792265,-40.981266,Q2
14.7960615,-40.977985,Q3
-17.992754,-42.222095,Q3
-36.151814,-36.713448,Q3
-4.4657044,-75.86789,Q4
31.508192,-2.897676,Q5 (mais caro)
-20.075272,-5.502549,Q4
33.081013,7.395524,Q2
56.341846,-24.002247,Q3
-15.905874,6.618261,Q3
51.325325,-43.754223,Q4
34.927616,3.1080046,Q4
64.0811,-61.21261,Q5 (mais caro)
86.5888,-48.204704,Q2
31.044714,24.329338,Q2
6.9684496,-6.8172245,Q4
38.36339,-43.16547,Q5 (mais caro)
2.3143535,-33.69293,Q5 (mais caro)
17.014715,-46.22815,Q5 (mais caro)
75.2356,0.66994005,Q3
42.329636,-47.137928,Q4
55.67718,38.9113,Q5 (mais caro)
-3.2563584,-18.469412,Q4
63.962856,-17.716934,Q5 (mais caro)
39.364964,18.454876,Q5 (mais caro)
-23.564186,6.9996333,Q5 (mais caro)
24.906801,12.111012,Q5 (mais caro)
-7.4197655,10.081638,Q3
35.23753,-17.704374,Q5 (mais caro)
-23.788406,6.2892566,Q5 (mais caro)
-14.074679,15.001992,Q4
-18.25057,-29.861454,Q4
-23.100801,-32.633484,Q3
-25.473473,-22.778582,Q5 (mais caro)
-1.7974643,19.175503,Q2
-2.107223,11.969625,Q2
44.984425,-40.224804,Q2
85.87041,-8.747865,Q5 (mais caro)
11.740693,-1.183548,Q3
60.631824,24.360718,Q3
-3.35959,-64.17369,Q3
61.601067,43.116924,Q2
5.5340266,-65.05687,Q2
-15.79214,6.901764,Q2
-25.093336,-29.597782,Q3
25.245548,-32.717403,Q3
-23.097006,-6.6890497,Q4
-20.047112,-5.296516,Q2
-2.649333,7.9006143,Q2
19.03099,48.66961,Q3
10.560325,66.45078,Q4
59.899944,42.704525,Q3
39.30953,-0.53316635,Q2
59.031616,19.586626,Q5 (mais caro)
41.197308,-39.788033,Q3
83.08256,21.500057,Q2
76.97198,-12.407586,Q3
44.349712,47.716953,Q4
-38.114994,-8.481376,Q3
-1.8753247,11.776292,Q4
-21.920736,-6.72984,Q1 (mais barato)
99.970085,-9.430251,Q4
6.8703494,-61.81791,Q4
28.453423,-61.32335,Q3
38.31976,48.014004,Q4
9.538632,-24.055897,Q4
65.85468,-0.34368923,Q4
-12.18652,5.8228264,Q3
82.45686,-3.5842614,Q4
-13.995905,-35.280006,Q2
68.80275,58.067886,Q3
9.492123,-16.017214,Q4
52.57909,-26.265005,Q4
63.13947,-23.124945,Q4
11.898817,-24.57099,Q3
65.411575,-3.4385068,Q4
37.33199,-15.3760605,Q4
21.237532,-6.2444506,Q2
-22.50784,-7.905193,Q3
57.77839,17.547554,Q3
62.039894,-1.3098117,Q4
60.8033,23.250868,Q2
-23.122618,13.674443,Q3
31.931173,-1.9842288,Q5 (mais caro)
39.369476,-52.428825,Q4
28.700235,-56.115723,Q4
31.885511,20.61401,Q4
31.862299,-2.3852935,Q4
-23.433588,-7.2951465,Q2
29.146025,-2.569819,Q4
-13.911069,-35.41353,Q5 (mais caro)
30.748898,-7.2417045,Q3
-23.342619,-7.5259275,Q3
13.419224,-12.723449,Q5 (mais caro)
20.551516,-39.659016,Q5 (mais caro)
-35.528667,-36.014942,Q5 (mais caro)
66.32219,59.068825,Q5 (mais caro)
20.555073,-39.666344,Q5 (mais caro)
20.707155,-40.615166,Q5 (mais caro)
-5.0628905,-5.9574914,Q5 (mais caro)
-37.310818,-35.92071,Q5 (mais caro)
17.607222,5.3689766,Q5 (mais caro)
2.2289374,-7.3280287,Q5 (mais caro)
64.979515,5.4318395,Q2
12.537339,-23.379618,Q2
61.97726,39.75453,Q2
-13.31558,-6.486922,Q2
65.289955,-43.124416,Q2
74.71114,-15.81087,Q3
-31.309086,-51.84646,Q3
23.074677,-32.317066,Q3
64.90211,38.867157,Q3
21.651043,-9.738413,Q3
-31.302832,-51.83049,Q3
-4.639189,0.5911376,Q3
68.96309,-44.25936,Q3
65.609634,-3.5782912,Q3
84.698265,-28.993761,Q3
68.79496,-44.82599,Q3
84.73966,-28.991156,Q4
-12.21755,19.366386,Q4
4.7803674,-32.60516,Q4
22.665869,-32.265915,Q4
64.75459,-4.9531846,Q4
4.669717,-41.206104,Q4
20.516794,-39.60864,Q4
62.002068,-6.9576373,Q4
6.5451975,-32.45615,Q4
38.817856,-16.827215,Q4
38.13904,-22.758938,Q5 (mais caro)
27.772516,-11.615273,Q4
39.513905,-6.38038,Q4
43.37404,-39.08189,Q3
43.854168,47.691593,Q3
-2.8124554,13.775267,Q4
38.76694,-45.098873,Q4
35.708694,-43.871647,Q5 (mais caro)
66.427864,-0.5729863,Q3
14.404371,-14.113844,Q4
6.1944237,-5.635835,Q4
19.531351,4.2502747,Q4
-3.6282873,-61.879234,Q3
6.616115,15.61327,Q4
-31.366703,-21.764479,Q4
35.822166,-9.733966,Q5 (mais caro)
-17.34992,-32.10636,Q4
27.830515,65.66559,Q4
4.4754214,-47.188408,Q5 (mais caro)
-11.327988,19.261507,Q5 (mais caro)
3.8951116,-10.3293,Q4
3.2370865,-68.837166,Q4
1.2283231,-74.95022,Q5 (mais caro)
18.134535,4.6294723,Q4
62.60749,-8.102735,Q5 (mais caro)
-3.246526,-50.043934,Q5 (mais caro)
-22.450827,2.1042461,Q4
32.68643,-37.14554,Q5 (mais caro)
24.861042,12.1312895,Q5 (mais caro)
35.94517,-19.434656,Q5 (mais caro)
36.424576,-11.36575,Q5 (mais caro)
30.689686,-19.84056,Q5 (mais caro)
64.41142,-3.7264333,Q5 (mais caro)
-10.47694,4.748726,Q5 (mais caro)
86.40292,-6.4479885,Q5 (mais caro)
3.8216217,-47.861004,Q5 (mais caro)
45.11569,11.767683,Q5 (mais caro)
32.255604,37.44011,Q5 (mais caro)
3.793544,8.544671,Q4
45.255962,43.575848,Q5 (mais caro)
74.17728,0.11256211,Q5 (mais caro)
8.955528,-16.400276,Q5 (mais caro)
16.871843,15.578441,Q5 (mais caro)
21.446047,-20.882309,Q5 (mais caro)
103.283875,-9.918924,Q5 (mais caro)
32.50711,-37.105255,Q5 (mais caro)
-21.819128,42.314404,Q5 (mais caro)
73.147964,1.2939532,Q5 (mais caro)
31.593998,-39.892487,Q5 (mais caro)
36.412304,-19.613863,Q5 (mais caro)
-1.6190342,-61.7376,Q4
39.86072,-20.123491,Q5 (mais caro)
28.054644,22.439903,Q4
-1.9622575,-14.456092,Q4
9.005042,5.0210853,Q5 (mais caro)
-15.641918,5.1007338,Q3
6.617969,-18.78792,Q5 (mais caro)
-37.317844,-33.539417,Q5 (mais caro)
65.44499,-18.161446,Q5 (mais caro)
-39.56098,-17.46591,Q5 (mais caro)
84.251945,-7.0157833,Q5 (mais caro)
44.128475,-26.348484,Q5 (mais caro)
20.310736,-41.615124,Q5 (mais caro)
39.854248,19.912594,Q5 (mais caro)
20.155882,-41.248592,Q5 (mais caro)
102.23205,-11.129943,Q5 (mais caro)
20.183647,-41.274647,Q5 (mais caro)
28.657156,21.008076,Q5 (mais caro)
-42.70401,-25.081213,Q5 (mais caro)
-30.62805,-52.078716,Q2
20.347317,-41.487843,Q5 (mais caro)
-1.2692063,-38.361275,Q3
17.130856,87.059746,Q3
78.93269,-6.632793,Q4
21.351562,-41.304157,Q5 (mais caro)
51.262016,-2.5689628,Q4
68.050606,-31.24457,Q1 (mais barato)
30.214981,-59.713142,Q1 (mais barato)
45.022186,-36.459095,Q1 (mais barato)
-16.372036,-15.080799,Q1 (mais barato)
12.17181,-25.263815,Q2
-3.746097,-5.451952,Q2
-12.245531,-31.974045,Q1 (mais barato)
44.001366,-57.344837,Q1 (mais barato)
-15.67147,-3.7012994,Q1 (mais barato)
-12.339337,-32.281937,Q1 (mais barato)
35.403423,-63.485016,Q1 (mais barato)
66.52003,55.83097,Q2
-21.797148,-33.77829,Q1 (mais barato)
-12.70709,-34.330517,Q1 (mais barato)
-13.270141,-8.461914,Q1 (mais barato)
90.623314,23.232012,Q1 (mais barato)
5.901722,-65.863785,Q1 (mais barato)
-30.21445,-52.951244,Q1 (mais barato)
18.060743,4.6432505,Q4
82.72598,-26.09521,Q5 (mais caro)
37.11314,-13.893568,Q4
37.54268,-16.211824,Q5 (mais caro)
37.117302,-13.883006,Q5 (mais caro)
-24.243956,-28.523788,Q5 (mais caro)
58.940807,13.441037,Q4
-7.4164176,-28.11457,Q4
35.8725,-16.665743,Q5 (mais caro)
-16.06903,-30.57785,Q3
-33.462833,-22.069927,Q5 (mais caro)
55.140736,38.96981,Q5 (mais caro)
44.816914,21.573097,Q3
76.14411,22.51079,Q3
45.123985,21.255697,Q3
33.496033,23.587952,Q2
-7.656463,-7.3125925,Q2
-24.105844,-7.671924,Q2
59.523403,-0.54807276,Q3
77.12062,-0.8585512,Q3
83.08968,21.508186,Q3
48.483097,-6.4058805,Q3
-16.786482,-31.811817,Q3
57.33556,42.594803,Q3
-12.182351,5.793962,Q3
57.155945,11.425309,Q5 (mais caro)
-16.17172,-34.42602,Q2
-23.940868,3.1235297,Q5 (mais caro)
30.470577,10.315706,Q5 (mais caro)
-15.819586,16.676258,Q5 (mais caro)
24.036638,-39.018547,Q5 (mais caro)
-1.8494834,-48.487583,Q5 (mais caro)
57.127953,-17.695442,Q5 (mais caro)
-32.98344,-44.921017,Q3
9.768248,18.141832,Q3
60.036915,-15.79836,Q3
30.749691,9.048809,Q4
-29.929106,-50.91485,Q4
24.12539,-30.915525,Q4
7.3190274,-21.33769,Q3
42.038,14.943756,Q3
40.994095,73.494896,Q3
11.45759,-27.151224,Q3
47.272766,-37.36796,Q1 (mais barato)
-24.614206,-6.397042,Q1 (mais barato)
-38.078514,-1.7446423,Q1 (mais barato)
43.321243,35.774548,Q2
-1.6876616,7.49319,Q2
-32.1013,-45.533348,Q3
45.435043,-59.89455,Q2
44.963135,-40.226784,Q3
-1.2567776,-2.7836704,Q3
49.12947,-39.112263,Q2
43.354176,-56.957558,Q3
46.767868,-62.090103,Q1 (mais barato)
53.165672,-54.39554,Q2
43.983383,-57.286415,Q2
48.338737,-37.236862,Q2
48.338966,-37.236694,Q2
-15.997443,-35.595062,Q2
42.167778,-57.81656,Q1 (mais barato)
35.759327,-39.366627,Q3
44.897247,-42.60142,Q2
50.69421,-44.27128,Q2
38.570126,-40.947533,Q3
48.89829,-39.02462,Q1 (mais barato)
-13.538219,-32.24645,Q3
-27.16891,2.8362064,Q2
-13.27529,-32.146362,Q1 (mais barato)
49.52509,-41.65803,Q2
81.563255,-50.62851,Q2
-16.78938,-16.399725,Q2
-13.939372,-27.196201,Q1 (mais barato)
49.342957,-39.23755,Q2
-17.465832,-14.666826,Q2
58.557297,41.664005,Q3
-13.598191,-32.18114,Q2
-16.846771,-16.383932,Q3
65.89068,4.661611,Q1 (mais barato)
9.813002,-26.830088,Q2
-31.876945,-50.9629,Q2
17.266726,-45.436695,Q2
61.145237,-7.9499016,Q3
43.603733,11.833501,Q3
-24.180536,-30.38396,Q5 (mais caro)
8.811229,2.975563,Q5 (mais caro)
28.001724,-33.23221,Q5 (mais caro)
9.012972,4.4370337,Q4
-24.608793,-27.112537,Q5 (mais caro)
8.417448,1.0562007,Q4
27.725266,-57.940113,Q3
8.819846,2.9423456,Q5 (mais caro)
31.186174,0.60796654,Q5 (mais caro)
39.338264,18.146868,Q5 (mais caro)
33.8029,-39.90176,Q5 (mais caro)
-21.402288,-31.54019,Q5 (mais caro)
29.18,-2.381653,Q3
40.87329,-43.35632,Q4
17.741278,72.21903,Q4
84.86215,-5.4226665,Q5 (mais caro)
10.034745,-49.656948,Q5 (mais caro)
9.191849,4.381814,Q4
28.744036,-56.078953,Q4
40.898273,-44.0462,Q5 (mais caro)
35.471104,-16.420933,Q5 (mais caro)
2.5982537,-12.403385,Q3
-3.661578,-49.835194,Q4
67.24614,-4.3124113,Q3
23.691063,5.8791137,Q4
17.904045,-38.12293,Q5 (mais caro)
38.368378,-58.391155,Q4
24.249805,-26.171556,Q5 (mais caro)
24.562687,-25.8595,Q5 (mais caro)
1.1961198,-74.872086,Q4
-24.914474,-31.765728,Q4
-4.3339396,-27.053526,Q2
60.321953,41.081356,Q5 (mais caro)
13.446408,-60.867798,Q5 (mais caro)
29.305761,1.4958041,Q4
102.27401,-11.226899,Q5 (mais caro)
88.35394,-5.2926917,Q5 (mais caro)
9.9796715,-49.62794,Q5 (mais caro)
8.868063,4.6356025,Q5 (mais caro)
9.9796715,-49.62794,Q5 (mais caro)
105.01496,-9.663148,Q5 (mais caro)
57.43718,13.375312,Q4
-21.113441,-30.882542,Q5 (mais caro)
80.48507,-4.7006397,Q5 (mais caro)
85.36183,-27.928453,Q5 (mais caro)
28.852125,0.5355371,Q5 (mais caro)
34.59861,18.551111,Q5 (mais caro)
70.71154,4.913903,Q4
18.780958,-31.530338,Q5 (mais caro)
51.72526,-42.276634,Q5 (mais caro)
61.66697,-53.202442,Q5 (mais caro)
61.17647,11.420831,Q5 (mais caro)
29.867634,3.8298979,Q4
56.92722,13.212174,Q4
78.724525,0.077824876,Q5 (mais caro)
40.928352,-6.8783274,Q4
29.031588,21.193274,Q5 (mais caro)
-3.386473,-50.621857,Q5 (mais caro)
36.996433,-33.601612,Q5 (mais caro)
35.91226,-49.721046,Q5 (mais caro)
66.527916,-19.96937,Q5 (mais caro)
40.13313,-56.027756,Q4
-24.269627,-29.467813,Q5 (mais caro)
59.76292,-16.980167,Q5 (mais caro)
69.63926,-5.174352,Q4
33.87914,-6.138761,Q5 (mais caro)
54.51466,32.59588,Q5 (mais caro)
-0.15430361,-16.38852,Q5 (mais caro)
28.200222,-29.784159,Q5 (mais caro)
86.10498,-29.359034,Q5 (mais caro)
9.181285,12.976966,Q5 (mais caro)
52.335537,-13.594652,Q5 (mais caro)
15.679029,31.36573,Q5 (mais caro)
9.538011,3.7530675,Q5 (mais caro)
26.120035,22.15032,Q4
40.953716,20.414812,Q4
-26.480745,-26.088894,Q5 (mais caro)
56.74855,13.163793,Q5 (mais caro)
17.052208,2.1294882,Q5 (mais caro)
20.994846,36.521183,Q5 (mais caro)
83.90829,-7.4079494,Q5 (mais caro)
35.023518,-16.58144,Q5 (mais caro)
-15.13614,-48.0521,Q4
7.7634287,-3.232642,Q2
42.121258,-16.09862,Q4
-5.4623985,-62.62352,Q3
27.794748,-58.070515,Q3
24.442284,-10.21555,Q4
78.1051,0.5068278,Q3
9.5344925,-57.12951,Q5 (mais caro)
-1.1249197,-2.8472714,Q3
80.755646,-3.910746,Q4
55.90007,43.34163,Q4
60.54953,-5.6654224,Q4
-11.362318,-33.478436,Q4
-13.74646,15.059035,Q3
55.839664,43.51229,Q4
59.01179,13.499999,Q4
31.718716,11.676643,Q4
-21.464304,-31.738752,Q3
-22.150457,13.310741,Q4
9.433501,-21.81477,Q4
62.06405,-43.989613,Q4
-9.909555,-3.320491,Q4
36.27088,-17.935036,Q4
39.83136,-39.2933,Q4
17.83715,-37.60125,Q4
57.810097,17.410578,Q2
35.118965,-13.247889,Q4
17.806532,-38.146248,Q4
102.93463,-10.048331,Q4
-13.845648,-9.842561,Q3
15.102987,-13.23524,Q4
-36.377647,-11.092575,Q4
34.97758,-14.00559,Q4
28.392439,-0.5492867,Q4
45.880478,12.819698,Q3
27.936779,-41.89333,Q3
7.0014863,-6.897716,Q4
-17.643042,-31.685026,Q4
31.724632,69.71088,Q2
61.57763,21.609184,Q5 (mais caro)
38.54206,-55.5145,Q3
62.21559,-13.787608,Q3
-17.54231,-31.937635,Q4
61.859894,13.829015,Q4
39.14254,-34.31392,Q4
7.3782454,-3.572956,Q2
37.28866,-36.15696,Q5 (mais caro)
17.690357,3.0873623,Q4
59.266895,37.257378,Q4
80.41828,-5.0851545,Q3
9.419365,-57.38535,Q4
24.1886,-26.150064,Q4
59.977123,22.426722,Q3
39.38436,-53.275745,Q5 (mais caro)
6.9333415,-21.663628,Q2
24.189438,-26.150259,Q4
102.82297,-9.226935,Q5 (mais caro)
35.069786,-19.919508,Q5 (mais caro)
29.675627,21.90371,Q3
30.868778,-7.266817,Q3
-3.914824,-49.14625,Q3
66.26848,-5.416567,Q5 (mais caro)
18.711983,13.95587,Q5 (mais caro)
51.37371,11.740368,Q5 (mais caro)
29.579437,21.803703,Q4
8.275644,0.7163038,Q4
-9.198242,-29.954268,Q4
35.824547,-18.289734,Q5 (mais caro)
5.813975,-67.315094,Q5 (mais caro)
65.195335,-20.919071,Q5 (mais caro)
82.29894,-2.7031772,Q4
49.920265,-36.687424,Q3
60.392197,-15.455418,Q4
36.426277,-3.2965748,Q4
52.337494,-13.59742,Q5 (mais caro)
55.497437,42.16999,Q5 (mais caro)
60.694466,14.904181,Q5 (mais caro)
-2.8472743,-14.649261,Q4
24.44248,-56.379005,Q3
60.824448,36.62128,Q5 (mais caro)
67.790215,59.671688,Q5 (mais caro)
-36.651375,-38.624386,Q5 (mais caro)
11.786595,-28.572624,Q5 (mais caro)
16.34542,-46.062412,Q5 (mais caro)
24.124846,4.3566566,Q5 (mais caro)
-36.664898,-33.741566,Q5 (mais caro)
18.562124,-38.58778,Q5 (mais caro)
66.88563,63.863255,Q5 (mais caro)
16.422567,-46.054764,Q5 (mais caro)
9.732982,12.566109,Q5 (mais caro)
17.57822,-30.29053,Q5 (mais caro)
78.170265,0.20817004,Q5 (mais caro)
-35.715515,-35.555733,Q5 (mais caro)
55.53542,-0.9612626,Q5 (mais caro)
21.119282,-16.998701,Q4
1.7597672,-5.7965045,Q4
62.91337,23.52873,Q3
9.643278,-20.348389,Q3
85.13957,-29.237677,Q3
63.47567,-20.940975,Q3
-7.3965254,14.827142,Q3
-24.760511,5.367705,Q4
-10.313463,-39.38789,Q2
-22.499521,-35.917088,Q4
34.360676,-42.1778,Q3
-22.502184,-35.911213,Q4
85.127945,-5.129408,Q4
27.683811,-5.688194,Q2
1.2736003,-25.08819,Q4
-2.6366637,-35.287464,Q4
-22.51769,-35.88802,Q4
-22.517786,-35.88714,Q4
55.798584,-24.076923,Q3
67.4696,-4.2140517,Q4
-14.93604,-37.848427,Q4
15.067731,-29.052485,Q4
-22.594936,-35.789906,Q5 (mais caro)
-1.238901,-13.963093,Q3
62.09793,-52.962772,Q3
2.949658,-36.652634,Q5 (mais caro)
67.32883,-41.288567,Q2
65.073006,37.99374,Q3
60.235172,-4.8367457,Q3
77.197556,25.041906,Q3
57.73328,39.834095,Q3
6.8771396,-32.63661,Q3
108.310555,6.6485043,Q4
81.652435,-26.61499,Q4
7.0884414,-36.810234,Q4
7.372372,-32.053955,Q4
-37.916195,-52.414623,Q4
106.70245,5.47969,Q4
1.9992514,-6.4002714,Q4
-14.043787,-17.447367,Q1 (mais barato)
-14.068395,-17.42838,Q1 (mais barato)
-11.755108,-5.4574018,Q1 (mais barato)
45.196445,-56.310684,Q2
-19.755564,-46.88594,Q1 (mais barato)
-16.765854,-20.327719,Q1 (mais barato)
89.063515,34.058334,Q1 (mais barato)
92.654144,19.185638,Q1 (mais barato)
-25.042894,-4.0864387,Q1 (mais barato)
-34.343346,-10.459212,Q1 (mais barato)
85.46116,-46.23918,Q1 (mais barato)
69.056786,-49.66134,Q1 (mais barato)
72.73686,3.5051873,Q1 (mais barato)
-32.02714,-4.561851,Q1 (mais barato)
45.574688,-62.41228,Q1 (mais barato)
2.697634,2.458589,Q1 (mais barato)
-54.80423,-8.885816,Q1 (mais barato)
48.44124,-39.128696,Q1 (mais barato)
45.18764,-56.306107,Q1 (mais barato)
41.21866,-61.886482,Q1 (mais barato)
-15.757831,-50.39302,Q1 (mais barato)
45.15027,-62.44041,Q1 (mais barato)
-15.789592,7.697587,Q1 (mais barato)
71.52574,28.718262,Q1 (mais barato)
-5.8652425,61.91955,Q1 (mais barato)
-35.452366,-59.50224,Q1 (mais barato)
-35.474762,-59.52477,Q1 (mais barato)
-3.1409926,-11.928968,Q1 (mais barato)
-91.783066,-33.80189,Q1 (mais barato)
-86.949715,-35.2277,Q1 (mais barato)
-87.26512,-35.13811,Q1 (mais barato)
63.316532,39.21033,Q4
-2.8971488,-26.314087,Q3
32.116264,-44.158962,Q4
38.17875,-12.475124,Q4
36.881557,-56.188316,Q3
20.721558,-34.204777,Q5 (mais caro)
53.19738,-10.61796,Q3
9.770541,-26.943268,Q3
-1.9774256,-10.29625,Q3
7.425704,-32.02469,Q3
37.28208,6.323292,Q3
31.39845,10.721385,Q4
-5.743701,-74.64099,Q1 (mais barato)
-61.99071,-68.10195,Q1 (mais barato)
87.73127,35.18824,Q1 (mais barato)
-10.94316,-18.11433,Q1 (mais barato)
-4.2645307,-20.326536,Q1 (mais barato)
63.87811,-49.164005,Q1 (mais barato)
62.077595,-54.45038,Q1 (mais barato)
84.11648,-49.749355,Q1 (mais barato)
88.28768,20.744957,Q1 (mais barato)
41.232727,-36.373386,Q1 (mais barato)
82.80765,21.100403,Q1 (mais barato)
88.28471,20.747812,Q1 (mais barato)
-62.179222,-68.55454,Q1 (mais barato)
84.19505,-45.592026,Q1 (mais barato)
86.523415,-47.74645,Q1 (mais barato)
83.78525,-48.25932,Q1 (mais barato)
83.78507,-48.260136,Q1 (mais barato)
67.24552,-61.572834,Q1 (mais barato)
-62.69506,-68.13419,Q1 (mais barato)
-62.730656,-68.28416,Q1 (mais barato)
-62.784904,-68.5269,Q1 (mais barato)
-62.822544,-68.708046,Q1 (mais barato)
-63.176895,-68.70251,Q1 (mais barato)
-63.241886,-68.28762,Q1 (mais barato)
-63.285374,-68.55193,Q1 (mais barato)
-63.884037,-68.50016,Q1 (mais barato)
-1.8306527,-102.47614,Q1 (mais barato)
-35.935677,3.196415,Q1 (mais barato)
0.62957585,-101.88113,Q1 (mais barato)
73.98338,62.149323,Q1 (mais barato)
0.62957585,-101.88113,Q1 (mais barato)
-1.8306527,-102.47614,Q1 (mais barato)
-1.8306527,-102.47614,Q1 (mais barato)
-1.8294764,-102.47722,Q1 (mais barato)
0.62957585,-101.88113,Q1 (mais barato)
0.62957585,-101.88113,Q1 (mais barato)
0.62957585,-101.88113,Q1 (mais barato)
-1.8247553,-102.482315,Q1 (mais barato)
65.970825,-68.36019,Q1 (mais barato)
67.56372,-68.69819,Q1 (mais barato)
65.97084,-68.37419,Q1 (mais barato)
67.53836,-68.72796,Q1 (mais barato)
0.62957585,-101.88113,Q1 (mais barato)
-1.7832863,-102.48114,Q1 (mais barato)
65.96488,-68.36487,Q1 (mais barato)
66.03809,-68.37148,Q1 (mais barato)
66.03809,-68.371605,Q1 (mais barato)
-58.83975,-80.14949,Q1 (mais barato)
-8.489193,-89.51743,Q1 (mais barato)
-9.315148,-90.40642,Q1 (mais barato)
88.10539,19.51182,Q1 (mais barato)
-8.489193,-89.517426,Q1 (mais barato)
-60.664967,-76.25254,Q1 (mais barato)
-60.672695,-76.34054,Q1 (mais barato)
67.439,-66.48799,Q1 (mais barato)
68.580795,-64.97981,Q1 (mais barato)
67.43918,-66.488014,Q1 (mais barato)
84.40008,-49.638306,Q1 (mais barato)
-12.047815,-17.977463,Q1 (mais barato)
-12.056204,-17.980354,Q1 (mais barato)
-57.01564,-86.668495,Q1 (mais barato)
80.72733,31.200256,Q1 (mais barato)
87.75341,22.395866,Q1 (mais barato)
82.747856,21.002182,Q1 (mais barato)
45.28531,-56.065502,Q1 (mais barato)
85.54616,-48.14966,Q1 (mais barato)
62.685413,-51.299534,Q1 (mais barato)
53.713425,-53.935226,Q1 (mais barato)
-1.5265485,-65.02323,Q1 (mais barato)
-11.926748,-17.480927,Q1 (mais barato)
-56.81674,-86.531456,Q1 (mais barato)
-56.775,-86.46508,Q1 (mais barato)
-56.728897,-86.45434,Q1 (mais barato)
-1.5162485,-64.9685,Q1 (mais barato)
68.425385,60.02999,Q1 (mais barato)
-35.570335,-56.35593,Q1 (mais barato)
-35.562267,-56.3149,Q1 (mais barato)
-1.7916836,-81.369965,Q1 (mais barato)
-1.791607,-81.36996,Q1 (mais barato)
-1.7917194,-81.37008,Q1 (mais barato)
-1.8073608,-81.318115,Q1 (mais barato)
-10.305674,-96.58503,Q1 (mais barato)
-11.337175,-96.732216,Q1 (mais barato)
-11.336913,-96.73274,Q1 (mais barato)
-11.333426,-96.737625,Q1 (mais barato)
-10.305674,-96.58503,Q1 (mais barato)
73.98443,62.147533,Q1 (mais barato)
-35.977844,-55.880867,Q1 (mais barato)
-20.768915,-0.6165508,Q2
1.6650932,-65.79349,Q3
-34.0263,-58.49517,Q1 (mais barato)
87.1917,-46.245304,Q1 (mais barato)
-1.5569407,-75.284065,Q1 (mais barato)
44.589638,-58.254692,Q1 (mais barato)
-13.729222,-26.456991,Q1 (mais barato)
-10.332428,-23.410105,Q1 (mais barato)
29.783033,-57.793255,Q1 (mais barato)
86.63707,20.248392,Q1 (mais barato)
-56.437214,-75.14493,Q1 (mais barato)
12.524768,-9.757532,Q1 (mais barato)
45.09583,-55.051743,Q1 (mais barato)
86.63208,20.257626,Q1 (mais barato)
86.63016,20.265373,Q1 (mais barato)
-0.15545855,-71.07471,Q1 (mais barato)
75.28547,29.93966,Q1 (mais barato)
86.62007,20.279936,Q1 (mais barato)
-1.5200903,-30.915577,Q1 (mais barato)
81.19669,29.426605,Q1 (mais barato)
68.75909,-50.357002,Q1 (mais barato)
62.750782,-51.286358,Q1 (mais barato)
-58.81138,-80.17155,Q1 (mais barato)
-24.178585,-89.201836,Q1 (mais barato)
-84.49526,-34.82362,Q1 (mais barato)
-24.178585,-89.201836,Q1 (mais barato)
64.35768,-67.28817,Q1 (mais barato)
64.39922,-64.97488,Q1 (mais barato)
64.29787,-67.29193,Q1 (mais barato)
64.297874,-67.29209,Q1 (mais barato)
-24.178585,-89.201836,Q1 (mais barato)
32.63054,-34.2071,Q5 (mais caro)
23.32047,-13.856927,Q5 (mais caro)
-9.484899,-38.032497,Q5 (mais caro)
60.67554,-9.9452915,Q5 (mais caro)
-37.476196,-53.510685,Q5 (mais caro)
-34.363503,-46.44479,Q5 (mais caro)
-38.8791,-43.8072,Q5 (mais caro)
-3.6063533,-49.926704,Q2
-36.532276,79.05339,Q1 (mais barato)
-7.522211,21.517656,Q2
-0.029389143,-0.26340702,Q2
-95.40037,20.834187,Q2
-6.80052,-39.254135,Q3
43.852318,-53.23608,Q2
45.983612,-37.03511,Q2
47.293667,-40.80857,Q2
-20.439384,-3.7466447,Q2
-16.00962,-41.618687,Q2
-14.73972,-18.388765,Q1 (mais barato)
-6.8242645,-39.231163,Q3
75.27991,29.939587,Q1 (mais barato)
-18.93835,-6.655041,Q1 (mais barato)
9.183723,12.020635,Q2
44.495335,46.095993,Q2
-2.2419326,-31.685152,Q2
73.97311,28.500948,Q2
-45.13083,-46.433178,Q1 (mais barato)
64.97826,-39.45797,Q2
85.55163,-46.197094,Q1 (mais barato)
61.965805,-50.615135,Q2
80.342834,-28.805243,Q5 (mais caro)
7.911249,14.977228,Q4
-34.173996,-11.386178,Q4
58.44642,15.716181,Q3
99.01937,-10.771672,Q4
28.213621,0.05751645,Q4
0.34472364,-67.739006,Q4
-11.329808,-38.379536,Q3
27.648972,-36.194935,Q5 (mais caro)
43.27633,-33.71783,Q4
28.962614,-33.544506,Q5 (mais caro)
25.05373,-18.79187,Q2
43.41693,47.629406,Q4
-11.423834,-38.104004,Q4
35.6347,8.084749,Q4
-24.771461,5.3701878,Q4
-33.979546,-12.015884,Q5 (mais caro)
79.973816,26.455189,Q4
-1.3758111,-64.58166,Q3
-1.3767045,-64.57496,Q3
39.619827,-45.81227,Q3
-12.050339,2.4793446,Q3
55.370125,-23.525665,Q3
-1.8603069,14.061381,Q4
102.77074,-9.247253,Q4
21.106592,60.13481,Q4
-12.494067,-37.33373,Q3
108.96291,6.264957,Q5 (mais caro)
-40.90469,-42.06844,Q5 (mais caro)
44.517212,46.44902,Q3
-36.42654,-53.70997,Q3
5.880073,-46.802345,Q4
108.37198,6.642962,Q4
33.511898,9.140599,Q4
12.24465,34.267277,Q4
19.698847,-39.7365,Q4
99.20268,-10.817897,Q4
19.209396,-19.329836,Q3
-2.256026,12.126641,Q2
-4.25547,-20.305077,Q2
29.811424,22.281935,Q2
-11.4673605,24.462996,Q3
-1.9623255,-63.19364,Q2
34.541245,-21.23983,Q1 (mais barato)
-25.407818,2.7130678,Q2
60.906456,-0.09468581,Q3
-11.328207,-5.8444443,Q3
8.448715,-0.9000818,Q4
61.89094,-4.062369,Q1 (mais barato)
9.155834,-16.56268,Q1 (mais barato)
-11.760126,3.7382925,Q1 (mais barato)
49.63123,69.10723,Q1 (mais barato)
-12.376456,23.914682,Q2
-1.5515447,6.9785595,Q2
10.166785,-1.735092,Q2
35.15772,-36.745914,Q2
-5.640931,-74.53665,Q1 (mais barato)
32.028236,-43.335045,Q2
15.568846,5.842871,Q2
28.853113,-23.36866,Q3
-1.7480477,-64.91669,Q1 (mais barato)
-11.835656,1.0624151,Q2
73.551384,26.798302,Q1 (mais barato)
-1.6297873,-75.3478,Q1 (mais barato)
84.9609,26.74956,Q1 (mais barato)
22.106304,-55.45286,Q1 (mais barato)
89.19304,21.99218,Q1 (mais barato)
86.20313,34.821014,Q1 (mais barato)
30.266731,-59.83831,Q1 (mais barato)
81.05029,23.597805,Q1 (mais barato)
56.06179,4.8898954,Q1 (mais barato)
85.58891,-47.920914,Q1 (mais barato)
62.541813,-48.630386,Q1 (mais barato)
65.85201,-60.010586,Q1 (mais barato)
-8.242168,-17.54221,Q1 (mais barato)
62.65462,-51.20422,Q1 (mais barato)
62.683514,-51.266956,Q1 (mais barato)
-6.7956705,-9.721585,Q1 (mais barato)
84.018005,-48.33036,Q1 (mais barato)
80.63546,31.360252,Q1 (mais barato)
68.88919,1.0803326,Q1 (mais barato)
-7.719666,-13.609426,Q1 (mais barato)
79.869125,30.623768,Q1 (mais barato)
81.1234,24.362856,Q1 (mais barato)
-85.81616,-36.072044,Q1 (mais barato)
51.220272,-2.7172787,Q1 (mais barato)
-32.745773,-59.72509,Q1 (mais barato)
-32.904793,-59.327545,Q1 (mais barato)
-32.896664,-59.321884,Q1 (mais barato)
-32.905857,-59.31602,Q1 (mais barato)
-18.186283,-86.0461,Q1 (mais barato)
-18.186283,-86.0461,Q1 (mais barato)
64.086754,-65.12627,Q1 (mais barato)
64.68256,-67.36806,Q1 (mais barato)
62.611015,-52.45088,Q1 (mais barato)
63.81292,-53.81209,Q1 (mais barato)
31.648394,-14.635996,Q3
41.84773,-83.80172,Q2
65.733025,63.5587,Q4
-10.897955,-23.178131,Q1 (mais barato)
40.995583,73.6308,Q3
57.710217,-24.184666,Q4
23.61616,-72.63313,Q3
51.36932,-1.9410286,Q2
15.27848,-74.635635,Q5 (mais caro)
13.81858,-74.51413,Q2
60.107346,42.750717,Q3
-28.696308,-6.157939,Q5 (mais caro)
-10.72145,-7.4467306,Q4
14.055831,-75.05518,Q3
33.94257,34.213615,Q4
38.662464,-31.47963,Q1 (mais barato)
42.064484,-82.04087,Q1 (mais barato)
-2.9426553,-23.725164,Q1 (mais barato)
26.388754,-74.56587,Q2
47.611645,70.512794,Q1 (mais barato)
12.538971,-9.749504,Q1 (mais barato)
-42.402885,-80.54077,Q1 (mais barato)
-26.70418,-7.3503914,Q1 (mais barato)
-31.911432,-6.825504,Q1 (mais barato)
-42.41308,-80.54574,Q1 (mais barato)
-42.421906,-80.55233,Q1 (mais barato)
-42.422012,-80.552284,Q1 (mais barato)
-42.421906,-80.55233,Q1 (mais barato)
43.04024,-80.752106,Q1 (mais barato)
43.04024,-80.752106,Q1 (mais barato)
43.04024,-80.752106,Q1 (mais barato)
42.068966,-81.84237,Q1 (mais barato)
42.068966,-81.84237,Q1 (mais barato)
42.068966,-81.84237,Q1 (mais barato)
63.723667,-70.81106,Q1 (mais barato)
63.72385,-70.810776,Q1 (mais barato)
63.724556,-70.80343,Q1 (mais barato)
26.923487,-80.45949,Q3
22.614426,-22.595911,Q3
62.78184,-8.308219,Q3
16.167591,-73.82084,Q3
28.214022,-79.7301,Q5 (mais caro)
15.119233,-75.27722,Q5 (mais caro)
15.533217,-75.14249,Q5 (mais caro)
15.544033,-75.145004,Q5 (mais caro)
25.065334,-94.42222,Q3
22.703552,-74.47745,Q4
42.01621,-82.037735,Q1 (mais barato)
63.025978,-8.723731,Q3
2.1448457,-59.049625,Q2
2.1161096,-33.770016,Q4
-26.561605,-8.284124,Q4
59.972244,38.88925,Q3
41.166656,-81.74969,Q1 (mais barato)
48.555317,65.684105,Q4
-23.154743,-10.372143,Q1 (mais barato)
72.1066,64.77584,Q1 (mais barato)
-15.78652,-50.480274,Q1 (mais barato)
-9.050505,-42.044987,Q1 (mais barato)
-43.99546,-50.48252,Q1 (mais barato)
42.041714,-82.096596,Q1 (mais barato)
25.905252,-75.11143,Q5 (mais caro)
71.10237,65.15175,Q5 (mais caro)
31.27517,-24.753706,Q5 (mais caro)
103.858734,-10.917403,Q4
-10.545353,23.122467,Q5 (mais caro)
23.153862,-76.863716,Q4
110.6341,6.413395,Q4
71.47119,65.35568,Q1 (mais barato)
28.189272,-79.76707,Q1 (mais barato)
51.661095,-20.752573,Q2
-4.407651,5.873749,Q2
-10.489178,22.987436,Q2
27.638199,-26.230497,Q5 (mais caro)
45.397163,10.7146845,Q4
27.450102,-55.8716,Q3
13.115494,-61.22852,Q5 (mais caro)
59.180325,-7.263371,Q5 (mais caro)
23.429686,-58.420708,Q3
60.05214,23.341127,Q5 (mais caro)
5.727178,6.6944246,Q5 (mais caro)
85.669495,-28.205454,Q5 (mais caro)
85.661156,-28.203642,Q5 (mais caro)
85.67038,-28.205667,Q5 (mais caro)
12.87464,-23.443794,Q2
7.8639965,-36.45119,Q3
57.319912,-24.319052,Q3
-17.902412,-37.107185,Q3
-14.276922,2.8295655,Q2
-5.2379637,15.867366,Q1 (mais barato)
61.018154,21.920559,Q2
62.514378,41.889927,Q3
11.039197,-0.64494973,Q3
41.06561,-44.419357,Q3
30.544645,-19.934473,Q4
1.5425586,-33.86591,Q2
22.164211,-11.79125,Q5 (mais caro)
35.28063,-13.574727,Q4
31.671917,-14.637944,Q4
-27.027905,3.5353265,Q4
6.8450274,-6.586575,Q5 (mais caro)
41.115337,-58.928413,Q5 (mais caro)
37.642887,-16.220764,Q4
36.089916,-45.635204,Q5 (mais caro)
24.17187,-58.220615,Q2
17.564032,-37.549152,Q5 (mais caro)
23.999165,8.181905,Q5 (mais caro)
83.404594,-9.176705,Q5 (mais caro)
23.789314,15.208099,Q5 (mais caro)
19.48797,-41.50711,Q5 (mais caro)
60.854362,23.115425,Q2
55.82342,-21.554543,Q3
-43.949257,-47.98107,Q3
78.18788,1.9458361,Q3
-7.5104547,-5.92513,Q3
3.8435109,-10.344008,Q3
33.476173,9.180978,Q3
26.734911,-21.233616,Q3
30.248993,22.351227,Q4
30.42935,10.156027,Q4
23.330479,-31.674284,Q4
-30.626717,-51.656933,Q4
31.532085,10.337213,Q4
39.005394,-36.338924,Q2
74.77518,6.641021,Q1 (mais barato)
61.121365,-48.84931,Q1 (mais barato)
80.44541,25.398195,Q2
60.411823,-49.96589,Q1 (mais barato)
77.94871,-11.018026,Q2
-34.719986,-48.847885,Q2
101.292915,-11.381068,Q5 (mais caro)
-1.7431045,-11.3971195,Q3
38.76511,-45.09076,Q3
36.404465,-34.191586,Q5 (mais caro)
29.62746,-23.78294,Q3
1.2188209,13.81198,Q4
28.079796,80.44029,Q5 (mais caro)
56.080093,17.653074,Q5 (mais caro)
1.2129874,13.766789,Q4
16.618616,17.537758,Q5 (mais caro)
12.633138,-43.303806,Q5 (mais caro)
1.1131241,7.2219987,Q5 (mais caro)
2.1393783,-43.31201,Q5 (mais caro)
32.872578,-14.131626,Q5 (mais caro)
100.25739,-34.684498,Q5 (mais caro)
100.07479,-34.83945,Q5 (mais caro)
100.111404,-34.881466,Q5 (mais caro)
25.627821,-58.694077,Q2
2.9264233,-68.84402,Q3
54.588974,26.195374,Q2
48.137394,-33.697346,Q2
51.307034,-2.0238497,Q2
16.11476,30.423254,Q2
44.716557,47.519203,Q2
-17.350256,-34.545383,Q4
-24.02428,-7.253619,Q2
23.723011,68.1713,Q3
65.66415,-7.545727,Q3
-23.9276,-7.265329,Q3
5.401226,-66.236374,Q4
-6.5054727,-0.8557032,Q2
59.779716,-21.004633,Q4
-7.611874,-7.2806573,Q3
35.17464,-12.287045,Q4
-4.9961004,-74.25105,Q4
47.451847,-11.2480135,Q4
29.179064,-22.968056,Q4
37.753605,-22.461302,Q5 (mais caro)
59.745747,36.62114,Q4
53.69217,-25.898972,Q5 (mais caro)
28.170124,-23.051159,Q5 (mais caro)
-35.252914,-35.859962,Q5 (mais caro)
-34.197353,-33.102192,Q5 (mais caro)
-34.928043,-35.504063,Q5 (mais caro)
18.507416,88.76883,Q5 (mais caro)
-37.543438,-34.46125,Q5 (mais caro)
8.761493,-31.10483,Q5 (mais caro)
100.04619,-34.85534,Q5 (mais caro)
14.580751,-43.646523,Q5 (mais caro)
100.08892,-34.858788,Q5 (mais caro)
9.472261,17.757204,Q5 (mais caro)
46.844574,-2.1031923,Q5 (mais caro)
83.72715,-30.355028,Q2
69.803246,-47.652294,Q2
-33.86905,-51.175323,Q3
-11.282713,-5.823514,Q3
62.02706,-1.3056325,Q3
-2.4300826,-3.9725518,Q3
-0.08584163,-48.146996,Q3
74.051636,-16.684227,Q4
30.398394,10.421005,Q4
58.721413,-24.286074,Q4
80.17837,31.564436,Q2
48.53322,18.33214,Q3
51.264565,-26.671068,Q3
31.476599,2.2638712,Q4
-53.91788,32.567425,Q3
-3.7404554,-63.668186,Q3
80.058464,5.136038,Q3
-15.518441,6.754062,Q2
-13.891572,6.248673,Q3
57.509434,42.620033,Q3
15.825851,-33.528534,Q2
50.97175,70.06193,Q3
-15.507624,-3.371016,Q2
57.509212,42.62074,Q3
60.845474,1.105983,Q2
-16.70359,-16.668776,Q3
69.437836,0.75349927,Q2
40.624992,-61.743084,Q4
6.319187,-64.92125,Q2
-30.303469,-52.123196,Q1 (mais barato)
14.790183,-40.981827,Q2
-30.306784,-52.15479,Q2
14.584152,-41.2162,Q3
-0.41188565,-30.099957,Q3
-36.13858,-36.7351,Q3
30.89477,-24.11085,Q4
51.27335,-2.0203059,Q2
59.048798,19.568653,Q3
76.301285,-12.523134,Q4
62.86921,-23.032797,Q4
-5.703002,-72.56951,Q3
67.53847,0.1402762,Q2
91.26712,32.63476,Q3
44.684593,42.54087,Q4
84.205284,34.62081,Q2
17.892105,-41.858994,Q5 (mais caro)
1.2103549,-70.70748,Q2
-6.2867694,-65.53854,Q4
-7.590565,-7.2994633,Q4
62.01114,40.422466,Q4
12.798091,-56.105206,Q5 (mais caro)
30.895943,-24.34744,Q5 (mais caro)
-6.27784,-33.453632,Q5 (mais caro)
5.115773,14.777405,Q5 (mais caro)
80.1339,32.989864,Q4
-16.530115,5.9551606,Q3
-17.954193,-30.557156,Q5 (mais caro)
43.970253,42.62308,Q4
62.36948,22.469053,Q5 (mais caro)
31.318663,18.419617,Q5 (mais caro)
33.300133,19.15397,Q5 (mais caro)
60.564957,2.5381746,Q2
61.982723,40.402634,Q2
11.735431,-1.1766908,Q3
49.357674,69.4597,Q2
30.362242,-55.717117,Q3
-3.3621538,-64.17154,Q2
-23.375698,-7.4843893,Q2
61.451153,-21.987871,Q3
2.3212397,-19.245602,Q3
-13.979012,-35.3179,Q2
30.152056,-47.686363,Q3
-0.53807145,-58.885956,Q2
61.52027,23.839996,Q3
-23.362022,-7.4812675,Q2
25.69085,-58.542274,Q4
-3.7902257,-49.34606,Q2
-23.388165,13.819286,Q3
63.862667,-0.1919782,Q3
14.835314,29.39032,Q4
-17.092993,-18.477638,Q2
-13.990293,-35.28842,Q3
41.09,-7.8359904,Q4
-4.1047025,-64.92306,Q2
59.549732,40.35962,Q3
14.280169,-22.87873,Q4
29.254276,18.802721,Q4
68.91826,0.9156251,Q2
40.92438,-7.7622757,Q4
-35.585457,-11.808595,Q4
99.3523,-11.934016,Q4
66.014046,-5.9001684,Q3
-15.770882,6.049572,Q4
41.332775,-6.8441186,Q4
65.472916,38.865074,Q3
52.827473,-10.588438,Q3
61.42843,23.994379,Q4
30.683191,-8.394167,Q4
-4.320104,-65.64018,Q3
62.867924,-23.031424,Q4
33.94469,37.910217,Q3
62.86892,-23.031971,Q4
25.634418,-58.522427,Q4
55.74129,38.984974,Q4
16.227211,28.48558,Q5 (mais caro)
39.50606,-55.229313,Q3
-1.2896824,7.8143015,Q4
-2.139934,-14.32157,Q3
-5.266016,-5.117989,Q5 (mais caro)
-33.921997,-44.978226,Q5 (mais caro)
77.85405,-12.580157,Q5 (mais caro)
20.597475,-39.713043,Q5 (mais caro)
56.892166,38.180683,Q5 (mais caro)
20.850561,-40.826214,Q5 (mais caro)
87.621796,35.244118,Q2
51.421062,-2.0742552,Q2
-44.365032,-48.958614,Q2
-5.1953273,66.44021,Q2
-5.2588034,-4.648768,Q2
45.17952,-15.189772,Q3
19.513306,-36.15149,Q3
8.163196,62.246113,Q3
-39.53388,-41.38424,Q3
0.23939498,-30.54219,Q3
24.028124,-30.87625,Q4
2.2699087,-45.45661,Q4
6.641642,-32.443108,Q4
36.58311,3.0828776,Q4
37.11685,5.601723,Q4
-33.351704,-45.302006,Q4
-32.696026,-45.66008,Q4
20.579815,-39.73222,Q4
25.787956,-15.790405,Q5 (mais caro)
30.907736,1.9226018,Q4
58.11269,-22.698566,Q4
73.79338,-9.994039,Q5 (mais caro)
-11.237219,24.455452,Q4
4.1925335,-50.245495,Q4
3.5359187,40.807953,Q4
11.15098,-0.35582173,Q3
16.614628,28.40102,Q4
-18.852982,7.2214775,Q4
53.356724,-22.702145,Q4
32.812748,1.4423434,Q3
12.45895,-55.862194,Q4
-21.214909,42.074574,Q4
24.195036,-56.513897,Q4
37.00294,-16.267601,Q4
38.77801,-45.089424,Q4
106.67793,5.3202605,Q5 (mais caro)
39.631744,22.816528,Q5 (mais caro)
23.24991,15.145117,Q3
30.769062,9.143635,Q3
-1.0550035,-48.451298,Q4
75.706276,-9.82605,Q4
22.021753,87.14112,Q3
85.69161,-5.7101154,Q5 (mais caro)
85.83319,-4.9855385,Q5 (mais caro)
29.931356,3.9186914,Q5 (mais caro)
-10.019862,6.8032365,Q5 (mais caro)
61.628597,-8.886908,Q5 (mais caro)
40.619907,15.043981,Q4
-24.406197,-26.902807,Q5 (mais caro)
21.205065,85.29845,Q4
16.931015,15.631543,Q5 (mais caro)
83.2308,2.4941027,Q5 (mais caro)
83.83729,-7.5830436,Q5 (mais caro)
-22.795618,-30.24961,Q4
48.123764,15.006076,Q5 (mais caro)
-18.93638,41.228485,Q5 (mais caro)
22.307259,84.03256,Q5 (mais caro)
30.027487,3.868241,Q5 (mais caro)
39.713238,-43.733063,Q5 (mais caro)
31.834986,2.0986369,Q5 (mais caro)
42.06627,15.419428,Q5 (mais caro)
17.411457,2.7789261,Q5 (mais caro)
-24.349926,-25.875172,Q5 (mais caro)
36.072525,-19.487307,Q5 (mais caro)
102.27635,-11.091468,Q5 (mais caro)
-29.118958,-23.010948,Q5 (mais caro)
2.5560243,-5.2188287,Q4
54.50038,26.46804,Q3
3.3145678,2.7895396,Q3
69.52682,1.5301689,Q3
-17.234968,-32.32847,Q5 (mais caro)
21.669598,-41.53373,Q5 (mais caro)
55.29975,1.9307488,Q5 (mais caro)
39.761024,22.621002,Q5 (mais caro)
18.233858,8.540921,Q5 (mais caro)
60.497967,-1.4818649,Q5 (mais caro)
24.938911,12.945267,Q5 (mais caro)
31.081314,42.634266,Q5 (mais caro)
106.52266,5.460362,Q5 (mais caro)
12.47211,23.14725,Q5 (mais caro)
20.229187,-41.31203,Q5 (mais caro)
-33.580296,-32.242405,Q5 (mais caro)
-33.48521,-32.070377,Q5 (mais caro)
20.377548,-41.721256,Q5 (mais caro)
-33.44704,-31.992088,Q5 (mais caro)
67.821625,59.724007,Q4
49.769516,-2.3269038,Q4
-15.04178,6.420633,Q3
-13.449691,-8.582122,Q2
-17.25853,-14.552407,Q1 (mais barato)
63.2046,-6.9604654,Q1 (mais barato)
49.79298,-2.047375,Q1 (mais barato)
-31.066195,-52.585842,Q2
-6.0947275,-14.527275,Q1 (mais barato)
-1.7061669,7.358254,Q2
46.383427,-40.428093,Q1 (mais barato)
46.385372,-40.42915,Q2
-30.976341,-52.501488,Q1 (mais barato)
70.83235,60.592514,Q2
68.47637,-67.92082,Q1 (mais barato)
84.312256,-46.43429,Q1 (mais barato)
61.891506,-49.18031,Q2
90.621124,23.230026,Q1 (mais barato)
90.73658,23.199358,Q1 (mais barato)
-30.21575,-52.9885,Q1 (mais barato)
74.55706,1.0775882,Q4
8.882028,3.051734,Q5 (mais caro)
63.23192,-6.864388,Q5 (mais caro)
86.34827,-5.437906,Q5 (mais caro)
81.36434,2.8400698,Q2
-16.706783,5.2806997,Q5 (mais caro)
64.79867,-20.990156,Q4
-7.6324186,-7.341833,Q4
-34.422527,-13.13056,Q4
65.72394,2.1416974,Q3
74.684105,3.6946647,Q4
76.14545,22.511421,Q2
24.624233,-20.091213,Q3
46.62506,-34.89,Q3
60.918015,0.87878734,Q2
25.60884,-58.58021,Q2
82.17056,-46.097683,Q3
20.16309,81.33021,Q2
78.149635,-12.687142,Q3
-4.047902,-18.956804,Q2
-3.9041505,-19.166815,Q3
-0.72025734,8.381084,Q3
26.400803,79.48766,Q4
48.422646,69.59418,Q3
-17.155472,-16.500591,Q2
20.242252,-36.501026,Q5 (mais caro)
24.10733,-39.037495,Q5 (mais caro)
17.36812,15.181759,Q5 (mais caro)
66.12012,-19.20275,Q3
74.3348,1.1772866,Q3
65.91144,58.974846,Q4
47.342613,-2.070228,Q4
106.69557,5.436166,Q4
22.948244,2.7509303,Q3
28.739527,-61.121014,Q1 (mais barato)
87.24543,30.682224,Q1 (mais barato)
-0.4349713,-72.40885,Q1 (mais barato)
67.35552,-66.623,Q1 (mais barato)
64.64487,-45.49627,Q2
-16.600151,-16.950603,Q2
-13.466253,-9.841702,Q1 (mais barato)
51.53638,-26.768526,Q3
73.582825,61.523888,Q3
1.6733304,25.226303,Q3
-6.0724735,-14.588062,Q2
46.585396,-60.94241,Q2
-21.096258,-41.587337,Q2
81.70929,22.9261,Q2
16.850998,-5.7719493,Q2
37.739162,-39.119473,Q2
46.77502,-62.082508,Q1 (mais barato)
-16.749489,-16.41026,Q2
30.581718,-48.661892,Q2
-13.532099,-32.25347,Q3
46.816177,-57.521877,Q3
61.331123,-3.1581898,Q3
61.147926,-8.569154,Q2
59.946766,-37.05583,Q3
50.519005,-43.62227,Q3
47.824554,-36.19632,Q2
81.274254,23.273111,Q1 (mais barato)
62.274544,-43.39908,Q3
91.77429,22.65488,Q1 (mais barato)
-32.387947,-50.548027,Q1 (mais barato)
63.179955,-51.336224,Q1 (mais barato)
65.30018,2.2096992,Q2
53.617123,-1.2677709,Q2
-4.144647,0.7954403,Q3
23.91292,-33.455544,Q4
0.20965555,-45.49373,Q5 (mais caro)
37.609287,-16.68285,Q4
37.631092,-16.527409,Q5 (mais caro)
28.586252,-29.214746,Q4
26.99192,-21.559027,Q5 (mais caro)
8.831505,2.8912032,Q4
8.819846,2.9424186,Q4
1.9908272,-44.94978,Q5 (mais caro)
56.86729,40.12813,Q5 (mais caro)
79.13881,0.9656323,Q5 (mais caro)
58.83889,13.462114,Q5 (mais caro)
18.016283,16.415035,Q3
10.034745,-49.656948,Q5 (mais caro)
10.034745,-49.656948,Q5 (mais caro)
102.26466,-11.201041,Q5 (mais caro)
57.98233,13.555397,Q4
24.34273,-56.418743,Q5 (mais caro)
40.737797,-56.908497,Q2
9.177008,4.398153,Q5 (mais caro)
55.40123,0.51728374,Q4
-3.5349188,-13.621616,Q4
29.3826,-0.4480137,Q4
24.249462,-26.171389,Q5 (mais caro)
24.249126,-26.171406,Q5 (mais caro)
76.23,-0.2755766,Q4
24.2495,-26.171432,Q5 (mais caro)
-21.566591,-30.552717,Q4
-21.488987,-30.82997,Q5 (mais caro)
103.336525,-8.973068,Q5 (mais caro)
40.266754,-55.989628,Q3
-2.6085684,-13.337225,Q5 (mais caro)
53.480965,-12.573226,Q5 (mais caro)
9.9796715,-49.62794,Q5 (mais caro)
9.979547,-49.628044,Q5 (mais caro)
18.688856,-31.689693,Q5 (mais caro)
18.09867,8.752538,Q5 (mais caro)
31.612232,-54.290176,Q4
103.136406,-9.975374,Q5 (mais caro)
53.4788,-12.574699,Q5 (mais caro)
-23.003891,-32.12106,Q5 (mais caro)
32.76792,1.4013855,Q5 (mais caro)
-17.774769,-31.442589,Q2
-24.26553,-29.527245,Q4
41.57831,-6.213856,Q5 (mais caro)
6.2658596,-1.90369,Q5 (mais caro)
46.69394,8.654252,Q5 (mais caro)
55.22197,15.176664,Q5 (mais caro)
28.56249,18.544456,Q5 (mais caro)
46.679523,8.675833,Q5 (mais caro)
-21.446451,-30.590853,Q4
12.84757,-61.661037,Q5 (mais caro)
45.31,10.774867,Q5 (mais caro)
41.398212,-8.065563,Q5 (mais caro)
-5.220366,-14.382014,Q4
48.760193,-0.40677333,Q5 (mais caro)
57.451626,-25.036888,Q5 (mais caro)
31.13649,1.4179051,Q5 (mais caro)
9.13882,4.5260873,Q5 (mais caro)
-4.2268553,-13.686824,Q5 (mais caro)
58.27392,14.409613,Q5 (mais caro)
-1.1280074,-2.838078,Q3
52.335045,-13.59468,Q5 (mais caro)
69.59564,-4.0804057,Q4
31.83431,-7.9763207,Q4
-20.630882,-29.60952,Q5 (mais caro)
65.51992,-6.1092806,Q5 (mais caro)
16.504385,14.950956,Q5 (mais caro)
84.33623,-8.091677,Q5 (mais caro)
78.80532,1.0914601,Q5 (mais caro)
100.8503,-12.535986,Q4
-17.902494,-37.11901,Q3
-11.34225,-33.50743,Q4
44.93005,-42.63947,Q3
19.55514,-36.635365,Q5 (mais caro)
62.98366,40.846405,Q4
58.941044,13.490278,Q2
-11.365036,-33.473827,Q3
44.932068,-42.63994,Q4
55.852787,43.33917,Q4
27.614973,-36.27132,Q4
55.858807,43.344006,Q4
15.724874,56.672226,Q4
6.950598,-61.93461,Q3
34.968903,-14.049691,Q4
36.290707,4.0819993,Q3
23.282137,3.084615,Q4
57.747616,39.861675,Q4
69.969025,-2.3949528,Q4
18.504824,-31.684414,Q5 (mais caro)
-11.26704,-33.529182,Q4
32.098446,-43.173557,Q4
38.756058,-44.885014,Q4
61.1476,39.376114,Q4
84.233055,-26.456745,Q4
66.34995,-43.90191,Q4
-16.030403,-15.2592325,Q4
19.41511,-27.392836,Q4
30.716352,-48.94901,Q3
34.60927,-21.113472,Q4
30.35667,-20.529232,Q4
31.152485,-47.35216,Q4
54.30385,-22.331045,Q4
83.12144,22.014566,Q3
39.432518,-53.10709,Q3
0.10363534,-32.419662,Q4
16.315876,-27.935308,Q4
8.49104,0.7014803,Q5 (mais caro)
29.888384,-19.980965,Q4
66.051765,58.8297,Q5 (mais caro)
60.82812,36.548313,Q4
41.595016,-54.36046,Q5 (mais caro)
19.184694,-27.316156,Q4
-9.189939,-29.955292,Q4
35.244057,-13.544613,Q4
24.821533,12.073614,Q5 (mais caro)
1.1438994,-26.271547,Q3
59.786995,40.758663,Q4
32.864807,-14.320783,Q5 (mais caro)
9.215652,3.104401,Q5 (mais caro)
-19.395393,-15.546144,Q5 (mais caro)
60.829346,36.6764,Q5 (mais caro)
13.40067,-18.55306,Q5 (mais caro)
69.48841,-4.1559653,Q5 (mais caro)
17.98249,8.979205,Q4
32.084896,-58.49128,Q3
19.013092,13.983575,Q5 (mais caro)
68.16828,58.25932,Q5 (mais caro)
6.5021305,-17.80066,Q5 (mais caro)
28.96821,-2.2247326,Q3
69.19193,-2.5329723,Q4
42.389324,-39.969757,Q4
-22.855242,-32.394974,Q5 (mais caro)
-3.631107,-63.843647,Q2
-5.4980145,-62.132816,Q5 (mais caro)
37.128685,-13.780313,Q5 (mais caro)
24.24451,-26.168827,Q4
9.717759,-64.2537,Q4
17.355734,-37.133255,Q5 (mais caro)
-33.01798,-39.232655,Q5 (mais caro)
2.6526008,-11.588631,Q5 (mais caro)
3.5592208,-10.522917,Q5 (mais caro)
23.74783,5.8215575,Q5 (mais caro)
10.7197485,-55.45981,Q4
25.838303,-53.6946,Q4
60.845284,23.099697,Q3
53.011925,1.981953,Q2
22.798111,-22.475803,Q3
12.47086,-18.868515,Q4
1.2626055,-25.077864,Q3
60.174706,-5.675232,Q4
43.630966,34.863342,Q3
-13.1601925,-18.222095,Q3
-15.17747,7.1833687,Q3
-22.499819,-35.91705,Q4
25.840862,-58.797497,Q4
-22.502111,-35.911327,Q4
57.565323,17.571785,Q3
21.247824,-6.198157,Q2
4.645279,63.857754,Q4
-22.517647,-35.888027,Q5 (mais caro)
-22.517633,-35.888363,Q4
27.639494,-18.458355,Q3
-11.107799,3.226053,Q3
29.142637,-28.991219,Q4
27.843647,-43.261337,Q3
55.95058,-24.181303,Q2
1.0907696,-68.186325,Q5 (mais caro)
-1.1012001,7.7470946,Q5 (mais caro)
-34.158527,-11.479076,Q4
37.41917,5.4924526,Q5 (mais caro)
-11.560015,18.974522,Q5 (mais caro)
-37.506992,-1.267797,Q2
-10.791426,-5.367064,Q3
-97.75109,-15.191085,Q3
58.382027,-16.155926,Q3
76.322205,-5.4714665,Q3
-37.9249,-52.401028,Q4
-43.990433,-50.410076,Q4
30.793186,9.044188,Q4
-85.851875,-33.43184,Q4
1.4325885,15.5398445,Q4
58.94622,-1.154155,Q1 (mais barato)
-20.925787,-43.213284,Q1 (mais barato)
59.052853,13.344137,Q1 (mais barato)
-4.9585233,-81.10743,Q1 (mais barato)
24.830841,-59.923855,Q1 (mais barato)
88.987816,34.385868,Q1 (mais barato)
61.853405,-54.316208,Q1 (mais barato)
74.736115,6.53372,Q1 (mais barato)
-5.6445093,-37.433113,Q1 (mais barato)
79.96659,26.470634,Q1 (mais barato)
81.54132,32.117943,Q1 (mais barato)
-3.9682374,7.070351,Q1 (mais barato)
77.645874,16.858627,Q1 (mais barato)
48.1949,-39.462357,Q1 (mais barato)
-34.294704,-5.2880607,Q1 (mais barato)
73.68548,61.527504,Q1 (mais barato)
-24.992212,-4.1168118,Q1 (mais barato)
77.678825,17.201017,Q1 (mais barato)
-20.250458,-4.9721055,Q1 (mais barato)
85.74947,-47.85358,Q1 (mais barato)
64.13272,-50.37721,Q1 (mais barato)
65.23496,-63.80398,Q1 (mais barato)
-7.453561,-37.741642,Q2
-86.95806,-35.21432,Q1 (mais barato)
-44.05099,-50.474667,Q1 (mais barato)
-35.912247,-59.513935,Q1 (mais barato)
5.2341437,-8.1983185,Q1 (mais barato)
-35.47282,-59.53441,Q1 (mais barato)
-1.9303707,-77.33928,Q1 (mais barato)
7.4322577,-32.059883,Q2
-86.95109,-35.23051,Q1 (mais barato)
-91.783066,-33.80189,Q1 (mais barato)
76.02031,4.9922676,Q1 (mais barato)
-23.101755,-10.287912,Q1 (mais barato)
-1.8511006,6.8597455,Q2
-3.3610485,-35.89756,Q3
66.96231,-17.326351,Q3
59.226982,-22.643864,Q3
-33.906853,-45.958744,Q5 (mais caro)
71.52519,29.98687,Q3
-5.011353,-19.691095,Q3
25.320906,7.5269127,Q3
98.94375,-8.75238,Q4
17.499935,5.5811825,Q4
0.62968296,-101.88164,Q1 (mais barato)
-62.020107,-68.11572,Q1 (mais barato)
-10.316523,-23.600029,Q1 (mais barato)
44.937717,-36.637363,Q1 (mais barato)
81.19736,29.434956,Q1 (mais barato)
14.74479,-29.352022,Q1 (mais barato)
8.521507,-11.299,Q1 (mais barato)
88.28576,20.742798,Q1 (mais barato)
79.60914,23.262743,Q1 (mais barato)
-62.19913,-68.16223,Q1 (mais barato)
-10.343153,-24.03773,Q1 (mais barato)
-62.21259,-68.5948,Q1 (mais barato)
-62.2801,-68.67453,Q1 (mais barato)
73.56143,26.822702,Q1 (mais barato)
-62.462727,-68.50063,Q1 (mais barato)
-62.567703,-68.08759,Q1 (mais barato)
88.271545,20.770296,Q1 (mais barato)
-15.766121,-50.42994,Q1 (mais barato)
80.696945,31.138603,Q1 (mais barato)
-62.82391,-68.618256,Q1 (mais barato)
-62.904095,-68.65326,Q1 (mais barato)
-63.173306,-68.67474,Q1 (mais barato)
81.19515,29.438372,Q1 (mais barato)
-63.90637,-68.50314,Q1 (mais barato)
1.0630821,-100.77676,Q1 (mais barato)
5.4975734,-65.39433,Q1 (mais barato)
-1.7036154,-102.70123,Q1 (mais barato)
0.62968296,-101.88164,Q1 (mais barato)
0.62968296,-101.88164,Q1 (mais barato)
-1.7036177,-102.701225,Q1 (mais barato)
0.62968296,-101.88164,Q1 (mais barato)
0.62968296,-101.88164,Q1 (mais barato)
-1.7036154,-102.70123,Q1 (mais barato)
-1.7036177,-102.701225,Q1 (mais barato)
-1.7036154,-102.70123,Q1 (mais barato)
-1.7036177,-102.701225,Q1 (mais barato)
0.62968296,-101.88164,Q1 (mais barato)
-1.7036177,-102.701225,Q1 (mais barato)
-1.7036177,-102.701225,Q1 (mais barato)
-1.7036177,-102.701225,Q1 (mais barato)
-1.7044536,-102.701515,Q1 (mais barato)
-1.7036177,-102.701225,Q1 (mais barato)
-1.7036177,-102.701225,Q1 (mais barato)
-60.663383,-76.22983,Q1 (mais barato)
-60.676323,-76.316345,Q1 (mais barato)
-8.489193,-89.51743,Q1 (mais barato)
-8.489193,-89.51743,Q1 (mais barato)
-13.028896,-8.337151,Q1 (mais barato)
-8.489193,-89.51743,Q1 (mais barato)
-60.662533,-76.2264,Q1 (mais barato)
-60.664974,-76.252556,Q1 (mais barato)
-3.2000017,-65.92293,Q1 (mais barato)
-9.304629,-90.409805,Q1 (mais barato)
67.44704,-66.50184,Q1 (mais barato)
84.407295,-49.512463,Q1 (mais barato)
85.41977,-49.413883,Q1 (mais barato)
85.459305,-49.48152,Q1 (mais barato)
86.54715,35.247364,Q1 (mais barato)
77.41626,17.44906,Q1 (mais barato)
85.42175,-49.662773,Q1 (mais barato)
84.14809,-48.608753,Q1 (mais barato)
62.659527,-51.254658,Q1 (mais barato)
81.96339,-45.72423,Q1 (mais barato)
-13.028743,-8.33421,Q1 (mais barato)
89.74868,25.298367,Q1 (mais barato)
-56.908756,-86.569824,Q1 (mais barato)
45.191055,-56.285988,Q1 (mais barato)
82.8137,21.002058,Q1 (mais barato)
-56.8054,-86.510704,Q1 (mais barato)
77.3893,17.430073,Q1 (mais barato)
-56.775078,-86.46173,Q1 (mais barato)
-56.75783,-86.44333,Q1 (mais barato)
-56.4535,-86.27746,Q1 (mais barato)
12.12789,-25.405535,Q1 (mais barato)
-35.577393,-56.315155,Q1 (mais barato)
-10.305674,-96.58503,Q1 (mais barato)
-11.330975,-96.74132,Q1 (mais barato)
-11.330975,-96.74132,Q1 (mais barato)
-11.330975,-96.74132,Q1 (mais barato)
0.20743471,-81.10709,Q1 (mais barato)
-1.2295418,-80.62841,Q1 (mais barato)
-1.2102288,-80.70074,Q1 (mais barato)
0.46809426,-81.087585,Q1 (mais barato)
-11.330973,-96.74071,Q1 (mais barato)
-11.330975,-96.74132,Q1 (mais barato)
30.556398,-4.006573,Q2
87.030815,35.12574,Q2
-13.732972,-26.474302,Q2
3.2907026,-37.835842,Q2
-1.5569407,-75.284065,Q1 (mais barato)
-1.616052,-75.34623,Q1 (mais barato)
86.250626,-49.24151,Q1 (mais barato)
83.7425,-48.32019,Q1 (mais barato)
86.63141,18.961018,Q1 (mais barato)
-12.705907,-18.590687,Q1 (mais barato)
86.63605,20.253103,Q1 (mais barato)
-26.833399,-4.729662,Q1 (mais barato)
86.63712,20.252659,Q1 (mais barato)
86.634895,20.257465,Q1 (mais barato)
-56.43696,-75.1456,Q1 (mais barato)
80.7169,24.17718,Q1 (mais barato)
-56.440414,-75.148895,Q1 (mais barato)
-20.910675,-43.220478,Q1 (mais barato)
44.247055,-57.592106,Q1 (mais barato)
46.333347,-58.101395,Q1 (mais barato)
33.617767,-63.46178,Q1 (mais barato)
-20.917696,-43.215965,Q1 (mais barato)
-56.432266,-75.16039,Q1 (mais barato)
86.60828,20.303825,Q1 (mais barato)
-56.425644,-75.1783,Q1 (mais barato)
-56.4256,-75.18365,Q1 (mais barato)
-24.178585,-89.201836,Q1 (mais barato)
-5.727824,-74.643295,Q1 (mais barato)
-56.58731,-10.389519,Q1 (mais barato)
-23.433722,-90.08137,Q1 (mais barato)
-24.178585,-89.201836,Q1 (mais barato)
-23.433722,-90.08137,Q1 (mais barato)
-24.178585,-89.201836,Q1 (mais barato)
-23.433722,-90.08137,Q1 (mais barato)
-24.178585,-89.201836,Q1 (mais barato)
-23.433722,-90.08137,Q1 (mais barato)
58.462822,40.62424,Q5 (mais caro)
42.736607,21.831846,Q4
100.9344,-12.800205,Q5 (mais caro)
37.40778,5.502254,Q5 (mais caro)
0.64038837,25.332441,Q4
27.934175,-2.9167705,Q1 (mais barato)
12.864819,-10.68305,Q1 (mais barato)
33.684998,-0.61347866,Q2
58.51026,-23.705053,Q1 (mais barato)
0.6676582,-35.229374,Q2
-24.971405,-4.6038613,Q1 (mais barato)
23.430725,68.99139,Q1 (mais barato)
65.96334,1.5237805,Q1 (mais barato)
25.88042,-53.72519,Q3
-26.246214,-1.3288896,Q1 (mais barato)
47.610397,67.23883,Q1 (mais barato)
-2.0646489,-64.87729,Q1 (mais barato)
-6.8095098,-39.230644,Q3
50.075623,-2.3514993,Q1 (mais barato)
-31.606106,-57.647137,Q1 (mais barato)
-31.335367,-57.526722,Q1 (mais barato)
-53.044056,2.3333883,Q2
-36.263847,-45.18228,Q3
-29.36801,-7.325133,Q1 (mais barato)
17.778885,72.181366,Q5 (mais caro)
1.5541841,-74.38546,Q3
30.573357,-8.340028,Q5 (mais caro)
28.936096,-51.558506,Q4
54.43375,26.154522,Q3
-34.307175,-11.580007,Q4
6.2735767,-37.15593,Q2
31.71414,-54.411964,Q4
-10.771849,-7.2649245,Q2
65.82969,-8.499381,Q4
82.84157,-5.9257226,Q4
68.70199,-1.4199768,Q3
13.363771,-60.951607,Q4
81.6778,3.5017915,Q3
84.83612,-5.3005157,Q4
52.10577,43.265472,Q4
24.92973,-19.652296,Q4
12.247355,-15.7199,Q3
31.197077,-54.86434,Q3
102.76908,-9.248465,Q4
58.36767,-16.158648,Q3
25.216377,-17.245071,Q2
4.2101727,-43.924007,Q5 (mais caro)
-5.718483,-74.51299,Q5 (mais caro)
-36.235947,-53.45208,Q5 (mais caro)
16.433119,3.6255996,Q3
44.828922,47.607132,Q3
3.5601146,-45.67805,Q4
33.289265,8.976067,Q4
19.172735,-19.35481,Q3
-17.30664,7.629663,Q2
-5.9586344,-22.7784,Q2
58.67835,42.01948,Q2
23.307032,-20.705421,Q2
-1.2072521,-5.096169,Q4
31.528282,0.0051260297,Q2
45.429264,47.841393,Q3
24.341177,-34.298084,Q4
-11.111758,-23.321602,Q1 (mais barato)
3.291558,-37.838573,Q1 (mais barato)
74.0001,19.68395,Q1 (mais barato)
46.950924,-40.879314,Q1 (mais barato)
-9.061144,-39.64641,Q1 (mais barato)
1.8072004,-22.00183,Q2
76.48513,-12.288167,Q2
-24.850845,-4.515754,Q2
-9.104309,-39.15684,Q1 (mais barato)
-1.7588251,-64.98854,Q2
79.460365,19.966953,Q1 (mais barato)
0.41246113,-76.0749,Q2
31.527042,0.008026983,Q2
-8.975379,-40.586338,Q2
-36.67312,-54.592556,Q1 (mais barato)
-7.3925605,-72.11352,Q1 (mais barato)
-11.626799,-17.133017,Q1 (mais barato)
89.193794,21.989252,Q1 (mais barato)
89.19293,21.991035,Q1 (mais barato)
-11.519305,-16.677876,Q1 (mais barato)
89.31257,21.893057,Q1 (mais barato)
65.67813,-59.853645,Q1 (mais barato)
79.01801,-44.773945,Q1 (mais barato)
9.4289055,-5.6792135,Q1 (mais barato)
-11.525948,-16.66516,Q1 (mais barato)
-8.58186,-42.407684,Q1 (mais barato)
75.74238,4.7732277,Q1 (mais barato)
52.695858,-26.492811,Q1 (mais barato)
49.254574,-3.3442338,Q1 (mais barato)
63.626537,-23.107801,Q1 (mais barato)
-53.249054,-82.17891,Q1 (mais barato)
-53.23846,-82.18701,Q1 (mais barato)
-53.234844,-82.19565,Q1 (mais barato)
-18.186283,-86.0461,Q1 (mais barato)
58.97191,-1.818554,Q1 (mais barato)
13.687426,-28.300943,Q1 (mais barato)
68.41176,61.02151,Q1 (mais barato)
-32.79424,-59.707027,Q1 (mais barato)
23.087044,-32.351913,Q1 (mais barato)
-32.755848,-59.379623,Q1 (mais barato)
-32.65638,-59.411125,Q2
-18.186283,-86.0461,Q1 (mais barato)
66.301094,-66.64884,Q1 (mais barato)
68.57916,-64.95235,Q1 (mais barato)
67.89383,-68.33608,Q1 (mais barato)
84.3026,-49.512474,Q1 (mais barato)
-85.81925,-35.08254,Q1 (mais barato)
-27.986,-2.3075633,Q3
28.221796,-76.61401,Q2
10.812364,31.110554,Q5 (mais caro)
-26.719364,-7.886872,Q2
23.129805,-76.31573,Q2
25.52425,-76.39024,Q4
-95.254684,20.730423,Q3
23.61616,-72.63313,Q3
-1.5169946,12.75873,Q3
69.29555,59.499355,Q3
34.06616,-31.170448,Q5 (mais caro)
72.49617,56.471886,Q5 (mais caro)
38.66426,-31.477324,Q1 (mais barato)
38.658657,-31.483925,Q1 (mais barato)
56.43667,-8.247285,Q1 (mais barato)
70.851204,60.568863,Q2
-1.4248029,-70.76984,Q1 (mais barato)
41.881927,-83.77762,Q1 (mais barato)
82.11726,-26.919044,Q1 (mais barato)
-26.375093,-8.08852,Q2
26.271242,-76.85697,Q1 (mais barato)
28.026793,-74.79957,Q1 (mais barato)
25.826147,-103.91224,Q1 (mais barato)
-42.402786,-80.54084,Q1 (mais barato)
-15.698829,-50.05737,Q1 (mais barato)
-42.416,-80.54805,Q1 (mais barato)
-42.422012,-80.552284,Q1 (mais barato)
41.259117,-81.73695,Q1 (mais barato)
76.04205,-12.881179,Q1 (mais barato)
42.068966,-81.84237,Q1 (mais barato)
42.068966,-81.84237,Q1 (mais barato)
42.068966,-81.84237,Q1 (mais barato)
42.068966,-81.84237,Q1 (mais barato)
42.068966,-81.84237,Q1 (mais barato)
63.720562,-70.82488,Q1 (mais barato)
63.73908,-70.8455,Q1 (mais barato)
-4.579236,-33.037445,Q2
26.057104,-76.84709,Q4
33.213924,-1.5884389,Q5 (mais caro)
22.368025,-76.26758,Q5 (mais caro)
6.629888,-24.524414,Q5 (mais caro)
17.440424,-79.53831,Q3
23.267132,-76.64418,Q4
-26.577017,-8.25346,Q3
-26.908197,-8.848189,Q1 (mais barato)
-3.1777687,13.260675,Q4
19.869286,1.1959423,Q4
-26.211012,-9.0599,Q3
-10.821667,-17.809181,Q1 (mais barato)
-2.3346508,12.283026,Q5 (mais caro)
-17.510597,-14.188345,Q5 (mais caro)
71.08846,65.19041,Q4
39.072895,-45.968758,Q4
-52.933243,-27.352114,Q4
21.438759,52.55329,Q4
25.922184,-75.081,Q1 (mais barato)
41.122097,-81.727264,Q1 (mais barato)
36.05866,4.1600266,Q5 (mais caro)
1.4636829,-68.84342,Q3
27.63813,-26.230566,Q5 (mais caro)
45.77368,-47.550594,Q5 (mais caro)
-17.755152,-16.34177,Q3
-9.357498,-29.937504,Q4
-15.297879,3.369802,Q3
27.7216,-26.248991,Q5 (mais caro)
85.6604,-28.203402,Q5 (mais caro)
85.66098,-28.203924,Q5 (mais caro)
85.669495,-28.205454,Q5 (mais caro)
85.66098,-28.203924,Q5 (mais caro)
-14.08948,-27.38891,Q3
-16.35002,-35.444847,Q3
11.041092,-0.6648142,Q3
-15.498563,6.6450167,Q1 (mais barato)
-18.841991,-1.836038,Q2
7.6133037,-61.746525,Q3
37.219685,-46.44804,Q3
59.82716,-0.4525541,Q2
43.20659,-54.762184,Q1 (mais barato)
-3.4508715,-63.95318,Q3
24.231821,-59.90818,Q4
21.892689,-12.270973,Q4
36.162212,-45.67793,Q5 (mais caro)
83.141525,-9.011677,Q4
38.87757,-35.94722,Q5 (mais caro)
47.298008,-43.609642,Q3
7.5124526,-13.35939,Q2
11.522062,-54.958977,Q4
12.798762,-54.228546,Q5 (mais caro)
81.79059,3.8813806,Q3
-21.800734,-33.797733,Q2
35.51008,-16.41746,Q5 (mais caro)
53.456287,-12.563063,Q5 (mais caro)
30.909887,1.398952,Q5 (mais caro)
20.475803,-14.28167,Q5 (mais caro)
-34.18957,-33.043533,Q5 (mais caro)
-25.1862,-14.929676,Q5 (mais caro)
-36.15153,-40.394405,Q5 (mais caro)
26.192518,12.685468,Q5 (mais caro)
-15.410175,-4.6066694,Q3
109.90567,6.679426,Q3
-7.4652696,83.2887,Q3
4.4466457,-11.266346,Q3
30.756126,9.034728,Q3
20.476645,-14.280159,Q3
38.06863,-17.52957,Q4
-33.01151,-44.872303,Q4
4.0739083,-46.540245,Q4
48.754612,-0.5140516,Q4
41.899967,19.440138,Q5 (mais caro)
-4.629392,-57.145077,Q2
-4.3668766,14.5657215,Q1 (mais barato)
-16.322561,-35.323006,Q2
50.654564,69.23042,Q1 (mais barato)
60.79585,0.3110138,Q2
-39.47169,-40.944725,Q2
-34.71629,-48.860825,Q3
-20.08403,-5.3790474,Q3
-15.503899,5.1896977,Q4
-3.6242058,-62.36787,Q5 (mais caro)
28.242058,-25.082253,Q5 (mais caro)
30.519855,71.2456,Q5 (mais caro)
1.0496292,9.858126,Q5 (mais caro)
52.247643,-26.29803,Q3
75.85252,-12.763238,Q5 (mais caro)
99.64109,-14.302756,Q5 (mais caro)
42.8925,34.651966,Q4
37.0193,-43.437202,Q5 (mais caro)
52.61343,-26.276836,Q3
76.41733,-12.223802,Q5 (mais caro)
4.2897935,-63.42507,Q5 (mais caro)
100.25739,-34.684498,Q5 (mais caro)
39.757824,-43.743805,Q5 (mais caro)
-1.6497345,7.3431754,Q3
-3.8863518,-14.923453,Q2
49.27349,69.40903,Q2
41.440514,-34.355637,Q2
-13.864136,8.896994,Q2
-16.428572,-35.24409,Q3
46.385864,-40.435703,Q2
-3.0196908,-7.679893,Q3
-14.218303,-33.90402,Q3
48.32784,-36.284664,Q3
9.012769,0.31738463,Q3
37.610306,-22.55524,Q5 (mais caro)
27.97721,-41.085293,Q3
23.933132,68.17415,Q3
60.694336,-17.191607,Q3
-3.1060429,-26.884502,Q3
27.954218,-55.039852,Q3
-35.093563,-11.4299135,Q3
-3.008221,-13.990466,Q3
31.718256,69.94824,Q4
-4.050048,14.229493,Q3
37.73171,-22.44719,Q5 (mais caro)
-3.7047803,-63.067005,Q3
35.933052,-34.719532,Q5 (mais caro)
28.185997,-23.049698,Q5 (mais caro)
23.4636,-19.757433,Q5 (mais caro)
43.63308,34.833904,Q5 (mais caro)
25.578102,5.8103476,Q5 (mais caro)
0.6542452,-30.638899,Q5 (mais caro)
-34.481064,-44.521618,Q5 (mais caro)
56.996696,39.09793,Q5 (mais caro)
-46.884758,-9.991445,Q5 (mais caro)
29.555368,11.460711,Q5 (mais caro)
39.495464,15.0527,Q5 (mais caro)
6.5521636,-24.811739,Q5 (mais caro)
5.3901534,-23.63215,Q5 (mais caro)
76.92415,-12.329372,Q5 (mais caro)
20.479376,15.227755,Q5 (mais caro)
25.080395,15.8439045,Q5 (mais caro)
20.434435,15.171937,Q5 (mais caro)
-44.6648,-48.610947,Q2
58.12415,-16.075304,Q3
-1.4931917,-39.586582,Q3
-11.44017,26.631323,Q3
-19.64307,22.205126,Q3
-34.463764,-44.258488,Q4
35.657738,33.05255,Q4
-7.0546274,-9.119836,Q1 (mais barato)
91.28085,22.52672,Q2
75.80883,60.852077,Q2
-15.461803,6.5857806,Q1 (mais barato)
15.168913,89.611534,Q3
41.262585,-61.824673,Q3
-12.964274,-33.51411,Q1 (mais barato)
44.029377,-57.30213,Q2
-15.5214,6.7655954,Q2
65.26303,38.621994,Q2
-12.986276,-33.489643,Q1 (mais barato)
-12.177508,-13.875585,Q3
12.446303,-15.926455,Q3
47.93078,-40.953514,Q2
-23.852507,-6.722023,Q2
46.084957,-56.543568,Q1 (mais barato)
69.26228,1.0270585,Q1 (mais barato)
-3.6635249,-63.72471,Q2
81.7703,3.496955,Q2
61.325073,0.5841729,Q2
14.853226,-40.940647,Q2
68.005455,59.783295,Q2
65.780815,-51.23218,Q3
57.485065,42.675415,Q3
28.299637,-27.381462,Q3
-34.856937,-49.605244,Q4
67.73525,59.700413,Q4
42.261574,45.550705,Q3
44.991398,-40.231308,Q3
1.6344717,-4.417177,Q3
-1.0091449,-58.62196,Q3
39.532677,-55.226704,Q4
-15.502692,-48.116016,Q2
21.814283,18.557446,Q4
2.796736,-72.7381,Q3
-15.831251,6.548203,Q2
-23.15523,-9.978856,Q2
32.766434,69.32646,Q5 (mais caro)
27.105076,-61.602318,Q2
42.82957,15.10956,Q4
-26.334486,-29.490347,Q5 (mais caro)
17.69189,11.656224,Q5 (mais caro)
6.4648213,-66.704544,Q4
41.52601,-46.505043,Q5 (mais caro)
38.71673,-60.999626,Q5 (mais caro)
-31.72005,-21.442394,Q4
41.28373,73.02303,Q5 (mais caro)
8.67833,3.6620326,Q5 (mais caro)
15.441177,34.035767,Q3
-18.7271,-15.358717,Q5 (mais caro)
-25.735884,-23.419996,Q5 (mais caro)
49.256847,69.43767,Q2
25.334904,-56.31837,Q2
25.717878,-58.55508,Q3
-22.542719,-7.9271445,Q3
4.7511077,14.916876,Q3
1.5900127,25.429314,Q3
-13.913364,-35.51595,Q3
39.521133,-46.4974,Q3
-3.8822215,-67.505066,Q2
29.29263,-1.9812329,Q3
28.372173,1.1995622,Q3
59.416473,41.277416,Q3
8.544412,-14.2888365,Q2
83.0685,17.104603,Q2
-17.109995,-32.552692,Q4
-27.189405,0.5492612,Q3
-13.990293,-35.28842,Q2
-35.321453,-11.018425,Q3
42.109898,-55.01692,Q4
31.552036,70.396194,Q3
58.740425,41.85957,Q4
-4.3953013,8.722696,Q4
106.70265,5.598613,Q4
33.63682,-34.302982,Q4
55.83437,40.67082,Q3
80.81545,-4.641048,Q4
6.231394,-5.9872694,Q4
-3.3873446,-64.141914,Q4
82.12042,-3.7353287,Q4
59.91293,23.683859,Q4
9.01515,0.67002714,Q4
37.23809,-46.74178,Q4
-5.404313,-62.842167,Q3
-16.998007,-17.162123,Q2
23.736168,68.11855,Q4
-17.008938,-17.154041,Q3
38.71025,-61.59974,Q4
59.758286,41.264214,Q5 (mais caro)
-2.2369335,-31.5937,Q2
60.46197,23.442982,Q4
23.488565,-31.809462,Q5 (mais caro)
-37.351265,-36.571095,Q5 (mais caro)
56.586887,40.61171,Q5 (mais caro)
-4.2208257,-48.93761,Q2
65.993416,37.964073,Q2
61.809692,1.5011907,Q2
65.62987,38.322052,Q3
49.957542,-2.3961163,Q3
66.18162,-0.26658604,Q3
-33.928787,-44.97033,Q3
24.801512,-32.749714,Q3
-7.447466,-6.0190396,Q3
37.30005,5.73489,Q4
11.135014,60.79975,Q4
71.45276,30.030518,Q4
58.807175,13.388115,Q4
-31.30403,-51.833946,Q4
30.518133,10.229531,Q4
17.864502,-33.94683,Q4
106.63925,6.0031357,Q4
-31.002142,-22.50725,Q5 (mais caro)
41.43899,14.740441,Q4
54.88966,26.456232,Q5 (mais caro)
-16.269098,-35.733402,Q2
68.776535,0.23118535,Q3
45.062923,21.839024,Q4
52.87257,69.605545,Q4
12.154558,-15.618168,Q3
77.43699,3.7016518,Q3
-1.3277609,-38.448418,Q4
46.4459,22.997372,Q4
28.432657,0.19081768,Q4
25.177572,-34.411594,Q4
58.906094,-0.86883706,Q4
22.924608,17.957123,Q5 (mais caro)
106.665474,4.5694942,Q5 (mais caro)
20.36067,-37.10841,Q5 (mais caro)
-7.314757,-6.061424,Q4
57.244026,-17.867472,Q4
5.8280745,-67.1941,Q4
-2.7074769,-14.380626,Q3
78.70406,0.5244498,Q5 (mais caro)
13.348878,72.35311,Q4
4.7113695,14.741688,Q5 (mais caro)
61.62582,-8.613594,Q5 (mais caro)
81.6395,3.315404,Q4
-18.385298,3.5719829,Q5 (mais caro)
41.073868,20.241974,Q5 (mais caro)
8.616053,-20.788652,Q4
17.232885,17.805025,Q5 (mais caro)
73.34397,1.2121537,Q4
103.2465,-9.933386,Q5 (mais caro)
62.236637,-7.7391863,Q5 (mais caro)
68.870026,-0.966515,Q5 (mais caro)
37.60644,-13.19915,Q5 (mais caro)
8.166791,-26.994009,Q5 (mais caro)
-24.737799,-26.285547,Q5 (mais caro)
46.86297,-2.141185,Q5 (mais caro)
39.619976,-20.037159,Q5 (mais caro)
-26.407927,-24.088095,Q5 (mais caro)
-25.493435,-24.19097,Q5 (mais caro)
-3.8450363,-14.943869,Q3
-19.734472,7.115021,Q4
62.741283,39.058887,Q5 (mais caro)
-37.330856,-33.555393,Q5 (mais caro)
17.918606,-16.573929,Q5 (mais caro)
22.873793,-31.169039,Q5 (mais caro)
-37.020477,-38.07431,Q5 (mais caro)
54.988415,34.650864,Q5 (mais caro)
-36.80314,-33.042107,Q5 (mais caro)
24.205902,-32.68613,Q5 (mais caro)
75.70899,-13.218764,Q5 (mais caro)
-33.53251,-32.15454,Q5 (mais caro)
23.322792,18.090006,Q3
55.33588,1.5148119,Q4
-8.466294,1.7096936,Q4
69.39849,-49.244938,Q2
48.8306,-41.63727,Q2
65.3471,38.852253,Q2
81.92003,-51.268536,Q1 (mais barato)
-34.041393,-48.736412,Q1 (mais barato)
-5.193611,-4.696076,Q2
69.64087,-50.38778,Q4
-15.881594,-3.568088,Q1 (mais barato)
-21.077068,-41.86337,Q2
68.072105,59.81371,Q1 (mais barato)
75.168434,2.697006,Q2
63.60342,-52.163914,Q1 (mais barato)
90.12134,32.704,Q1 (mais barato)
73.9391,3.196925,Q1 (mais barato)
5.7802863,-2.203385,Q2
90.822754,24.305237,Q1 (mais barato)
-30.216085,-52.957428,Q1 (mais barato)
33.064976,2.3531694,Q4
102.77809,-8.239356,Q4
61.9163,-39.61008,Q5 (mais caro)
69.16466,-2.2050583,Q4
54.905067,-22.762352,Q3
-7.08539,-9.018089,Q4
38.99901,-18.30636,Q5 (mais caro)
28.434528,-29.346622,Q5 (mais caro)
32.456806,-17.929724,Q5 (mais caro)
76.14545,22.511421,Q2
1.0914963,12.553392,Q3
45.16334,-40.812225,Q2
0.021768814,-32.51225,Q2
-15.799862,5.9584036,Q3
84.20485,23.867296,Q3
-23.239004,-9.841365,Q1 (mais barato)
-24.249104,-7.5802426,Q3
-15.75775,-33.00279,Q3
-3.4744701,-62.19553,Q3
22.14659,12.89289,Q4
69.57133,-4.669136,Q3
12.31701,-55.66736,Q5 (mais caro)
38.399876,-45.68753,Q5 (mais caro)
31.032923,1.013752,Q5 (mais caro)
68.143135,-4.4298406,Q5 (mais caro)
23.864809,-33.662815,Q3
-24.219103,39.8628,Q3
11.464878,-33.062435,Q4
109.89032,6.3829756,Q4
-37.66312,-9.662414,Q3
33.97312,-11.694849,Q2
25.052929,-19.342747,Q3
-15.866329,-48.852066,Q1 (mais barato)
53.42401,-26.67023,Q1 (mais barato)
-31.358278,-52.873646,Q1 (mais barato)
33.554623,23.613691,Q2
-6.273026,-65.53715,Q1 (mais barato)
-31.17387,-53.18059,Q2
80.20873,31.82271,Q2
58.87756,1.4068123,Q4
29.304066,-5.6428065,Q3
-20.280033,-32.467453,Q3
-13.726448,-32.074467,Q4
8.374666,3.4019601,Q4
58.662537,-2.9581144,Q2
2.176679,24.843193,Q2
-3.897282,-19.339144,Q1 (mais barato)
91.47856,22.493153,Q2
43.794147,-55.791424,Q2
43.976704,-57.281635,Q1 (mais barato)
37.523056,-35.928013,Q3
30.285833,-59.66943,Q2
26.9166,-57.925346,Q2
82.32003,-6.6211505,Q3
-16.759098,-16.408024,Q1 (mais barato)
46.36062,-61.187614,Q2
30.815426,-59.445023,Q1 (mais barato)
-15.387204,-48.247337,Q3
45.102524,-56.422405,Q1 (mais barato)
-3.0754452,-26.736588,Q2
6.635912,-61.590355,Q2
47.30932,-32.619694,Q4
59.776535,40.75501,Q3
11.350264,-42.17024,Q3
33.153973,1.205877,Q3
-32.386204,-50.547134,Q1 (mais barato)
62.597157,0.68713963,Q2
46.430325,-61.180565,Q2
58.262295,39.42696,Q2
14.765799,-42.39528,Q2
-6.81391,83.23887,Q3
9.705906,-26.822844,Q3
36.72171,-41.593235,Q5 (mais caro)
36.722485,-41.593353,Q5 (mais caro)
8.682242,1.4976978,Q5 (mais caro)
28.478727,-29.349707,Q5 (mais caro)
57.51433,-24.767134,Q4
-8.903625,-30.070663,Q3
-17.489033,-14.586181,Q4
17.90025,11.190169,Q5 (mais caro)
76.468796,-12.24697,Q5 (mais caro)
9.982444,11.754341,Q5 (mais caro)
-11.399886,-33.357582,Q5 (mais caro)
58.380386,13.717541,Q2
53.658592,-26.604948,Q4
18.228134,16.331274,Q4
10.034745,-49.656948,Q5 (mais caro)
10.034745,-49.656948,Q5 (mais caro)
18.886341,-31.21029,Q5 (mais caro)
57.75916,13.498953,Q4
53.482746,-12.572322,Q5 (mais caro)
32.040356,-15.693816,Q4
38.47228,-41.146362,Q5 (mais caro)
103.330475,-8.978888,Q5 (mais caro)
24.248869,-26.171339,Q5 (mais caro)
24.249462,-26.171389,Q5 (mais caro)
105.013664,-9.663822,Q5 (mais caro)
-5.578315,-71.96413,Q4
59.251877,15.112096,Q2
36.71436,-41.591797,Q5 (mais caro)
53.481075,-12.573255,Q5 (mais caro)
-20.827627,-30.857437,Q4
9.979547,-49.628044,Q5 (mais caro)
9.979547,-49.628044,Q5 (mais caro)
9.979637,-49.62799,Q5 (mais caro)
-24.505827,-29.120165,Q5 (mais caro)
88.72543,-29.90059,Q5 (mais caro)
88.72543,-29.90059,Q5 (mais caro)
86.55207,-28.353525,Q5 (mais caro)
68.74059,-4.235393,Q5 (mais caro)
-17.774908,-31.442461,Q4
40.894573,-50.930084,Q5 (mais caro)
-6.314595,-61.60449,Q5 (mais caro)
56.868732,13.222291,Q4
32.44337,-17.308647,Q5 (mais caro)
12.110097,-55.779354,Q5 (mais caro)
44.55678,45.792107,Q4
35.284264,4.1000595,Q5 (mais caro)
36.230366,-52.158585,Q4
31.900911,20.350267,Q5 (mais caro)
9.426519,4.3233776,Q5 (mais caro)
35.900517,-12.765928,Q5 (mais caro)
53.475212,-12.576803,Q5 (mais caro)
0.07149438,-16.691334,Q5 (mais caro)
37.136288,-13.855634,Q5 (mais caro)
23.569567,-57.80096,Q5 (mais caro)
-17.767431,-16.258339,Q4
52.3352,-13.594712,Q5 (mais caro)
38.103584,-53.928722,Q4
31.177155,-54.646385,Q4
10.049477,-49.68705,Q5 (mais caro)
86.16566,-29.366806,Q5 (mais caro)
9.780934,5.2571282,Q5 (mais caro)
56.78113,13.168271,Q5 (mais caro)
35.759262,-9.639268,Q5 (mais caro)
-25.950634,-23.194696,Q5 (mais caro)
7.9986153,-2.9856718,Q2
44.91218,-40.214508,Q2
44.910843,-40.215324,Q3
10.927081,-55.392384,Q5 (mais caro)
23.198034,3.047486,Q4
44.20603,-39.801403,Q2
36.53938,3.5875535,Q4
50.58942,-26.369251,Q4
22.828785,-22.451792,Q3
9.980559,2.9748545,Q3
-23.31666,13.730176,Q4
39.725956,-40.112232,Q4
99.719696,-14.296563,Q4
64.69895,38.611927,Q4
76.765114,-6.4619145,Q4
-1.0879698,-2.6696248,Q4
-6.184068,-0.61748755,Q4
-6.0583997,-33.737003,Q4
-3.000935,-18.272484,Q4
61.365498,-17.685326,Q5 (mais caro)
11.777633,-31.594717,Q3
58.796818,14.589891,Q4
31.695482,-14.458537,Q4
-5.2835755,-14.440365,Q4
75.81422,-13.030994,Q4
41.659023,-58.659985,Q3
59.787598,40.75802,Q4
13.4814005,-60.83413,Q4
51.7767,-23.655348,Q4
28.546118,-35.29788,Q4
-27.444014,46.934498,Q4
-17.542122,-31.93759,Q4
47.824657,69.14087,Q2
32.750416,-34.091377,Q5 (mais caro)
37.59946,-21.626009,Q4
8.276417,0.6989515,Q5 (mais caro)
64.91028,-22.160625,Q4
32.62919,-14.183743,Q4
37.05161,-56.195568,Q3
35.559525,-16.238358,Q4
72.29562,56.626347,Q5 (mais caro)
15.233321,29.470785,Q3
24.189346,-26.150501,Q4
-21.430008,-31.636766,Q5 (mais caro)
-11.465413,-33.0364,Q2
-16.36744,6.42136,Q3
75.579346,6.398486,Q3
60.901226,37.16877,Q5 (mais caro)
24.314941,-56.423325,Q5 (mais caro)
8.492664,0.7384365,Q4
32.81117,-14.253995,Q4
1.1905878,-68.41986,Q5 (mais caro)
-2.416688,-61.265953,Q4
19.09295,-27.248156,Q5 (mais caro)
64.06183,-22.55177,Q5 (mais caro)
40.944363,21.066523,Q4
103.0904,-9.122802,Q5 (mais caro)
-23.583157,-7.558505,Q2
84.8136,-6.401004,Q5 (mais caro)
60.426277,37.860947,Q5 (mais caro)
4.212835,-64.08302,Q5 (mais caro)
1.4439483,-44.402744,Q5 (mais caro)
103.130936,-9.10274,Q5 (mais caro)
-5.568713,-61.962692,Q4
17.334343,-37.10105,Q5 (mais caro)
108.18066,7.401503,Q5 (mais caro)
60.846367,36.285202,Q5 (mais caro)
-34.73986,-33.169296,Q5 (mais caro)
17.441715,-37.19825,Q5 (mais caro)
10.974089,-42.32454,Q5 (mais caro)
-0.57153106,-48.225407,Q5 (mais caro)
23.602205,-31.812632,Q5 (mais caro)
-36.607113,-39.079792,Q5 (mais caro)
-32.22395,-44.94297,Q5 (mais caro)
-34.254524,-32.993927,Q5 (mais caro)
76.40466,-12.374127,Q5 (mais caro)
82.44744,-8.299347,Q5 (mais caro)
-32.877026,-39.522236,Q5 (mais caro)
10.823772,-49.011806,Q5 (mais caro)
6.7162066,-19.493113,Q5 (mais caro)
101.208725,-5.3874817,Q5 (mais caro)
99.310455,-8.40003,Q5 (mais caro)
20.323397,-28.7953,Q5 (mais caro)
-33.317093,-38.563015,Q5 (mais caro)
20.322954,-28.79664,Q5 (mais caro)
100.138435,-6.5433044,Q5 (mais caro)
-36.60575,-35.44195,Q5 (mais caro)
-31.115538,-44.347176,Q5 (mais caro)
-33.45314,-33.039124,Q5 (mais caro)
-36.110725,-33.95171,Q5 (mais caro)
-33.872337,-32.372257,Q5 (mais caro)
-36.621273,-32.12227,Q5 (mais caro)
58.32622,13.886037,Q2
59.904858,-40.509758,Q5 (mais caro)
-30.638752,-50.16478,Q5 (mais caro)
-14.023347,-6.494687,Q5 (mais caro)
60.80221,-6.8973775,Q5 (mais caro)
12.874602,-26.134495,Q5 (mais caro)
-34.145264,-32.7992,Q5 (mais caro)
-36.499382,-33.242718,Q5 (mais caro)
13.506727,-43.353767,Q5 (mais caro)
-31.175503,-41.91037,Q5 (mais caro)
-36.502945,-33.32377,Q5 (mais caro)
31.366022,2.1567116,Q5 (mais caro)
-36.54751,-32.686928,Q5 (mais caro)
62.50061,20.732098,Q3
2.232682,-26.166151,Q3
-3.637906,-49.549835,Q4
-15.456714,18.69104,Q4
3.7261672,-26.255583,Q4
31.290804,0.47205406,Q4
26.775225,-2.0102224,Q4
59.784977,15.241872,Q4
29.784945,-0.17728877,Q4
3.8400743,-26.353497,Q4
22.169104,12.96162,Q4
57.17393,38.83766,Q4
-30.662237,-50.179348,Q4
29.789562,-0.24924724,Q4
76.32956,6.1334753,Q4
32.30138,3.8076355,Q4
-31.821585,-49.40383,Q4
25.324234,7.527329,Q4
-31.825546,-49.4014,Q4
-33.303047,-44.397575,Q4
-32.222,-44.94306,Q4
6.016087,-18.330173,Q4
5.3609443,-34.45446,Q4
59.67811,-20.41071,Q4
84.2989,-29.442,Q4
16.213531,-46.085697,Q4
73.64753,6.304762,Q2
60.272915,13.573132,Q1 (mais barato)
11.147234,-0.7225015,Q2
-3.697857,-49.67131,Q3
-30.548588,-51.72302,Q1 (mais barato)
25.789492,-22.689508,Q5 (mais caro)
37.555603,-14.019485,Q4
1.0950226,-24.178135,Q5 (mais caro)
5.525878,11.59359,Q3
15.229384,-43.35841,Q5 (mais caro)
62.054527,-37.952168,Q4
40.646236,12.34526,Q4
-15.79521,-47.3827,Q2
43.8039,-36.92919,Q2
30.851717,-59.438393,Q1 (mais barato)
29.246487,-58.68065,Q2
91.31744,21.647429,Q1 (mais barato)
54.69489,-21.27145,Q1 (mais barato)
13.4237795,-41.647163,Q1 (mais barato)
-29.356936,-51.86081,Q2
17.160378,15.908245,Q4
38.344383,-43.147278,Q5 (mais caro)
30.162682,-11.7208605,Q3
44.71959,23.71086,Q5 (mais caro)
-24.948107,-28.750952,Q5 (mais caro)
-24.94822,-28.750826,Q5 (mais caro)
48.403072,18.334835,Q4
32.99519,34.56133,Q4
-24.95197,-28.737274,Q5 (mais caro)
16.948904,18.334343,Q3
30.375513,-12.207409,Q2
-5.4706583,-62.79018,Q3
60.07179,13.718474,Q4
40.255867,-61.558525,Q4
42.64533,-41.045174,Q3
33.98155,-11.562475,Q3
52.605007,-26.289816,Q4
78.0651,-12.539605,Q5 (mais caro)
-24.971695,-28.667795,Q3
-15.04904,-32.476852,Q3
24.11362,11.670484,Q3
72.27839,31.994574,Q4
31.179813,24.547188,Q4
43.57385,34.826206,Q5 (mais caro)
29.226097,18.57728,Q5 (mais caro)
27.877024,-42.935406,Q5 (mais caro)
-24.9361,-31.742136,Q4
16.213472,28.72476,Q2
31.58545,-8.026441,Q4
42.20297,-6.5426497,Q5 (mais caro)
41.53803,-6.891838,Q5 (mais caro)
52.06369,-21.039051,Q5 (mais caro)
78.05857,-6.6282096,Q5 (mais caro)
49.805077,11.287661,Q5 (mais caro)
8.911391,1.2541324,Q3
60.620956,-47.23037,Q4
85.73857,-5.9482517,Q5 (mais caro)
16.457333,15.954328,Q5 (mais caro)
31.532173,-19.209791,Q5 (mais caro)
29.029625,1.6651448,Q4
-4.180176,-63.73818,Q4
-2.4510913,-61.56554,Q3
-34.288853,23.808756,Q5 (mais caro)
-18.717041,4.7260146,Q3
35.850166,-50.71066,Q5 (mais caro)
1.0327191,9.850743,Q5 (mais caro)
-25.201937,-28.127005,Q5 (mais caro)
-25.786345,-27.16248,Q5 (mais caro)
22.681131,-58.41535,Q4
-6.9876657,-61.23137,Q5 (mais caro)
-12.367081,-62.387974,Q5 (mais caro)
-15.13452,-32.291237,Q4
59.240944,23.202908,Q5 (mais caro)
36.229816,-52.04554,Q4
54.851826,-6.166349,Q4
69.835625,-51.111164,Q5 (mais caro)
62.66935,-54.743362,Q2
58.720364,17.911373,Q3
-25.122093,2.7912748,Q3
7.4930687,-14.552232,Q4
83.072586,21.482517,Q3
-6.984807,-29.441263,Q3
46.297096,-22.970718,Q3
11.082062,-17.639595,Q3
62.007954,-46.022217,Q3
43.670567,45.629112,Q2
29.749378,83.01173,Q3
59.640648,-36.533573,Q3
15.7470045,28.813223,Q5 (mais caro)
5.96624,-65.63236,Q2
30.473024,-48.185623,Q3
63.74827,-20.231173,Q4
5.939203,-65.612175,Q4
23.498562,-17.380789,Q3
37.887966,48.642338,Q4
24.986862,-18.814371,Q3
87.83188,36.478886,Q2
21.24769,-6.23414,Q2
-8.273372,-27.825907,Q2
83.54586,-5.003901,Q3
0.9577825,-26.507689,Q2
63.67002,-53.711254,Q2
4.8349066,-32.54946,Q2
64.794785,-39.226986,Q4
61.481586,11.045425,Q4
-17.439394,7.1779976,Q3
-10.985613,24.525179,Q4
62.311813,-8.206316,Q4
52.317997,43.099007,Q4
17.579958,53.763298,Q4
31.992973,-15.622303,Q3
25.840893,-22.21818,Q4
106.48461,5.8005414,Q4
51.840107,-24.58104,Q4
-0.9323809,7.782684,Q4
23.968035,87.29027,Q3
38.94862,-45.656242,Q4
62.267395,23.281002,Q4
66.53684,-19.568087,Q5 (mais caro)
-18.646048,4.4987054,Q4
7.3743396,-7.342766,Q4
103.11506,-9.101466,Q5 (mais caro)
-14.555028,-32.95343,Q5 (mais caro)
22.954872,87.854774,Q3
17.341805,17.717886,Q3
-22.957857,-30.649614,Q5 (mais caro)
-22.957808,-30.65191,Q5 (mais caro)
19.395102,83.84482,Q3
29.782017,80.34261,Q4
13.538513,-23.465588,Q4
40.564423,-62.734146,Q4
74.10856,3.6190705,Q2
28.49182,2.568289,Q3
7.564135,-14.0988035,Q3
29.24638,-18.836212,Q4
53.721535,-41.11226,Q4
35.785027,-34.86043,Q3
41.558407,-8.79031,Q3
-17.323221,-18.323452,Q3
-11.941314,-62.68751,Q4
-12.17375,3.1958625,Q3
8.074029,54.70239,Q3
11.891527,33.72396,Q4
-22.446653,-30.851732,Q4
-2.9202273,13.715008,Q4
5.87718,-5.9644065,Q4
1.5553318,-44.17956,Q5 (mais caro)
-33.75369,-49.492218,Q5 (mais caro)
-38.191547,-33.414303,Q5 (mais caro)
108.21802,7.622185,Q5 (mais caro)
20.736004,15.948698,Q5 (mais caro)
85.86416,-8.77296,Q5 (mais caro)
40.223606,20.63517,Q5 (mais caro)
73.35572,3.5553179,Q1 (mais barato)
8.76078,-23.621758,Q5 (mais caro)
-27.466473,46.875103,Q2
18.514957,13.802925,Q2
59.37732,40.287014,Q3
-31.246798,-50.953117,Q3
23.287777,18.083477,Q3
57.520317,37.934578,Q3
21.14203,13.018989,Q3
24.510485,-30.70622,Q3
39.448895,-51.739914,Q3
60.06716,1.0742885,Q3
109.66261,6.4349127,Q3
-17.014051,16.480019,Q4
-31.20529,-42.105053,Q4
71.560135,30.06434,Q4
5.220073,-32.526188,Q4
69.15872,-5.2850747,Q4
-20.811392,41.934814,Q4
61.683174,38.691364,Q4
-8.347204,21.815628,Q4
30.137272,6.7797046,Q4
21.770948,18.761112,Q4
19.727362,-46.058243,Q4
17.30393,15.338651,Q4
41.264484,14.803741,Q4
19.577093,-40.749718,Q4
4.088981,-46.92797,Q4
-12.023233,19.065184,Q4
57.871803,13.420343,Q4
-12.091418,-31.54579,Q1 (mais barato)
-17.255249,-18.670866,Q1 (mais barato)
18.730501,16.680777,Q3
103.37678,-6.078864,Q5 (mais caro)
37.87259,-17.422865,Q5 (mais caro)
85.1957,-6.1031876,Q5 (mais caro)
33.675453,74.41729,Q5 (mais caro)
45.205048,45.33019,Q4
57.74357,-24.440598,Q4
30.879097,-28.693794,Q5 (mais caro)
53.545437,-41.59449,Q5 (mais caro)
25.93627,9.280917,Q5 (mais caro)
-16.33907,4.772472,Q5 (mais caro)
13.139273,11.426071,Q5 (mais caro)
103.48535,-8.793446,Q5 (mais caro)
31.419373,-39.760548,Q5 (mais caro)
44.76156,63.537838,Q4
-33.993225,-21.890617,Q5 (mais caro)
-21.851442,-31.695566,Q2
37.115208,-37.375584,Q3
-4.145052,8.601147,Q4
-36.13416,-11.239327,Q1 (mais barato)
43.139984,-8.332527,Q4
75.43977,-10.046968,Q4
27.556604,-6.942785,Q4
45.95712,-35.7722,Q4
65.72445,-6.6074376,Q5 (mais caro)
18.31857,-32.188805,Q4
-34.889572,-44.613514,Q5 (mais caro)
-34.151997,-32.94253,Q5 (mais caro)
83.30618,-7.1813955,Q5 (mais caro)
101.16828,-7.226387,Q5 (mais caro)
55.22217,34.71231,Q5 (mais caro)
-44.387165,-48.656754,Q2
-33.50986,-45.33945,Q3
45.960632,45.817284,Q4
23.623484,17.218096,Q4
0.75850356,-67.47773,Q4
90.581215,22.033323,Q1 (mais barato)
32.422962,-22.189913,Q4
20.12958,-37.07136,Q4
28.716837,22.443062,Q4
50.779293,-3.2515962,Q2
52.816097,-26.647532,Q1 (mais barato)
-18.67637,-14.519533,Q5 (mais caro)
58.427876,40.61642,Q4
11.14186,-0.32685393,Q5 (mais caro)
36.429752,-33.89627,Q5 (mais caro)
14.953968,-36.808174,Q5 (mais caro)
99.08936,-8.558741,Q5 (mais caro)
-34.547607,-44.542473,Q5 (mais caro)
23.631401,-60.054985,Q5 (mais caro)
-25.148237,-28.125473,Q5 (mais caro)
25.614944,-58.579884,Q2
-13.15223,-34.393883,Q2
-18.7093,-19.522158,Q2
46.98406,-40.810833,Q3
33.959164,35.442585,Q3
60.533997,-38.176167,Q2
-15.851254,-16.183525,Q2
65.378555,-3.3230658,Q3
27.998117,-30.311064,Q5 (mais caro)
-11.019822,24.441584,Q3
48.767727,14.973713,Q3
-8.882162,18.919636,Q3
-4.186012,5.463847,Q4
44.693527,21.171793,Q4
-20.891851,-8.187843,Q5 (mais caro)
33.981277,33.905025,Q5 (mais caro)
38.218292,-12.338301,Q4
-27.787216,-29.248487,Q4
-17.555424,-31.276873,Q4
-1.044194,-72.536835,Q3
76.2137,-0.7783563,Q5 (mais caro)
37.132294,-13.827314,Q5 (mais caro)
-18.354063,3.9707701,Q5 (mais caro)
85.66194,-5.6882296,Q5 (mais caro)
82.29048,-25.349787,Q5 (mais caro)
31.459364,2.2800279,Q5 (mais caro)
70.79012,-8.405288,Q5 (mais caro)
59.531033,15.497897,Q5 (mais caro)
42.012077,15.188091,Q5 (mais caro)
39.91368,12.609106,Q5 (mais caro)
83.51105,-3.2106361,Q5 (mais caro)
33.627987,22.101889,Q4
17.331663,0.90146226,Q4
13.269423,10.640232,Q4
-33.389294,-22.223469,Q4
10.31952,10.363389,Q4
-1.4791511,7.787079,Q3
27.781906,79.76741,Q3
108.11376,7.7764053,Q4
37.296722,-36.54712,Q4
87.45643,-6.5795465,Q4
25.591099,-4.8195877,Q4
-13.68584,-34.156277,Q5 (mais caro)
86.20391,-30.240583,Q4
4.8158617,-31.071562,Q3
30.369125,-53.640884,Q4
-23.575287,-8.105137,Q2
58.178852,40.701538,Q5 (mais caro)
35.817715,7.9279943,Q5 (mais caro)
28.644281,-61.446415,Q1 (mais barato)
25.350277,-4.7613635,Q5 (mais caro)
29.578445,21.074377,Q4
103.15014,-9.064863,Q5 (mais caro)
-16.050322,5.7222614,Q3
21.999226,-55.302765,Q3
17.264982,32.03225,Q5 (mais caro)
56.730614,35.9528,Q5 (mais caro)
39.98053,14.641992,Q5 (mais caro)
19.919968,-40.766132,Q5 (mais caro)
33.936573,6.6431465,Q5 (mais caro)
23.210358,15.217528,Q5 (mais caro)
38.111042,19.136944,Q5 (mais caro)
86.31295,-6.927465,Q5 (mais caro)
-36.693012,-32.68876,Q5 (mais caro)
73.94037,4.0365114,Q2
8.406723,-30.32771,Q3
19.21383,17.458563,Q3
-43.80243,-47.83623,Q3
33.29397,24.955008,Q4
19.622902,17.38174,Q4
-31.804026,-41.30387,Q4
-5.896844,-2.2472847,Q4
33.989246,9.00146,Q4
57.285843,11.705745,Q4
66.20911,-4.4372144,Q4
49.583397,-5.20547,Q4
44.462566,43.083145,Q4
69.09014,-2.4850483,Q4
25.951607,-14.870717,Q4
69.29464,-1.8303484,Q4
-19.810678,4.456267,Q5 (mais caro)
24.369762,-10.863156,Q2
23.401339,-20.518751,Q3
63.347874,-38.75556,Q3
-6.9242864,2.9798474,Q3
66.91772,56.311565,Q5 (mais caro)
52.95132,-12.646823,Q5 (mais caro)
56.99307,39.08046,Q4
-34.20056,-49.088,Q4
-15.717119,-16.236746,Q1 (mais barato)
91.27297,22.516804,Q1 (mais barato)
-12.355136,-34.72543,Q2
76.38575,1.0818635,Q2
1.8121432,-21.988058,Q2
61.20557,-17.710754,Q2
-5.2627516,-74.18756,Q2
85.41907,29.809097,Q2
-1.3649923,-38.522564,Q2
73.467964,31.230934,Q3
-38.276207,-42.388577,Q2
-1.3374993,-2.7695653,Q1 (mais barato)
5.3870373,-65.67287,Q1 (mais barato)
82.76365,-26.991531,Q2
63.426937,-38.55055,Q2
26.521107,-14.706912,Q4
25.947733,-74.777176,Q4
6.7641234,-21.616068,Q3
28.259602,-79.673355,Q3
72.87685,58.21376,Q4
45.282074,63.914783,Q3
-25.49714,-8.516841,Q4
54.054867,34.437214,Q5 (mais caro)
-25.473614,-8.404753,Q2
-19.381882,-15.536502,Q4
-15.947855,-15.640406,Q1 (mais barato)
45.865875,64.59459,Q3
26.07676,-72.593834,Q4
23.66978,-76.15331,Q4
41.75145,14.800738,Q4
27.5957,-78.565994,Q1 (mais barato)
23.808748,-75.95583,Q3
18.78225,-32.016785,Q5 (mais caro)
1.6668262,-70.895515,Q3
-14.105987,-2.480877,Q3
27.35642,-75.634766,Q1 (mais barato)
-25.370104,-30.349451,Q5 (mais caro)
-6.169609,-60.752804,Q5 (mais caro)
10.308832,10.255904,Q5 (mais caro)
82.526505,-25.903498,Q5 (mais caro)
-1.7502654,-52.495502,Q4
104.470314,-8.476581,Q5 (mais caro)
-18.90476,-26.318422,Q5 (mais caro)
-26.645441,-25.77297,Q5 (mais caro)
100.16023,-34.95002,Q5 (mais caro)
100.17684,-34.977585,Q5 (mais caro)
36.417515,-12.666041,Q5 (mais caro)
87.70776,-7.034319,Q5 (mais caro)
-30.60747,-18.13755,Q5 (mais caro)
30.001947,31.740993,Q5 (mais caro)
27.516115,36.659462,Q5 (mais caro)
52.632877,8.972331,Q5 (mais caro)
4.906823,8.930547,Q5 (mais caro)
6.2983036,7.228152,Q5 (mais caro)
82.652695,0.08279141,Q5 (mais caro)
37.03875,-13.066922,Q5 (mais caro)
-26.852232,-23.594109,Q5 (mais caro)
28.768082,36.872025,Q5 (mais caro)
-26.012865,-21.064672,Q5 (mais caro)
-26.010984,-21.019997,Q5 (mais caro)
55.879604,12.425682,Q5 (mais caro)
36.571785,-15.922002,Q3
66.866356,59.96635,Q5 (mais caro)
39.449215,14.411345,Q5 (mais caro)
-33.34963,-30.2006,Q5 (mais caro)
14.542653,-44.180367,Q5 (mais caro)
41.527863,10.986165,Q5 (mais caro)
25.035458,12.293049,Q5 (mais caro)
101.26087,-5.4387293,Q5 (mais caro)
75.976425,-11.431327,Q5 (mais caro)
85.778534,-8.965602,Q5 (mais caro)
41.3086,10.284961,Q5 (mais caro)
21.814035,18.875227,Q4
51.631542,-0.18226618,Q2
-6.393956,-61.868523,Q5 (mais caro)
-21.626497,-29.3997,Q4
32.862423,17.837252,Q5 (mais caro)
49.849533,2.3792639,Q3
51.265682,11.73265,Q5 (mais caro)
62.57794,22.3343,Q5 (mais caro)
-12.823545,2.4458668,Q2
-10.075377,6.8730145,Q4
53.88931,8.025104,Q5 (mais caro)
13.476614,-44.19256,Q5 (mais caro)
44.251972,20.119492,Q5 (mais caro)
-37.027832,-31.734764,Q5 (mais caro)
26.997635,-23.473341,Q5 (mais caro)
25.824337,15.435274,Q5 (mais caro)
4.575239,-22.96472,Q5 (mais caro)
43.916515,11.954488,Q5 (mais caro)
37.87883,-16.389225,Q5 (mais caro)
41.314045,-46.335155,Q4
28.952717,-18.483524,Q5 (mais caro)
53.925747,7.863996,Q5 (mais caro)
-31.12325,-18.628094,Q5 (mais caro)
61.211094,11.348651,Q5 (mais caro)
26.359568,15.075957,Q5 (mais caro)
39.647717,-5.318173,Q5 (mais caro)
24.43273,63.073112,Q5 (mais caro)
86.0766,-6.1754293,Q5 (mais caro)
80.144165,5.1193957,Q5 (mais caro)
36.47659,-12.011103,Q5 (mais caro)
40.183792,19.149467,Q5 (mais caro)
80.962616,34.303757,Q5 (mais caro)
55.876583,-24.14822,Q4
-4.8302207,-57.019913,Q5 (mais caro)
107.18459,3.5434594,Q5 (mais caro)
-29.202732,-23.053293,Q5 (mais caro)
-27.108376,-24.414392,Q5 (mais caro)
-28.804222,-23.002838,Q5 (mais caro)
25.282684,11.90375,Q5 (mais caro)
24.945879,44.257248,Q5 (mais caro)
59.25559,-17.964754,Q4
20.168505,17.007038,Q4
-8.128796,-58.987537,Q5 (mais caro)
43.518364,33.145508,Q5 (mais caro)
31.862394,-21.59624,Q4
13.384697,-43.242077,Q4
8.582178,3.5133977,Q4
-26.776112,-23.060303,Q5 (mais caro)
68.57315,57.456642,Q4
86.235054,-29.613798,Q5 (mais caro)
8.123034,4.016297,Q5 (mais caro)
2.5512586,-12.420344,Q5 (mais caro)
3.676699,-14.582736,Q5 (mais caro)
8.465272,-20.834997,Q4
24.263266,2.5742023,Q5 (mais caro)
35.91439,-50.3,Q4
54.189484,-2.9216893,Q5 (mais caro)
-28.025286,-25.447153,Q5 (mais caro)
55.437862,38.832428,Q5 (mais caro)
-28.217518,-25.68834,Q5 (mais caro)
8.996929,6.4741187,Q5 (mais caro)
55.10922,13.943636,Q5 (mais caro)
49.84234,2.346241,Q3
56.1852,40.75911,Q5 (mais caro)
53.56439,-2.8029008,Q5 (mais caro)
-34.647514,-31.223019,Q5 (mais caro)
24.802761,-33.060677,Q5 (mais caro)
78.067406,-12.758062,Q4
-26.293228,-26.881615,Q5 (mais caro)
29.204762,-58.731255,Q1 (mais barato)
74.56085,2.6167495,Q3
-5.657023,-62.66862,Q3
2.2601428,-54.629646,Q4
9.70492,-64.442635,Q4
75.244,-1.1162469,Q4
22.94484,15.086579,Q5 (mais caro)
46.58171,8.806225,Q5 (mais caro)
107.229004,3.5382853,Q5 (mais caro)
-23.124958,-25.307484,Q4
41.275234,20.00063,Q5 (mais caro)
-23.449125,7.0684023,Q4
53.96997,14.432869,Q5 (mais caro)
-30.714,-22.400373,Q5 (mais caro)
42.381573,20.735476,Q5 (mais caro)
7.8680573,7.674434,Q4
22.48046,-58.400208,Q5 (mais caro)
48.883354,1.4402881,Q5 (mais caro)
57.107624,16.850813,Q5 (mais caro)
32.689365,69.88171,Q4
39.190598,-8.416505,Q5 (mais caro)
8.97039,6.431264,Q5 (mais caro)
16.145967,14.873607,Q5 (mais caro)
7.5351515,8.608398,Q5 (mais caro)
46.76331,8.604876,Q5 (mais caro)
28.195362,17.510292,Q5 (mais caro)
32.36897,-8.182569,Q5 (mais caro)
-28.835337,-20.647577,Q5 (mais caro)
-29.208649,-20.47672,Q5 (mais caro)
13.090995,11.487286,Q4
0.9888305,9.825583,Q4
-6.4923315,-61.542477,Q4
-14.924126,3.142945,Q3
59.814953,-4.8743157,Q5 (mais caro)
43.347343,-8.264641,Q5 (mais caro)
38.982006,-51.165134,Q5 (mais caro)
-34.98876,-31.662544,Q5 (mais caro)
60.302227,-18.64631,Q5 (mais caro)
54.021427,2.285981,Q5 (mais caro)
39.308205,16.722677,Q5 (mais caro)
41.10665,18.359205,Q5 (mais caro)
21.720757,18.632301,Q4
72.76895,1.6528306,Q4
25.282133,-29.343472,Q4
15.015855,89.91054,Q4
25.047066,-26.872614,Q5 (mais caro)
106.66478,4.4147954,Q5 (mais caro)
82.498566,1.4387001,Q5 (mais caro)
43.676876,33.576096,Q5 (mais caro)
82.59314,1.26105,Q5 (mais caro)
21.831314,12.111003,Q4
54.367344,25.710987,Q5 (mais caro)
-22.352833,-27.71058,Q4
39.90246,19.826206,Q5 (mais caro)
27.411163,36.596592,Q5 (mais caro)
81.58619,-7.853877,Q3
70.26906,-8.131847,Q5 (mais caro)
59.487946,-5.467667,Q5 (mais caro)
32.473206,38.023193,Q3
-7.182684,-68.509544,Q5 (mais caro)
108.39553,5.243412,Q5 (mais caro)
-40.39755,-16.1359,Q5 (mais caro)
75.50997,-14.544913,Q5 (mais caro)
-36.098858,-33.20032,Q5 (mais caro)
61.672405,-14.195665,Q5 (mais caro)
9.536322,-38.723583,Q5 (mais caro)
-32.700954,-44.632526,Q5 (mais caro)
-36.122326,-33.15785,Q5 (mais caro)
-36.630363,-39.10846,Q5 (mais caro)
13.103283,11.7011,Q5 (mais caro)
-35.797306,-32.274155,Q5 (mais caro)
-35.91986,-31.546373,Q5 (mais caro)
64.16854,-1.2679605,Q2
-13.452082,-6.4612417,Q3
25.664412,-16.79649,Q3
-13.8876,-6.4790044,Q3
6.4519215,-18.579208,Q3
-30.59867,-50.146404,Q3
-32.704094,-44.63379,Q3
10.258931,-27.959349,Q4
-42.971943,-6.656264,Q4
55.137016,0.5202603,Q4
-5.1617856,-4.5926943,Q4
41.151924,-13.941929,Q4
32.539974,0.99170804,Q4
65.101006,-6.598359,Q4
37.261852,5.5682006,Q4
-33.607193,-48.527344,Q4
5.4206915,-34.409748,Q4
-11.339717,-5.829654,Q4
10.615091,-29.353033,Q4
17.586302,-30.287642,Q4
-30.677265,-50.185963,Q4
24.030672,4.5380464,Q4
-36.6482,-38.657417,Q4
22.402916,12.983609,Q4
29.811289,-0.30673257,Q4
-13.368892,-8.548374,Q2
-16.253279,-15.294428,Q2
36.64011,5.569723,Q3
-48.88781,-20.830849,Q3
29.251375,1.5494009,Q4
60.64644,-37.817238,Q3
68.88405,-50.817345,Q5 (mais caro)
99.49884,-8.133765,Q3
90.81199,22.162237,Q2
91.18708,21.530159,Q1 (mais barato)
58.9788,-2.111923,Q1 (mais barato)
77.61576,16.389763,Q1 (mais barato)
-15.596097,-48.76402,Q1 (mais barato)
-12.304736,-32.266018,Q1 (mais barato)
3.8035805,-14.966317,Q3
66.48634,-19.533842,Q5 (mais caro)
11.339536,-55.331074,Q5 (mais caro)
-10.954209,19.948317,Q4
-6.993467,2.867791,Q3
-24.948404,-28.74916,Q5 (mais caro)
48.06272,-10.921494,Q3
-0.30471888,-13.745765,Q2
-24.951887,-28.73743,Q5 (mais caro)
0.24358459,5.940476,Q2
0.53361326,-35.285217,Q3
45.773655,-47.551136,Q5 (mais caro)
-16.050861,4.629177,Q4
46.999947,69.18275,Q3
24.106659,49.80644,Q3
26.972954,24.910894,Q4
3.7445085,-14.996149,Q3
36.004696,-17.277155,Q5 (mais caro)
-16.713638,3.9857543,Q3
91.65645,34.242542,Q4
38.04171,-13.833441,Q5 (mais caro)
9.7047825,75.60404,Q5 (mais caro)
-23.020376,-30.47567,Q5 (mais caro)
7.327768,-7.2684846,Q3
32.982735,38.524727,Q3
1.6650089,-65.81542,Q2
27.68689,-57.85822,Q3
44.433365,35.079067,Q4
-15.295761,4.6736245,Q3
-38.101257,-8.596433,Q2
1.5262163,-65.9912,Q4
28.30225,-43.16937,Q4
-9.259445,11.298638,Q3
-1.6949904,-58.684025,Q5 (mais caro)
47.493065,15.020493,Q4
2.4239304,8.621966,Q4
42.259632,19.451244,Q4
41.284927,-7.9193354,Q5 (mais caro)
-13.146494,8.632347,Q4
-26.860249,-30.411743,Q5 (mais caro)
-25.66541,-26.281519,Q5 (mais caro)
57.506546,17.068678,Q5 (mais caro)
59.66926,-40.712936,Q5 (mais caro)
-25.780283,-25.377136,Q5 (mais caro)
-25.343485,-25.557297,Q5 (mais caro)
55.291065,15.273217,Q2
66.36788,-4.837473,Q4
64.321754,-21.262304,Q2
-1.3823129,-40.144794,Q2
9.294211,-16.438526,Q3
31.754818,69.69366,Q3
-3.869152,-63.71498,Q4
60.123203,-6.258643,Q5 (mais caro)
25.825548,-14.544832,Q4
-14.474422,-33.046555,Q2
-3.874516,-63.71054,Q2
44.2093,-39.821064,Q3
60.20842,21.590986,Q4
42.90684,-31.13902,Q3
81.16076,0.90850496,Q4
-18.851664,-1.9159086,Q2
-16.101128,48.21368,Q4
44.13142,46.02498,Q2
4.021305,-15.898864,Q4
23.88369,87.31567,Q2
-29.498474,-8.253701,Q2
-22.06822,-7.321093,Q3
-1.9330852,14.140649,Q4
66.25368,-5.165878,Q4
36.15471,-17.422127,Q4
75.885506,-12.812296,Q4
-5.2922215,-63.74981,Q2
25.680595,-22.55437,Q4
30.027916,-30.468576,Q4
-22.565208,-6.352347,Q3
29.885397,9.06617,Q4
30.563503,-8.395661,Q4
21.271496,-20.675833,Q5 (mais caro)
-0.47968632,-41.961315,Q4
-16.069351,2.0664911,Q2
11.963024,-14.3783655,Q3
42.560078,-37.524918,Q3
-22.957808,-30.65191,Q5 (mais caro)
-1.0327001,7.8620706,Q4
9.092466,-20.63042,Q4
103.31667,-8.977917,Q5 (mais caro)
-10.775598,7.2116346,Q3
31.71067,-14.644366,Q5 (mais caro)
-3.6767507,-19.008375,Q3
-16.72497,5.2605977,Q4
47.209003,-11.716674,Q5 (mais caro)
35.928715,-34.942642,Q3
39.57551,-12.677427,Q4
40.39062,-44.12146,Q4
39.506275,15.437325,Q5 (mais caro)
19.702164,-40.77013,Q5 (mais caro)
-6.617563,7.1737256,Q5 (mais caro)
19.756987,-40.84078,Q5 (mais caro)
65.21505,-18.030632,Q5 (mais caro)
14.881398,-40.11454,Q5 (mais caro)
13.484209,-45.591644,Q5 (mais caro)
87.64447,36.679085,Q3
-49.83246,-15.086561,Q3
-8.826622,-5.9126167,Q3
-49.877068,-15.139563,Q3
56.799286,35.93143,Q3
62.17739,-18.114521,Q3
22.842806,15.127164,Q3
78.98208,-4.7941194,Q3
26.84715,24.79281,Q4
-16.735199,16.779305,Q4
108.68574,5.2925797,Q4
61.65662,38.56031,Q4
-32.099644,-45.57977,Q4
51.65689,0.6371431,Q4
-6.598221,7.5655136,Q4
53.471806,-11.011569,Q4
21.928102,19.821602,Q4
-0.98709214,-38.04596,Q4
17.703955,15.1412735,Q4
2.492233,-11.740439,Q4
60.96408,-9.809385,Q4
-1.4927138,-75.00343,Q2
11.653981,-28.610462,Q1 (mais barato)
36.16458,-12.872488,Q5 (mais caro)
39.014076,-6.670364,Q5 (mais caro)
103.20195,-9.029023,Q5 (mais caro)
58.098797,15.601485,Q5 (mais caro)
53.685684,-41.49511,Q5 (mais caro)
101.28219,-7.122116,Q5 (mais caro)
44.268185,33.893356,Q5 (mais caro)
2.573012,8.416834,Q4
12.080257,-55.403313,Q5 (mais caro)
-26.20948,-29.041012,Q4
61.354527,-41.561867,Q3
61.602512,-41.79709,Q3
59.960945,-29.651009,Q4
-14.794388,6.0906844,Q4
54.871193,0.29591212,Q2
-15.765546,-30.503178,Q3
108.55841,5.213032,Q5 (mais caro)
61.02396,-7.395544,Q5 (mais caro)
106.59352,5.818628,Q5 (mais caro)
43.426365,33.69611,Q5 (mais caro)
106.51973,5.438667,Q5 (mais caro)
23.008184,15.814962,Q2
49.017723,-10.744349,Q3
43.462696,14.972074,Q4
23.534555,14.998809,Q4
59.06871,-42.66686,Q5 (mais caro)
86.67935,25.459219,Q1 (mais barato)
-15.099089,5.204572,Q2
29.259314,22.233198,Q3
33.28475,24.749754,Q4
65.705734,60.11207,Q5 (mais caro)
-23.26486,-90.69273,Q1 (mais barato)
63.987045,-38.404842,Q5 (mais caro)
55.78521,-39.23362,Q5 (mais caro)
58.37743,-8.091378,Q5 (mais caro)
99.625656,-12.357541,Q5 (mais caro)
-35.443283,-35.971237,Q5 (mais caro)
-38.42348,-43.388485,Q5 (mais caro)
-16.338978,-41.57247,Q3
42.902565,-62.99673,Q2
-3.3988283,-63.97933,Q2
-12.071524,-2.203279,Q2
-13.1649275,-34.38126,Q4
-45.128445,-46.42118,Q1 (mais barato)
2.8958976,-36.944958,Q4
82.578026,33.96862,Q1 (mais barato)
53.23508,-28.093414,Q5 (mais caro)
22.767904,18.075008,Q2
-4.636376,-57.141273,Q3
72.345146,29.307663,Q3
55.724552,-22.337082,Q4
-4.011337,-60.872948,Q4
-15.47892,5.767358,Q4
12.032451,-15.751356,Q5 (mais caro)
-18.620531,-15.051758,Q4
38.707176,-44.15129,Q4
44.644184,42.65877,Q3
38.924557,18.113434,Q4
41.04885,52.45529,Q3
44.121037,-26.386097,Q5 (mais caro)
83.12484,2.5438843,Q5 (mais caro)
-15.943467,-34.493958,Q5 (mais caro)
13.127047,11.503614,Q5 (mais caro)
17.030762,18.33543,Q4
29.301672,-21.121052,Q5 (mais caro)
9.772332,-65.026436,Q5 (mais caro)
36.17915,-52.037785,Q4
-32.26848,-20.58451,Q5 (mais caro)
67.74813,-18.088568,Q4
60.120506,1.0462121,Q3
9.094163,-18.32644,Q3
25.08104,-19.66249,Q4
15.615277,54.81882,Q4
41.057312,49.475426,Q4
85.95889,-29.436913,Q4
-22.301525,13.381559,Q5 (mais caro)
22.068163,67.352135,Q3
-1.7277595,7.491234,Q4
49.847878,-4.4654613,Q2
25.469604,-16.691982,Q3
37.517296,-43.34243,Q5 (mais caro)
33.91259,23.481697,Q3
38.444996,-16.176636,Q5 (mais caro)
86.182076,-30.190914,Q5 (mais caro)
44.06468,45.93467,Q3
-36.744064,-38.173176,Q5 (mais caro)
47.68242,69.697586,Q5 (mais caro)
2.7515104,-45.670887,Q5 (mais caro)
31.165724,42.79527,Q5 (mais caro)
70.52319,-50.60307,Q1 (mais barato)
-5.5158963,-74.02194,Q2
6.5134716,-18.670414,Q3
62.008743,-49.65996,Q3
70.596504,-50.545727,Q3
81.83122,-51.389656,Q4
23.203066,15.477101,Q4
23.312717,15.259513,Q4
10.449229,-29.451397,Q4
54.919945,-13.832758,Q4
6.586406,-18.638369,Q4
19.500769,17.491354,Q4
30.629671,9.979044,Q4
16.575647,31.704567,Q4
-2.0448701,-15.972264,Q3
24.368338,-10.8661375,Q4
-35.380573,-11.024167,Q2
23.401186,-20.520918,Q3
-35.4065,-11.058204,Q3
29.73253,6.3520145,Q3
-36.18987,-40.305313,Q5 (mais caro)
10.319535,-41.767914,Q3
-16.562344,16.900156,Q3
48.378826,-36.707493,Q1 (mais barato)
-15.947982,-15.640123,Q1 (mais barato)
-16.382574,-41.525494,Q2
-12.372859,-34.7032,Q2
75.00072,1.2478557,Q2
30.407562,-19.893986,Q2
-24.978514,2.7184994,Q2
-32.414303,-50.046936,Q2
15.137156,-38.612816,Q3
6.8587565,54.095173,Q1 (mais barato)
-32.50965,-49.936874,Q2
75.34181,30.079227,Q3
90.17076,22.240082,Q1 (mais barato)
58.050865,-9.748045,Q1 (mais barato)
-29.671957,-51.206314,Q2
31.034185,-24.495785,Q5 (mais caro)
56.36021,-26.196568,Q2
-25.62101,-9.24232,Q2
25.898258,-75.03561,Q3
23.32173,-76.047005,Q2
-25.297138,-8.47337,Q1 (mais barato)
57.867462,-25.865927,Q4
-21.906624,-31.049362,Q5 (mais caro)
-3.0149584,13.733407,Q4
70.782104,-41.606182,Q4
70.95034,-41.423645,Q5 (mais caro)
70.78592,-41.58387,Q4
70.73762,-41.59431,Q1 (mais barato)
25.955332,-76.16871,Q2
26.087265,-14.924322,Q5 (mais caro)
39.472965,-79.84539,Q4
23.539204,-76.1614,Q4
62.437862,3.3938026,Q1 (mais barato)
75.47741,0.42340302,Q3
15.638167,14.326343,Q5 (mais caro)
-25.8863,-8.552876,Q2
-16.370268,-15.419222,Q2
41.97318,-46.852608,Q3
-26.989769,-9.471848,Q3
28.498604,-79.54033,Q5 (mais caro)
23.590134,-23.16488,Q4
55.26434,15.041198,Q1 (mais barato)
41.732624,-79.79355,Q1 (mais barato)
-31.40365,-19.185335,Q5 (mais caro)
57.792793,-43.76946,Q5 (mais caro)
-32.4689,-20.840034,Q5 (mais caro)
-31.508984,-21.639816,Q5 (mais caro)
5.9462037,7.115839,Q5 (mais caro)
-27.509323,-25.819483,Q5 (mais caro)
27.994041,-41.98964,Q5 (mais caro)
100.04998,-34.880577,Q5 (mais caro)
100.17711,-34.977676,Q5 (mais caro)
38.5282,-43.152245,Q5 (mais caro)
41.76288,-20.272842,Q5 (mais caro)
75.40087,-12.094935,Q5 (mais caro)
12.218852,-55.568142,Q5 (mais caro)
-32.710896,-18.830866,Q5 (mais caro)
35.28308,-16.264511,Q5 (mais caro)
41.769203,-30.36205,Q5 (mais caro)
38.51142,-21.797283,Q5 (mais caro)
104.04945,-8.292199,Q5 (mais caro)
33.286404,69.26188,Q5 (mais caro)
4.1272893,-63.046238,Q5 (mais caro)
11.739667,6.080135,Q5 (mais caro)
22.118284,36.86129,Q5 (mais caro)
38.412632,20.028942,Q5 (mais caro)
38.478367,20.031187,Q5 (mais caro)
26.475357,-23.972044,Q5 (mais caro)
-3.8255079,-62.20286,Q3
25.050224,15.626911,Q5 (mais caro)
40.929028,16.492985,Q5 (mais caro)
16.176794,-43.262787,Q5 (mais caro)
46.769405,-2.1019886,Q5 (mais caro)
74.74854,-12.058814,Q5 (mais caro)
-35.361347,-28.776096,Q5 (mais caro)
-33.36116,-30.297132,Q5 (mais caro)
41.4413,10.616473,Q5 (mais caro)
106.33521,4.098883,Q5 (mais caro)
7.2476673,0.74618995,Q4
31.93427,-21.553617,Q4
-31.47189,-21.59492,Q5 (mais caro)
42.41202,12.232986,Q5 (mais caro)
-17.845861,-34.257015,Q4
32.437702,-21.876888,Q5 (mais caro)
21.811108,35.93905,Q5 (mais caro)
86.41965,-6.133018,Q5 (mais caro)
-27.570274,-25.650309,Q5 (mais caro)
32.417725,-18.37449,Q5 (mais caro)
8.173984,6.802685,Q5 (mais caro)
106.74523,4.635533,Q5 (mais caro)
65.286995,-17.996988,Q5 (mais caro)
107.331245,3.6494315,Q5 (mais caro)
64.78142,59.559113,Q4
-13.979718,1.0932596,Q4
60.50594,-18.078817,Q5 (mais caro)
31.35446,-8.0471735,Q5 (mais caro)
66.949615,56.331303,Q4
-11.725196,5.832583,Q5 (mais caro)
35.963142,-51.861897,Q5 (mais caro)
49.690926,-10.874157,Q5 (mais caro)
47.63319,19.514824,Q5 (mais caro)
37.128513,-46.569214,Q5 (mais caro)
-18.326057,3.809454,Q5 (mais caro)
-27.075397,-25.46276,Q5 (mais caro)
4.4901857,8.580496,Q5 (mais caro)
7.8299646,7.755297,Q5 (mais caro)
8.782573,6.4474664,Q5 (mais caro)
56.530308,-5.2945094,Q5 (mais caro)
56.150894,-1.2667167,Q5 (mais caro)
-33.357025,-30.173206,Q5 (mais caro)
91.425644,32.499992,Q4
-26.724958,-25.869856,Q4
31.884413,-36.736267,Q5 (mais caro)
78.6307,-7.445024,Q4
-25.951082,-24.151861,Q4
29.150587,18.739973,Q5 (mais caro)
75.25893,0.5262351,Q4
17.659847,11.667438,Q5 (mais caro)
38.440125,-44.045444,Q5 (mais caro)
-21.54673,-29.832302,Q5 (mais caro)
8.620884,3.8053956,Q5 (mais caro)
43.054146,-40.40586,Q5 (mais caro)
57.578163,13.470351,Q3
-3.4138308,-50.42688,Q5 (mais caro)
55.01383,14.012598,Q5 (mais caro)
46.092663,9.505522,Q5 (mais caro)
-27.975487,-25.426989,Q5 (mais caro)
-28.595606,-20.867626,Q5 (mais caro)
56.07033,12.843002,Q5 (mais caro)
37.13672,-22.304502,Q4
56.279022,40.585457,Q5 (mais caro)
60.49628,-7.050043,Q5 (mais caro)
-34.923515,-31.075035,Q5 (mais caro)
-34.918037,-29.489845,Q5 (mais caro)
44.904816,13.023993,Q4
-28.09578,-24.568712,Q5 (mais caro)
83.05358,-49.02166,Q1 (mais barato)
83.481316,-26.337337,Q2
64.4822,-62.35567,Q3
17.9625,9.054562,Q5 (mais caro)
42.074577,37.64934,Q3
12.580607,-57.253292,Q5 (mais caro)
17.309208,19.376568,Q4
31.838713,39.210514,Q4
-33.4522,-21.664661,Q5 (mais caro)
54.745743,35.526604,Q5 (mais caro)
2.9455814,8.323027,Q4
16.680763,15.184382,Q5 (mais caro)
-26.5424,-25.746912,Q5 (mais caro)
20.154387,90.12997,Q5 (mais caro)
-31.858912,-21.260685,Q5 (mais caro)
7.838085,7.783341,Q5 (mais caro)
38.279583,-9.243769,Q5 (mais caro)
3.129508,8.250829,Q5 (mais caro)
67.66675,-18.59004,Q5 (mais caro)
13.659024,10.19283,Q5 (mais caro)
55.32116,26.594326,Q5 (mais caro)
-26.781519,-23.727316,Q5 (mais caro)
-16.79688,-34.58481,Q3
-6.492213,-61.542492,Q4
-41.014774,-21.413292,Q5 (mais caro)
-8.467257,1.6988608,Q5 (mais caro)
55.772564,38.385162,Q5 (mais caro)
23.883482,15.127331,Q5 (mais caro)
20.054768,89.96702,Q5 (mais caro)
41.862408,19.367214,Q5 (mais caro)
54.992134,35.374146,Q5 (mais caro)
24.956245,12.135003,Q5 (mais caro)
21.647642,80.54439,Q3
4.612736,-30.416977,Q4
72.1673,-9.0006275,Q4
87.09536,-8.075372,Q5 (mais caro)
9.513094,-23.901258,Q4
80.67617,-5.441579,Q5 (mais caro)
37.660217,-58.420704,Q5 (mais caro)
57.460346,-11.328399,Q4
2.5483382,8.312234,Q5 (mais caro)
-33.51954,-21.357372,Q5 (mais caro)
32.42795,-17.990803,Q5 (mais caro)
43.45354,9.960222,Q5 (mais caro)
32.474964,-17.587889,Q5 (mais caro)
7.9394045,7.492815,Q5 (mais caro)
26.34038,-19.78371,Q5 (mais caro)
39.239918,13.881578,Q5 (mais caro)
22.303034,12.992171,Q5 (mais caro)
13.961035,12.342144,Q5 (mais caro)
56.498775,-5.302103,Q5 (mais caro)
44.122395,43.091087,Q5 (mais caro)
107.10973,3.604736,Q5 (mais caro)
42.16096,18.724049,Q4
86.64417,-8.295093,Q5 (mais caro)
65.76179,-6.85241,Q4
28.305172,-62.640892,Q4
25.889671,22.998384,Q3
17.30185,17.286682,Q3
17.760242,14.154905,Q4
70.627686,-50.604225,Q4
68.29815,55.601845,Q4
54.670536,35.628048,Q4
13.110364,11.725868,Q5 (mais caro)
36.612637,5.7726064,Q5 (mais caro)
78.54613,0.08572985,Q5 (mais caro)
-34.212093,-32.913116,Q5 (mais caro)
53.359917,-10.239105,Q5 (mais caro)
-36.08741,-32.821957,Q5 (mais caro)
-36.604156,-35.445038,Q5 (mais caro)
-36.57201,-32.53099,Q5 (mais caro)
68.83368,-45.502983,Q2
-15.416274,-4.6327863,Q3
22.023716,12.822415,Q3
2.4308455,-43.50701,Q3
109.34796,7.059359,Q3
1.6394348,-6.634858,Q4
-30.680178,-50.185303,Q4
0.9850526,-7.3316393,Q4
-33.604626,-48.52988,Q4
5.0677943,-17.580652,Q4
-36.627098,-39.0931,Q4
43.77958,55.05414,Q4
-7.308002,-6.0657277,Q4
-12.09155,17.257322,Q4
2.9130197,-11.712636,Q4
-7.3060718,-6.06954,Q4
59.95597,-0.6295698,Q4
45.173088,14.469899,Q4
60.044964,-5.9087453,Q4
32.532608,0.9992262,Q4
59.998085,-5.8340654,Q4
-32.703854,-44.63499,Q4
24.209192,-33.051224,Q4
109.24472,6.0491724,Q4
11.353941,-36.425797,Q4
1.0699391,-31.320871,Q2
62.355804,39.582474,Q3
-16.329653,-35.361534,Q2
6.7514143,-65.825615,Q1 (mais barato)
61.82089,1.5373338,Q1 (mais barato)
82.70733,-2.5653267,Q5 (mais caro)
52.992203,-25.529877,Q3
-32.422615,-49.9841,Q3
99.1711,-10.108176,Q4
15.190842,89.61238,Q2
43.335205,-37.026566,Q2
63.1033,-50.911274,Q1 (mais barato)
-18.821777,-19.418224,Q1 (mais barato)
-13.335723,-8.456036,Q1 (mais barato)
6.555181,54.382236,Q1 (mais barato)
61.727386,-8.859888,Q1 (mais barato)
-29.550758,-51.968643,Q1 (mais barato)
9.89589,-16.368664,Q4
103.36388,-8.930033,Q5 (mais caro)
58.685085,-7.5973077,Q5 (mais caro)
30.134747,-47.987293,Q4
3.388747,2.9507647,Q3
-24.948107,-28.750952,Q5 (mais caro)
-24.951979,-28.736778,Q5 (mais caro)
-1.1414343,10.872933,Q3
-7.2478313,-27.889801,Q3
-3.3438957,-18.574606,Q3
68.329094,56.59249,Q5 (mais caro)
-6.4600644,-61.564365,Q4
29.313284,-21.113564,Q5 (mais caro)
38.747814,-61.25845,Q4
59.196472,41.950325,Q4
15.63213,89.79345,Q3
3.651781,3.1405003,Q4
60.67329,23.22744,Q4
9.066447,4.5165305,Q4
16.373182,30.844975,Q3
-23.490881,7.0300574,Q5 (mais caro)
61.099754,-48.25213,Q3
60.636307,23.35334,Q3
39.909805,-46.406776,Q4
6.7531023,52.499496,Q3
58.49205,13.340162,Q4
5.346205,34.190094,Q4
-27.947104,-28.880798,Q4
35.850395,-9.723896,Q4
2.4027658,8.628946,Q4
-30.867905,-18.364855,Q4
-22.30681,-22.321703,Q5 (mais caro)
-25.201859,-28.126997,Q5 (mais caro)
18.423653,14.097111,Q3
27.397516,20.24878,Q4
-15.554977,-3.5087414,Q2
60.07752,-42.337326,Q4
65.74525,-21.072556,Q4
55.126247,14.3155575,Q5 (mais caro)
-14.457511,-33.06752,Q4
73.977715,29.756792,Q2
-9.005246,-30.758512,Q3
10.886013,-17.404606,Q3
29.834562,5.8890057,Q4
48.010574,-10.926082,Q2
28.730034,-3.3769977,Q2
-13.194259,-10.223238,Q2
86.48643,-27.38813,Q4
57.739555,-25.30971,Q4
45.75343,-52.74477,Q4
-0.95616835,-40.38708,Q2
68.10207,2.7591274,Q2
9.150712,-18.354898,Q3
16.866673,-5.7866316,Q2
-24.637348,2.912262,Q2
59.212585,-17.758776,Q2
42.38351,-31.474339,Q3
90.91716,24.452986,Q4
51.653404,-1.9829153,Q2
-3.5820215,-62.2259,Q4
-18.311636,-37.06324,Q4
-2.0780993,-14.253388,Q2
24.376842,87.17853,Q4
21.721323,-18.634005,Q4
65.044014,-4.9175963,Q3
62.24162,23.858604,Q4
27.59887,-23.707735,Q5 (mais caro)
8.915649,1.0648141,Q5 (mais caro)
5.5344214,-61.159523,Q4
102.82324,-10.083628,Q4
-0.4528859,-42.81707,Q3
45.472717,-35.5063,Q4
-22.957808,-30.65191,Q5 (mais caro)
25.963314,-22.404661,Q5 (mais caro)
45.509758,64.15103,Q4
-10.774115,7.210567,Q3
-17.58508,-34.275665,Q4
59.426125,43.090855,Q3
-4.99113,-62.37226,Q4
30.337862,-55.714367,Q3
-1.1007777,-39.600353,Q3
43.57001,34.818718,Q3
37.088024,-14.155975,Q4
34.754585,-35.69747,Q3
44.38513,13.771375,Q5 (mais caro)
-33.132248,-49.829338,Q5 (mais caro)
-38.120445,-42.50197,Q5 (mais caro)
34.321617,18.438496,Q5 (mais caro)
58.832695,14.604129,Q1 (mais barato)
64.90415,37.229687,Q2
61.30502,1.1340128,Q3
72.792145,1.9311236,Q3
61.352074,0.9343028,Q3
73.551544,4.8741302,Q3
78.7725,-4.7960067,Q3
-22.105639,30.961063,Q3
19.76557,3.8744004,Q3
29.37549,7.112219,Q4
34.49502,9.602461,Q4
82.2805,-7.3054757,Q4
-38.050735,-42.69168,Q4
31.186417,0.6097719,Q4
108.45995,7.216877,Q4
11.21737,60.222378,Q4
12.64872,-54.92252,Q5 (mais caro)
-15.877658,-15.675304,Q1 (mais barato)
38.113926,47.26666,Q5 (mais caro)
-12.639588,5.922666,Q3
-4.992874,-15.486974,Q4
-2.6360433,-35.28691,Q2
103.43776,-5.6619763,Q5 (mais caro)
103.48531,-8.800123,Q5 (mais caro)
103.391426,-5.9199715,Q5 (mais caro)
28.1221,-29.726345,Q5 (mais caro)
12.171264,-55.633183,Q4
-13.50153,5.847886,Q3
44.565174,45.985962,Q3
40.179558,16.155205,Q5 (mais caro)
99.38277,-9.470958,Q5 (mais caro)
18.283468,-32.371758,Q5 (mais caro)
60.80164,-6.889642,Q5 (mais caro)
24.289814,-18.913414,Q3
-17.898531,-30.559553,Q5 (mais caro)
-15.896671,-46.99634,Q4
8.123302,-64.990234,Q4
76.4755,-11.514339,Q4
33.350586,24.497023,Q2
45.542843,13.663693,Q3
45.45548,-56.819935,Q1 (mais barato)
8.878999,3.0647004,Q5 (mais caro)
35.387638,-2.4944108,Q5 (mais caro)
-5.2757273,-73.51645,Q5 (mais caro)
100.99297,-12.920396,Q5 (mais caro)
59.90814,-0.84429574,Q5 (mais caro)
37.11718,5.613642,Q5 (mais caro)
-34.424202,-32.485283,Q5 (mais caro)
68.135216,-46.11713,Q4
-24.204226,-6.4495735,Q2
49.308018,-41.73042,Q2
66.10213,-63.44631,Q2
61.488804,-52.918232,Q1 (mais barato)
-15.805496,-4.762153,Q2
10.14852,11.406731,Q5 (mais caro)
64.00847,-61.06752,Q5 (mais caro)
60.27873,-45.17204,Q3
65.08941,-62.8748,Q2
41.267563,-52.3404,Q3
-14.894201,5.2948756,Q3
-2.642225,-35.295265,Q5 (mais caro)
12.776552,-54.38567,Q4
-3.0107076,-18.230974,Q4
39.30402,-6.3637147,Q3
-33.328964,-22.83351,Q5 (mais caro)
41.17643,-44.516,Q4
24.313934,-18.47413,Q5 (mais caro)
-33.42044,-22.292276,Q5 (mais caro)
15.601002,-23.70752,Q5 (mais caro)
-3.865155,-60.86402,Q5 (mais caro)
24.191187,-18.330465,Q4
67.68767,-4.626468,Q5 (mais caro)
44.304565,44.749527,Q5 (mais caro)
57.193253,16.898705,Q5 (mais caro)
60.834755,-46.34132,Q3
69.55922,57.04914,Q4
20.132944,-28.450924,Q4
66.909744,-23.514559,Q4
25.611286,-4.823929,Q4
-22.425797,-7.9564114,Q2
7.539765,-61.636723,Q4
41.224277,-52.17075,Q4
-34.762447,-11.753837,Q2
58.18234,40.704624,Q4
11.143262,-0.31949514,Q5 (mais caro)
56.818447,-25.192015,Q5 (mais caro)
-5.3692417,4.58665,Q3
-23.281466,-26.496239,Q4
41.61869,35.916904,Q5 (mais caro)
67.09139,59.6203,Q5 (mais caro)
-39.484104,-17.756233,Q5 (mais caro)
30.518341,10.230625,Q5 (mais caro)
48.875946,-1.429471,Q5 (mais caro)
108.08788,4.199014,Q5 (mais caro)
-34.919254,-32.532494,Q5 (mais caro)
27.45541,-30.67401,Q5 (mais caro)
-7.498551,-5.978794,Q3
46.87088,16.775665,Q4
22.86733,18.004818,Q4
-37.005703,-32.21104,Q4
50.034435,-2.4814165,Q4
109.34301,6.926762,Q4
78.5971,-4.725536,Q4
60.870407,15.71317,Q4
62.588036,-5.032148,Q4
59.257214,-4.297882,Q4
-10.540231,7.072821,Q4
65.71808,-20.500082,Q3
73.61176,29.977444,Q4
67.05018,-52.941933,Q2
59.9846,-37.09088,Q3
-3.4038982,-62.126102,Q3
23.557783,15.062858,Q5 (mais caro)
3.8337815,-46.61139,Q3
55.21015,1.4578762,Q4
-12.34239,-34.740288,Q2
1.8041247,-21.980299,Q2
56.042984,-24.760607,Q3
10.884791,-0.6397398,Q3
59.49685,-2.7446198,Q2
-16.281477,-15.302639,Q1 (mais barato)
8.390543,-31.05825,Q2
-1.0199605,-71.4875,Q1 (mais barato)
-15.93868,-16.789814,Q1 (mais barato)
-29.68737,-51.225426,Q1 (mais barato)
29.586647,-79.4329,Q5 (mais caro)
-34.972767,-11.879146,Q4
9.216904,-13.653434,Q3
-6.9700027,-14.478866,Q2
25.72023,-74.18482,Q3
76.47989,-12.914742,Q3
25.87534,-76.17364,Q4
59.937687,15.753066,Q3
-25.707964,-10.576842,Q5 (mais caro)
72.35635,64.850296,Q5 (mais caro)
-25.711864,-10.575047,Q5 (mais caro)
25.905087,-75.000404,Q3
47.964714,-0.18667331,Q5 (mais caro)
28.191036,-79.73131,Q1 (mais barato)
26.359114,-74.57194,Q2
55.196377,14.836036,Q3
-4.2817116,14.297551,Q2
25.999142,-14.774487,Q5 (mais caro)
70.6565,5.114342,Q4
22.758656,-74.510315,Q4
20.118166,-32.074944,Q4
5.4887056,6.534703,Q4
7.760443,-65.60264,Q4
68.56542,58.960323,Q3
41.83091,14.783164,Q4
26.879421,-61.072002,Q1 (mais barato)
-34.0778,-20.035099,Q5 (mais caro)
59.9997,-29.682821,Q3
110.591675,5.5675993,Q5 (mais caro)
61.567387,-53.378372,Q2
67.322,-18.661772,Q4
38.13919,-15.901975,Q5 (mais caro)
41.114716,18.37402,Q5 (mais caro)
24.856895,12.763213,Q5 (mais caro)
39.46578,19.015678,Q5 (mais caro)
26.90596,-23.520414,Q5 (mais caro)
-28.016413,-28.75788,Q5 (mais caro)
38.382103,-21.900253,Q5 (mais caro)
100.33488,-34.84732,Q5 (mais caro)
11.733316,6.0166974,Q5 (mais caro)
103.903824,-8.177847,Q5 (mais caro)
10.53196,-50.510124,Q5 (mais caro)
83.58317,-3.040178,Q5 (mais caro)
10.714805,16.43521,Q5 (mais caro)
39.279026,-43.052765,Q5 (mais caro)
10.108913,6.770153,Q5 (mais caro)
-32.675438,-18.903845,Q5 (mais caro)
10.911936,16.237612,Q5 (mais caro)
85.75886,-9.295101,Q5 (mais caro)
38.0554,-21.111328,Q5 (mais caro)
-26.861174,-23.475763,Q5 (mais caro)
13.009981,11.021176,Q5 (mais caro)
35.452667,-43.898834,Q5 (mais caro)
-7.086803,-61.164,Q5 (mais caro)
55.001057,35.030933,Q5 (mais caro)
26.04656,13.649051,Q5 (mais caro)
25.175835,12.929411,Q5 (mais caro)
54.940525,35.143784,Q5 (mais caro)
75.21056,-11.483972,Q5 (mais caro)
27.614601,79.41227,Q3
-34.00592,-29.00656,Q5 (mais caro)
8.881179,4.604551,Q5 (mais caro)
-18.325777,3.9602666,Q4
45.004166,11.475129,Q5 (mais caro)
-26.971819,-23.4511,Q5 (mais caro)
51.614853,-1.9601423,Q2
-35.80673,-35.91871,Q5 (mais caro)
40.720795,18.24708,Q5 (mais caro)
15.516966,-40.93598,Q4
30.956602,-19.962606,Q5 (mais caro)
86.1181,-8.6489935,Q5 (mais caro)
-6.3208213,-60.638367,Q5 (mais caro)
-17.842041,-34.249973,Q4
29.089102,18.080807,Q5 (mais caro)
7.0852046,-20.670807,Q4
36.048573,-19.483765,Q5 (mais caro)
31.404446,-7.940756,Q5 (mais caro)
-31.487173,-19.292252,Q5 (mais caro)
32.256706,3.7641878,Q5 (mais caro)
71.12011,6.282493,Q5 (mais caro)
8.951923,5.952301,Q4
-28.339819,-28.454388,Q5 (mais caro)
-6.154237,-60.57215,Q5 (mais caro)
68.04808,57.047375,Q4
28.20793,-19.409338,Q5 (mais caro)
-27.185339,-24.367414,Q5 (mais caro)
-37.53464,-33.27934,Q5 (mais caro)
54.806328,-13.745792,Q5 (mais caro)
62.12831,-7.006786,Q5 (mais caro)
19.683962,17.353075,Q4
-16.798748,-34.876556,Q1 (mais barato)
56.474693,13.040562,Q5 (mais caro)
25.97669,13.524338,Q5 (mais caro)
60.117687,-8.18672,Q5 (mais caro)
30.700367,-24.31131,Q4
40.90026,16.302473,Q5 (mais caro)
-85.65751,3.111835,Q4
-18.97627,-26.8122,Q5 (mais caro)
-18.964243,-26.756714,Q5 (mais caro)
65.21233,-20.910042,Q5 (mais caro)
40.620415,16.295979,Q4
40.893677,-58.97063,Q4
-28.527777,-26.203932,Q5 (mais caro)
-6.2738304,-61.503437,Q5 (mais caro)
77.29349,-13.152145,Q5 (mais caro)
56.37844,13.043063,Q5 (mais caro)
-26.813866,-23.327822,Q5 (mais caro)
21.307941,-39.235817,Q5 (mais caro)
4.5411105,-23.097519,Q5 (mais caro)
-1.540914,-49.270176,Q5 (mais caro)
24.836987,3.0964684,Q5 (mais caro)
58.016685,-9.914201,Q5 (mais caro)
-36.69029,-35.821896,Q2
-19.842527,4.493065,Q3
17.264107,16.324652,Q2
17.199251,18.820286,Q4
39.25912,-52.373306,Q5 (mais caro)
47.71491,19.459936,Q5 (mais caro)
83.30277,-9.391671,Q5 (mais caro)
44.464474,43.07477,Q5 (mais caro)
-33.326622,-21.129923,Q5 (mais caro)
36.822266,-47.12047,Q5 (mais caro)
58.98686,-42.679195,Q5 (mais caro)
58.479595,-42.774902,Q5 (mais caro)
51.656174,0.09444916,Q4
42.416256,20.587889,Q5 (mais caro)
-27.361063,-24.363674,Q5 (mais caro)
39.639755,19.241938,Q5 (mais caro)
-34.094894,-19.967869,Q5 (mais caro)
15.855355,14.777017,Q5 (mais caro)
-26.400043,-22.992476,Q5 (mais caro)
42.47848,11.965397,Q5 (mais caro)
-19.404804,7.0757713,Q4
9.714424,-64.44177,Q4
21.605677,18.664316,Q5 (mais caro)
61.035515,-0.6674886,Q5 (mais caro)
41.86527,18.695446,Q5 (mais caro)
55.456287,35.540123,Q5 (mais caro)
61.257027,-17.66487,Q5 (mais caro)
13.449231,-45.62429,Q5 (mais caro)
51.63488,-4.1612635,Q4
30.86916,1.480696,Q4
48.106358,24.368559,Q5 (mais caro)
24.015064,-58.493877,Q5 (mais caro)
78.89336,-7.4970913,Q4
101.059265,-7.2519155,Q5 (mais caro)
48.808765,0.6497261,Q4
52.560596,68.67815,Q5 (mais caro)
39.794445,19.299274,Q5 (mais caro)
103.436775,-5.5743155,Q5 (mais caro)
37.0462,-13.3152895,Q5 (mais caro)
-30.118866,-25.677755,Q5 (mais caro)
16.001528,19.064392,Q5 (mais caro)
46.751366,-2.1092894,Q5 (mais caro)
106.67879,4.4492908,Q5 (mais caro)
4.5062113,-23.06125,Q5 (mais caro)
26.160328,15.073352,Q5 (mais caro)
4.5706463,-30.518618,Q2
13.120513,-45.934227,Q5 (mais caro)
-21.628586,-29.310797,Q4
-29.934303,-47.192566,Q2
-16.639805,-12.9684925,Q3
59.519794,-20.498104,Q4
39.102,-51.365524,Q5 (mais caro)
17.293325,0.8845052,Q4
24.503914,-18.471588,Q5 (mais caro)
13.232279,10.428427,Q5 (mais caro)
33.732464,33.002724,Q5 (mais caro)
40.46738,19.021545,Q4
-33.98126,-19.294992,Q5 (mais caro)
39.810883,19.866497,Q5 (mais caro)
4.541057,-22.920486,Q5 (mais caro)
34.09986,-31.093887,Q5 (mais caro)
27.233896,-33.114655,Q5 (mais caro)
15.958974,14.7740555,Q5 (mais caro)
-16.117817,-30.199842,Q5 (mais caro)
-27.272429,-26.590775,Q5 (mais caro)
56.06684,-26.859728,Q5 (mais caro)
-8.545915,22.984133,Q2
26.559292,-23.621773,Q5 (mais caro)
-58.12055,59.72905,Q5 (mais caro)
29.627409,-26.475834,Q5 (mais caro)
29.637238,-26.48189,Q5 (mais caro)
-26.823818,-22.44955,Q5 (mais caro)
41.832916,-20.336987,Q5 (mais caro)
40.01506,-20.92219,Q5 (mais caro)
-33.978786,-28.977367,Q5 (mais caro)
-27.594452,-23.534458,Q4
-34.317787,23.164602,Q4
-59.287743,49.099163,Q5 (mais caro)
-27.290527,-18.112968,Q5 (mais caro)
56.221737,12.999058,Q5 (mais caro)
25.115337,23.076097,Q5 (mais caro)
-28.259922,-25.368465,Q5 (mais caro)
27.420034,-48.11019,Q5 (mais caro)
-29.353455,-25.468716,Q5 (mais caro)
38.077625,-10.175352,Q5 (mais caro)
21.125034,34.48921,Q5 (mais caro)
19.456932,-95.99983,Q5 (mais caro)
46.998745,92.32737,Q5 (mais caro)
-12.973274,-40.539986,Q2
64.19727,-52.22581,Q1 (mais barato)
-36.4803,-35.93084,Q4
40.196682,92.9656,Q2
63.536335,-48.153904,Q1 (mais barato)
45.467728,92.431076,Q4
65.5268,-59.65542,Q4
74.29991,3.2238047,Q1 (mais barato)
45.64417,91.311935,Q3
83.92587,-25.922112,Q5 (mais caro)
68.6008,58.998478,Q5 (mais caro)
40.87255,92.26225,Q4
45.194702,92.25448,Q3
40.871918,92.95857,Q5 (mais caro)
71.11168,65.18189,Q4
41.675,92.3992,Q1 (mais barato)
40.851856,93.00841,Q5 (mais caro)
45.584087,92.43221,Q3
41.83908,92.38427,Q2
105.13759,-10.041847,Q5 (mais caro)
71.122955,65.18534,Q4
40.909214,93.78337,Q5 (mais caro)
68.328064,58.825634,Q5 (mais caro)
72.83958,58.141426,Q1 (mais barato)
-19.813883,-29.15651,Q5 (mais caro)
28.734251,2.1356573,Q3
72.794205,31.30603,Q4
-21.708103,-29.112228,Q5 (mais caro)
41.585712,50.80158,Q5 (mais caro)
6.788372,-61.426807,Q4
80.312035,-4.3368125,Q5 (mais caro)
-33.69639,-21.157757,Q4
32.087524,-18.640419,Q5 (mais caro)
-34.02048,-19.237255,Q5 (mais caro)
22.993193,15.1754465,Q5 (mais caro)
57.525547,37.39275,Q3
-25.68712,-10.464962,Q4
19.68493,30.53669,Q5 (mais caro)
31.531433,-39.832752,Q5 (mais caro)
-30.498577,-25.739803,Q4
9.589773,6.569,Q5 (mais caro)
-18.341856,-34.25878,Q4
38.14279,19.939896,Q5 (mais caro)
28.205172,17.642496,Q5 (mais caro)
104.893875,-7.70382,Q5 (mais caro)
-26.035812,-21.14615,Q5 (mais caro)
44.616756,62.868237,Q5 (mais caro)
109.75656,5.1596313,Q5 (mais caro)
-25.596184,-23.514067,Q5 (mais caro)
53.148277,-2.5846338,Q5 (mais caro)
-27.290005,-18.110992,Q5 (mais caro)
36.488953,-47.496902,Q5 (mais caro)
25.11635,2.8364935,Q5 (mais caro)
75.0734,0.26116648,Q5 (mais caro)
38.040806,-61.189907,Q5 (mais caro)
14.0244255,15.038075,Q5 (mais caro)
-30.829798,-25.66696,Q4
-1.7923825,-52.476463,Q2
41.017223,-8.065013,Q5 (mais caro)
40.778275,93.34656,Q5 (mais caro)
-2.2842476,-64.60455,Q2
45.312763,91.11329,Q4
40.874557,92.80964,Q5 (mais caro)
46.17186,91.32917,Q5 (mais caro)
68.82633,59.193268,Q2
65.24505,-53.648914,Q4
64.49454,-51.217735,Q1 (mais barato)
51.271553,-20.750816,Q5 (mais caro)
40.56017,92.73237,Q5 (mais caro)
68.80909,59.17543,Q2
72.34975,64.6587,Q2
92.540146,-29.754808,Q4
92.54023,-29.755121,Q4
41.575485,92.18065,Q3
71.07644,65.18788,Q2
68.29779,58.775806,Q3
66.4699,57.0752,Q1 (mais barato)
41.59478,92.17791,Q2
72.20903,56.866917,Q5 (mais caro)
71.08304,65.19484,Q3
71.14624,65.16988,Q5 (mais caro)
41.790863,92.239174,Q4
41.90674,92.8837,Q4
61.005173,-7.8347664,Q5 (mais caro)
103.97692,-8.304789,Q5 (mais caro)
-16.639805,-12.9684925,Q3
44.080936,43.264023,Q4
51.20442,5.9198756,Q4
9.907121,-65.29853,Q5 (mais caro)
-23.27486,6.5028915,Q4
37.673756,-54.004498,Q5 (mais caro)
39.353893,67.13984,Q5 (mais caro)
9.03523,7.287585,Q5 (mais caro)
42.526234,18.010038,Q5 (mais caro)
54.934834,34.840164,Q5 (mais caro)
42.21566,18.73234,Q4
22.015831,67.31356,Q3
15.614694,14.339058,Q5 (mais caro)
-31.808594,-31.994186,Q5 (mais caro)
19.736116,17.328848,Q5 (mais caro)
-27.50026,-25.069534,Q5 (mais caro)
2.8195267,-15.106255,Q5 (mais caro)
7.40661,9.039774,Q5 (mais caro)
-27.782354,-22.71786,Q5 (mais caro)
29.668362,-26.490541,Q5 (mais caro)
44.889362,11.015264,Q5 (mais caro)
41.805187,-20.328749,Q5 (mais caro)
38.49714,20.053047,Q5 (mais caro)
77.15513,-12.262474,Q5 (mais caro)
109.66171,4.5792193,Q5 (mais caro)
33.25893,17.919153,Q5 (mais caro)
-35.47644,-28.419794,Q5 (mais caro)
61.79247,-49.146385,Q2
64.358665,-62.05899,Q4
-22.053537,-29.444263,Q2
-22.360321,-22.333662,Q5 (mais caro)
31.751816,-36.657646,Q5 (mais caro)
73.23831,-9.348115,Q5 (mais caro)
21.447441,37.77001,Q5 (mais caro)
42.955967,22.056786,Q5 (mais caro)
-27.805859,-24.107197,Q5 (mais caro)
46.38856,91.679726,Q4
56.993423,-24.123487,Q3
75.89101,-12.797387,Q5 (mais caro)
6.348749,-1.753401,Q4
46.305283,91.47215,Q5 (mais caro)
63.930965,-7.4983773,Q5 (mais caro)
30.40828,-20.502527,Q5 (mais caro)
40.911087,93.760544,Q5 (mais caro)
46.83339,91.26809,Q5 (mais caro)
67.887695,58.70329,Q2
47.078167,92.64959,Q5 (mais caro)
-5.327033,-73.431404,Q4
92.54047,-29.756262,Q3
41.580006,92.177574,Q2
71.10794,65.18492,Q5 (mais caro)
44.62401,92.122665,Q1 (mais barato)
73.18926,58.575165,Q2
41.584206,92.18097,Q2
41.58801,92.179375,Q1 (mais barato)
44.962555,91.78395,Q2
72.104355,64.77636,Q1 (mais barato)
75.806526,60.855324,Q1 (mais barato)
46.57516,24.312695,Q5 (mais caro)
-5.021592,40.392216,Q3
-15.954267,76.41636,Q3
11.001499,61.53803,Q2
11.001513,61.538,Q2
26.749094,76.901184,Q2
-44.80581,-7.603384,Q2
9.938857,74.48966,Q1 (mais barato)
62.703457,-52.794693,Q2
-27.440779,39.39036,Q3
82.60032,-27.738342,Q3
5.548335,54.94879,Q1 (mais barato)
-53.494686,-52.01124,Q1 (mais barato)
5.5482774,54.94872,Q1 (mais barato)
-44.059166,-14.598259,Q4
-45.72074,-6.9531374,Q1 (mais barato)
-5.724391,69.39626,Q2
-41.70621,11.520501,Q3
-58.60891,-9.72899,Q3
-55.147785,-51.605297,Q1 (mais barato)
-54.09799,-47.97803,Q1 (mais barato)
-8.906946,83.63226,Q1 (mais barato)
-39.303074,8.255888,Q4
-25.728476,58.426064,Q1 (mais barato)
-5.8664517,45.120964,Q2
-85.92017,17.83483,Q2
-20.577215,22.192818,Q2
-46.04201,18.862766,Q4
-53.797115,-52.347343,Q1 (mais barato)
-5.413491,70.63641,Q2
-15.447086,36.51907,Q5 (mais caro)
-36.099266,83.53938,Q2
-38.290924,26.351105,Q2
15.041268,34.28131,Q3
-44.31398,48.503597,Q2
-19.761768,22.271421,Q2
4.246321,65.42413,Q3
-20.780655,25.551435,Q2
-24.083612,23.547073,Q2
-30.245178,17.56901,Q3
-90.128265,35.23343,Q1 (mais barato)
32.267624,69.03329,Q5 (mais caro)
-87.61749,16.039251,Q1 (mais barato)
-30.149574,53.73252,Q3
-53.352085,-48.66187,Q4
-5.47132,70.24725,Q3
-48.060646,-24.08923,Q3
-6.615523,86.64921,Q2
-6.6196012,71.919525,Q4
-18.348377,70.65359,Q2
-46.53225,-20.299482,Q4
35.014626,-97.13233,Q2
-76.07884,-41.43744,Q2
-37.032036,52.588295,Q3
-51.633083,-15.199657,Q3
0.54674745,37.025177,Q2
-20.522982,19.694277,Q2
-20.832869,18.782658,Q2
-14.411582,76.26509,Q2
-38.28537,26.414381,Q1 (mais barato)
-31.90408,56.922062,Q4
-49.870792,-47.573513,Q2
-27.051949,36.055008,Q3
-38.39108,25.455177,Q2
29.79976,82.09606,Q4
15.415005,89.23297,Q2
-54.860996,-51.40291,Q1 (mais barato)
4.4994764,57.040688,Q3
-48.775093,37.04051,Q2
-9.803552,44.46037,Q2
-8.193115,72.72945,Q5 (mais caro)
-64.47483,-5.986415,Q2
-50.21863,-21.883991,Q3
-6.3547845,67.19795,Q4
-49.335197,-22.028522,Q2
-27.463673,12.26009,Q2
-38.402378,83.5455,Q2
-80.62581,-42.26798,Q2
-7.937289,71.00907,Q4
-7.116789,67.58838,Q1 (mais barato)
-39.43908,70.153366,Q1 (mais barato)
-22.758957,44.938744,Q5 (mais caro)
-39.370426,8.274843,Q2
-49.881516,-47.80995,Q3
-50.027092,-21.972918,Q2
-51.781296,-24.450794,Q3
0.7957221,26.125221,Q3
-52.378593,-48.885925,Q2
-37.399357,82.89473,Q2
19.40887,76.00143,Q5 (mais caro)
-37.66341,-0.528048,Q2
-32.62406,19.141977,Q5 (mais caro)
17.890085,72.20034,Q3
-86.09132,-17.848568,Q1 (mais barato)
-25.63571,71.173515,Q1 (mais barato)
-15.846627,76.37031,Q4
36.110653,51.220196,Q4
-64.03451,-8.118546,Q2
-27.942247,19.494175,Q3
-8.066815,83.18938,Q2
44.733257,74.91525,Q1 (mais barato)
-38.23178,3.3997753,Q1 (mais barato)
-41.681797,11.42617,Q4
-51.651573,-47.738716,Q2
-41.939575,-22.680098,Q4
67.45795,-40.941147,Q2
82.54179,-27.733871,Q2
65.47378,-54.437317,Q2
64.24195,-52.505512,Q1 (mais barato)
0.20506278,25.424715,Q3
-44.322857,15.338144,Q2
-52.002926,-47.754898,Q1 (mais barato)
-51.95737,-50.025936,Q1 (mais barato)
19.859808,83.33242,Q2
-8.096776,41.534256,Q3
30.790514,82.211525,Q3
41.48425,66.038315,Q2
29.15639,80.42585,Q2
-53.46142,-22.18933,Q3
-47.70013,35.401897,Q2
-49.55474,-22.41029,Q3
-49.81455,-20.498413,Q3
-39.124554,29.239594,Q2
-5.520382,70.12657,Q2
4.1722193,56.864784,Q2
-49.428505,-45.181404,Q1 (mais barato)
39.043495,50.384537,Q3
-53.093548,31.022547,Q2
-38.714264,-38.637867,Q4
-13.988571,75.47216,Q4
-24.732792,72.77515,Q4
-6.991541,67.27022,Q1 (mais barato)
-83.110985,41.77287,Q3
-53.798332,-46.12639,Q3
-5.7875595,69.55026,Q2
-50.037216,-24.587757,Q2
-54.861134,-51.40309,Q1 (mais barato)
-39.312256,49.49897,Q4
-10.08215,66.584694,Q4
-89.06908,-21.669018,Q3
-44.263332,47.76704,Q3
17.225962,84.69931,Q3
67.270096,62.288605,Q2
-4.916681,33.352913,Q2
-0.32094118,25.369337,Q3
-46.238865,-22.999243,Q4
23.951647,87.29975,Q3
3.6786962,65.834175,Q1 (mais barato)
-5.7061114,70.406494,Q5 (mais caro)
-20.533918,19.658754,Q2
-28.638561,57.333874,Q2
-50.0416,-41.97052,Q3
-47.393673,10.96885,Q3
-35.383595,4.342333,Q3
-52.06699,-25.325016,Q3
-71.46725,-37.733433,Q3
-16.681192,56.935356,Q2
-51.64273,-15.202422,Q3
-44.32233,15.3380785,Q2
-56.55912,-21.340956,Q1 (mais barato)
-47.775005,-43.95922,Q3
39.160995,49.80658,Q2
20.21241,-96.10281,Q5 (mais caro)
26.9454,82.380554,Q5 (mais caro)
-6.8064075,67.33494,Q3
-48.363052,-42.98215,Q2
-52.022034,-51.278,Q3
-84.56883,-8.207232,Q4
-25.976698,24.673315,Q4
-52.86411,-22.283848,Q3
-54.84026,-51.37815,Q1 (mais barato)
-27.464102,12.258092,Q2
-84.336105,-19.58476,Q3
-51.292545,-20.626404,Q3
-72.35435,-43.910217,Q2
-8.091744,68.39514,Q3
-53.29021,-22.49758,Q1 (mais barato)
-46.17511,-4.75074,Q3
-50.18566,-50.560974,Q3
17.32652,57.84204,Q4
28.036247,76.8132,Q5 (mais caro)
-7.549929,68.07422,Q2
24.286224,88.70495,Q3
1.7550582,44.219788,Q3
-6.741867,66.776306,Q1 (mais barato)
-34.901993,28.345575,Q4
-23.701889,44.18215,Q4
20.580936,47.685493,Q4
-10.023595,66.57359,Q3
-39.01349,51.913795,Q1 (mais barato)
-57.45125,-23.387083,Q3
-5.541895,31.76748,Q2
-53.452988,-22.180967,Q2
23.949453,-101.27195,Q3
-85.17403,19.303013,Q2
-72.70682,-43.885094,Q2
-29.463373,36.708622,Q3
-52.212925,-48.697685,Q2
-88.370346,-28.085741,Q1 (mais barato)
-53.66468,-46.29963,Q1 (mais barato)
-53.2084,-24.602253,Q2
-52.977814,-50.351048,Q3
-26.640892,14.7066965,Q3
-31.178059,16.890738,Q3
-55.05382,-51.553947,Q1 (mais barato)
-83.65711,18.06674,Q2
-52.063923,-51.325146,Q3
-19.752792,22.242968,Q2
-54.861122,-51.404736,Q1 (mais barato)
27.715744,71.206604,Q2
30.434233,70.97915,Q2
-83.28557,-14.328276,Q2
-8.150504,72.57327,Q4
-52.059303,-25.323097,Q2
-29.613901,53.985416,Q4
-39.69446,-33.313812,Q5 (mais caro)
-42.350254,-42.721054,Q4
-37.140232,2.8178961,Q1 (mais barato)
45.457714,68.97439,Q1 (mais barato)
-4.5356402,72.87311,Q3
-64.602,11.108883,Q2
14.16715,31.473364,Q3
-29.819704,54.19571,Q4
66.924355,62.08625,Q1 (mais barato)
-86.42471,15.761838,Q3
-17.729177,61.84943,Q4
-29.980238,53.736134,Q4
-50.24542,-20.859554,Q2
-49.560135,-21.946337,Q2
39.070137,51.501583,Q2
-15.107624,74.395706,Q3
-47.8358,15.236919,Q2
-68.24601,58.950775,Q1 (mais barato)
-50.504784,-14.994588,Q3
11.627992,74.04083,Q4
-52.07153,-24.514109,Q4
-52.03564,-51.29538,Q2
-27.458553,19.28688,Q3
-29.931662,9.175517,Q2
-51.887527,-25.284466,Q2
-20.726444,52.345932,Q3
13.998958,58.319748,Q2
-8.145515,72.69139,Q4
15.265927,57.873383,Q4
-6.3601966,67.11817,Q1 (mais barato)
15.730227,65.48738,Q3
-49.906406,-47.782368,Q2
-73.67993,40.13149,Q4
-46.368874,-6.953332,Q2
-39.217503,-37.064034,Q4
-51.265038,-25.161076,Q3
-51.89322,-25.286896,Q2
-47.595272,35.358997,Q4
-46.921135,15.634487,Q3
29.717276,35.050003,Q5 (mais caro)
-39.95468,-34.515617,Q5 (mais caro)
-53.873493,31.728025,Q2
-53.892914,-22.508545,Q1 (mais barato)
-42.874863,-42.96987,Q2
21.684061,83.5033,Q3
-61.44006,29.85347,Q2
-50.311237,-24.926865,Q4
-49.574154,-19.961868,Q4
-21.789843,30.271292,Q2
-21.924955,59.00215,Q4
-46.605946,-40.72723,Q3
-75.878555,-40.800186,Q2
0.6975665,38.26095,Q2
67.71166,63.544548,Q2
-50.196667,16.730255,Q4
-50.518063,-21.271357,Q4
-48.121727,69.5953,Q4
-86.02376,15.561123,Q3
-86.202,15.692249,Q3
39.854607,48.393257,Q3
-51.7878,-25.492146,Q2
4.3334627,65.97639,Q4
15.076258,37.42588,Q4
-7.928141,68.31181,Q3
-1.711401,38.600372,Q2
-22.461857,33.02753,Q4
26.357306,-102.0075,Q2
-28.607819,57.307022,Q3
-46.56186,-41.945213,Q4
-53.326195,-48.700645,Q3
-26.77203,12.137524,Q3
-75.806854,-48.34648,Q2
-56.925095,-21.484438,Q1 (mais barato)
-26.096613,41.224087,Q2
-23.220358,53.498123,Q4
5.441174,33.990833,Q4
-39.62009,11.521235,Q1 (mais barato)
16.35469,35.898197,Q4
-21.552353,18.9526,Q3
4.9554844,54.860474,Q1 (mais barato)
3.4172676,44.67211,Q2
-77.84973,32.77785,Q1 (mais barato)
-88.097305,34.413284,Q2
-46.793514,11.221715,Q2
-90.11053,-24.430231,Q1 (mais barato)
-10.32196,51.88847,Q2
-20.40713,62.40224,Q3
-90.64296,-27.369097,Q1 (mais barato)
-48.133583,69.60565,Q4
-92.762856,34.352474,Q2
-85.82308,30.089584,Q2
10.854063,74.4868,Q2
-63.95686,-12.147782,Q2
-60.74353,27.450424,Q3
-90.27701,-24.778141,Q1 (mais barato)
26.233782,79.82507,Q5 (mais caro)
-56.279976,53.65268,Q5 (mais caro)
-78.35842,40.942657,Q4
10.403504,74.12038,Q4
-68.45409,2.0481462,Q4
-20.41047,62.4094,Q1 (mais barato)
-35.96194,86.43347,Q2
11.126232,61.53663,Q4
-47.1165,79.22135,Q2
-91.21393,-19.66721,Q2
-77.53671,-20.13678,Q2
-93.09431,-26.1713,Q1 (mais barato)
-91.26013,-7.5251265,Q2
-91.2107,-19.676859,Q2
-88.99495,-9.202701,Q2
-87.26318,18.790604,Q2
-87.4835,-20.259752,Q3
-85.75797,30.079762,Q2
-39.582726,27.411766,Q4
-92.593445,33.99102,Q2
31.410732,69.50173,Q3
-85.324554,-11.175941,Q2
33.276108,74.32952,Q5 (mais caro)
20.367298,70.51997,Q3
-47.36765,79.72831,Q2
-58.569912,-7.339831,Q2
-91.12051,-21.877054,Q1 (mais barato)
-90.28825,-24.711588,Q1 (mais barato)
-20.975483,22.6978,Q2
-39.01614,12.141588,Q2
-91.1105,-18.610754,Q3
-15.593683,65.91165,Q3
-43.98757,78.01736,Q1 (mais barato)
6.6036305,68.85578,Q3
-35.372845,4.3512726,Q2
-60.910233,25.739418,Q4
-91.39599,-22.241455,Q1 (mais barato)
-93.673225,33.53752,Q2
-76.49609,-20.002827,Q2
-25.563385,75.904434,Q3
-43.300484,17.020496,Q3
-84.32782,-20.721735,Q3
-20.905424,22.636066,Q2
41.644245,35.965145,Q2
-84.33146,-19.567759,Q4
3.0162416,40.809837,Q4
-46.94074,79.356155,Q2
-64.93735,-6.497458,Q3
-44.237076,15.334989,Q2
-45.30898,30.148815,Q4
-50.282753,-24.352583,Q2
-27.46644,14.269324,Q4
-39.156895,-22.827286,Q5 (mais caro)
5.9564433,64.6812,Q5 (mais caro)
-0.82052386,39.58737,Q2
18.45418,53.04259,Q3
35.003742,-97.33317,Q2
-44.416733,15.437456,Q2
14.945683,17.520329,Q4
-63.293858,-13.706002,Q1 (mais barato)
-44.284622,21.798532,Q5 (mais caro)
-78.555984,38.198483,Q1 (mais barato)
-49.57635,-51.40086,Q2
-7.3763895,71.249275,Q3
19.647318,49.05329,Q4
26.655619,63.859276,Q3
-93.11705,-26.182707,Q1 (mais barato)
-55.304966,31.49314,Q5 (mais caro)
-48.03049,-45.01483,Q3
-44.727184,-19.35566,Q3
-78.84489,19.11927,Q3
-44.23371,-22.743382,Q3
-44.06359,-14.629521,Q5 (mais caro)
31.828949,73.76258,Q5 (mais caro)
-47.01009,79.68098,Q2
-46.79526,37.274487,Q3
-88.36172,-31.13523,Q1 (mais barato)
-46.05614,71.132195,Q4
-71.708084,-39.731766,Q2
-41.537037,78.008286,Q2
-20.922934,22.719908,Q4
-90.11241,-24.440353,Q1 (mais barato)
-79.02762,34.7386,Q3
-88.17695,37.92373,Q2
-78.80835,-18.681147,Q2
-40.57932,12.614786,Q1 (mais barato)
-87.06849,30.903324,Q1 (mais barato)
39.239178,51.45146,Q1 (mais barato)
5.622892,66.574234,Q2
-49.62976,75.7931,Q1 (mais barato)
-85.40346,39.611702,Q3
23.375032,70.175804,Q4
-83.925545,17.29875,Q2
-31.563465,8.177605,Q2
-86.05048,-30.073408,Q1 (mais barato)
-82.32751,37.427364,Q2
-64.91205,-6.3193583,Q3
-38.763298,2.6474721,Q1 (mais barato)
-91.20981,-19.686338,Q2
-38.17968,27.535553,Q3
-71.66726,-37.735954,Q4
-21.113176,63.396687,Q1 (mais barato)
-64.493614,-6.0013185,Q3
11.054789,61.538986,Q4
27.107395,25.843603,Q2
17.479904,87.49576,Q2
-27.414368,12.243527,Q3
-25.454994,25.655579,Q4
4.054068,50.43039,Q1 (mais barato)
-87.4055,36.311096,Q4
-66.16609,12.650973,Q3
-25.538664,75.917854,Q3
-9.059886,47.37854,Q2
1.8682692,58.344994,Q2
-85.81541,-30.202414,Q1 (mais barato)
-84.33047,-19.590864,Q3
-90.27609,-24.777609,Q1 (mais barato)
-68.30495,2.346604,Q4
-45.285492,5.322428,Q4
-36.11766,33.53977,Q3
3.4859335,57.519875,Q2
42.822506,66.38253,Q3
-35.13853,62.847084,Q5 (mais caro)
-93.5124,33.167767,Q2
-64.06145,5.592017,Q2
-24.222979,72.091934,Q2
10.99638,61.53831,Q3
-49.324825,75.74358,Q2
-68.248245,2.3918822,Q4
-25.522804,75.93997,Q2
-43.902927,77.538475,Q2
-29.004309,52.793663,Q3
-78.96774,39.581722,Q4
-88.37082,-28.103045,Q1 (mais barato)
-45.891315,-7.1042733,Q1 (mais barato)
-21.490562,60.846024,Q3
-53.79485,39.411713,Q5 (mais caro)
39.29719,53.60561,Q2
-51.34574,68.025475,Q3
5.005139,54.960014,Q1 (mais barato)
14.5810795,37.81404,Q4
-28.693106,68.01962,Q4
45.021614,65.256065,Q4
-79.034546,34.72876,Q4
-37.503098,27.474083,Q4
-90.276955,-24.778496,Q1 (mais barato)
-93.37043,-31.843603,Q1 (mais barato)
-41.58682,77.47442,Q2
-60.96228,24.685783,Q2
-47.610718,16.7557,Q2
-40.337776,73.31872,Q3
-88.36843,-28.102346,Q1 (mais barato)
11.611421,61.447453,Q5 (mais caro)
17.48271,87.420975,Q1 (mais barato)
-85.78144,30.080503,Q2
-37.844063,25.485317,Q2
-50.067562,74.91063,Q4
-47.107903,45.88481,Q4
0.15219851,23.147635,Q4
-72.28126,-43.88193,Q1 (mais barato)
-50.732067,-20.803493,Q3
-46.946087,15.67821,Q3
-30.376434,13.695878,Q3
-54.255707,15.393089,Q2
-81.241615,3.981001,Q2
-20.300446,18.937988,Q3
16.166075,65.579636,Q1 (mais barato)
42.067493,36.142735,Q2
-28.90993,17.614542,Q2
-5.7114677,70.31868,Q4
-49.576233,-19.837906,Q3
-88.09043,34.422733,Q4
-50.19812,-50.600765,Q3
-36.369225,32.11289,Q3
-52.795246,-23.876347,Q2
44.731014,23.13025,Q3
21.660877,59.24777,Q4
-73.64241,-40.158176,Q3
-83.86703,17.444033,Q1 (mais barato)
-48.36985,-42.996803,Q4
-45.99415,-41.87183,Q4
-51.764164,-6.8605676,Q3
1.3257087,30.496988,Q5 (mais caro)
-44.01352,-22.56275,Q3
-51.039825,-20.823105,Q3
-46.419117,-20.299084,Q4
-24.372438,24.163048,Q5 (mais caro)
-52.593845,-24.141136,Q3
-39.033985,-20.640379,Q5 (mais caro)
11.238376,75.24885,Q4
-20.187174,19.798674,Q3
15.041268,34.28131,Q3
19.844616,73.09731,Q4
22.772127,75.19909,Q4
21.164816,74.97002,Q2
-28.47494,37.063717,Q4
-29.749222,54.045765,Q4
-49.877563,-19.948019,Q4
-58.838825,9.497326,Q3
-10.7163925,66.533806,Q5 (mais caro)
-17.999592,62.998413,Q3
-83.27626,-14.211789,Q4
-6.8492374,40.254513,Q3
-39.495296,-29.217445,Q5 (mais caro)
-5.229409,47.205708,Q2
-35.305683,32.85544,Q4
-42.61233,33.38403,Q2
-82.991905,33.693447,Q3
-89.27066,-21.935104,Q2
-11.714828,89.02495,Q2
-73.43102,-5.9179845,Q3
-49.21838,78.1601,Q3
-68.611015,18.021114,Q3
-24.378372,18.277712,Q2
31.340773,-87.189384,Q4
-44.851936,80.02733,Q2
-47.063644,10.240454,Q1 (mais barato)
-24.841972,43.670486,Q2
-30.78231,53.846046,Q3
-87.486885,-26.96674,Q1 (mais barato)
-75.87877,-40.790695,Q2
-90.051994,33.789185,Q1 (mais barato)
-64.42884,39.684074,Q4
-79.411644,31.692728,Q3
-20.273623,23.652374,Q3
17.670034,87.35906,Q3
-37.576595,31.305029,Q3
-64.995895,-3.8315706,Q4
-42.359318,69.88021,Q3
-18.623621,70.808395,Q3
-42.002926,31.915377,Q2
-12.370116,86.02102,Q2
-84.33343,-20.716774,Q3
-87.440674,34.04634,Q3
-53.12204,65.275955,Q4
-76.92657,-17.193851,Q3
-77.51567,-37.99008,Q2
22.82547,73.42219,Q1 (mais barato)
-24.43357,73.93027,Q1 (mais barato)
27.341398,72.767136,Q3
-83.18166,-3.4053233,Q4
-89.26527,38.570335,Q2
-55.652225,60.59491,Q5 (mais caro)
-87.335304,36.51568,Q3
-8.097925,44.52013,Q3
-72.07949,-43.748203,Q2
-85.823654,30.089851,Q2
-45.45951,77.7724,Q3
17.851175,53.67573,Q4
-45.340305,1.3032798,Q4
-22.267012,75.43323,Q3
-84.334915,-19.573214,Q3
43.78521,72.59883,Q2
-39.404984,19.18152,Q5 (mais caro)
-36.15811,3.130467,Q1 (mais barato)
-45.99891,40.79883,Q3
0.14056823,41.039925,Q2
-37.83212,55.5965,Q4
31.039736,-96.99132,Q5 (mais caro)
-49.02283,66.50421,Q4
-89.42681,36.076157,Q2
-37.41727,43.921516,Q3
-62.05207,26.283934,Q2
-7.977965,47.545998,Q3
-27.238152,72.48032,Q1 (mais barato)
-48.87311,42.730377,Q3
-18.351593,70.64336,Q2
-84.328995,-19.575562,Q4
-91.20961,-19.684965,Q2
-21.099026,22.721628,Q4
-68.45129,17.6,Q4
-54.623898,29.085602,Q1 (mais barato)
7.181417,21.169506,Q4
-90.030426,33.83707,Q2
11.118697,61.513664,Q5 (mais caro)
-18.982319,69.12447,Q3
-4.487053,33.553642,Q2
-49.551666,37.895466,Q5 (mais caro)
-83.35894,33.645554,Q2
-58.403687,6.2665095,Q3
-49.558647,75.71931,Q3
21.505116,75.52756,Q2
15.993984,65.60287,Q2
20.773552,-91.937004,Q3
-29.603003,16.766579,Q1 (mais barato)
-27.524225,14.281074,Q2
-44.709534,17.304508,Q4
-62.971638,-8.016618,Q3
-17.688864,70.19999,Q2
-89.305534,-21.96706,Q1 (mais barato)
31.936468,-97.746414,Q3
-91.09058,-18.594618,Q3
-30.241552,51.735767,Q2
-8.013901,33.35652,Q3
-58.393566,23.935097,Q1 (mais barato)
-77.586044,27.545404,Q1 (mais barato)
41.83032,65.99772,Q2
-78.96981,39.51131,Q4
-90.746124,21.440563,Q3
-77.55823,-20.102684,Q2
-50.484085,75.91746,Q1 (mais barato)
-75.552475,-31.571047,Q3
-38.087585,52.482853,Q3
17.88383,72.181854,Q3
-58.75962,22.150034,Q4
-78.511566,-3.1589825,Q4
-2.7210214,39.89294,Q3
24.080366,88.791885,Q4
-43.91641,77.73944,Q3
-14.359477,46.400795,Q5 (mais caro)
-76.439606,32.20924,Q2
-79.99766,-41.903572,Q2
-41.543644,78.0044,Q3
4.484718,50.766098,Q2
-11.5887,41.78656,Q2
-86.10607,-16.11175,Q2
-18.115124,67.11454,Q2
30.242626,76.15518,Q5 (mais caro)
-74.810936,35.680096,Q2
-38.14022,52.64107,Q2
-88.010475,34.71936,Q2
-68.845085,18.01097,Q3
-29.681778,19.60362,Q5 (mais caro)
-43.28551,17.841463,Q2
26.958387,26.586927,Q3
-48.099514,69.24461,Q5 (mais caro)
-87.35258,36.464256,Q3
-78.37689,31.642584,Q2
39.485455,66.86141,Q3
-68.62016,46.949333,Q4
16.424301,58.35652,Q2
6.455161,64.1716,Q2
-49.480164,77.29594,Q2
-54.653957,-17.654942,Q3
-38.490334,-1.1620073,Q3
22.979507,82.58799,Q5 (mais caro)
11.347046,74.06988,Q1 (mais barato)
-45.324112,19.23274,Q4
-63.98596,29.691593,Q1 (mais barato)
18.573732,73.35273,Q2
-51.250984,73.05014,Q3
45.249123,72.56796,Q2
3.7827873,66.39257,Q3
-47.955547,66.24319,Q5 (mais caro)
-95.908104,-12.944357,Q4
-77.7054,0.48741782,Q5 (mais caro)
-8.783165,50.733242,Q3
-27.03857,72.16233,Q3
29.038748,-91.55867,Q2
-50.007915,69.67747,Q3
-83.93064,17.310274,Q3
-92.5936,33.992023,Q2
31.359653,73.63349,Q5 (mais caro)
-5.2347164,38.05028,Q2
-86.61096,15.805295,Q3
-82.88187,33.72503,Q4
-79.76425,32.173424,Q4
-23.72185,73.91399,Q1 (mais barato)
11.264841,63.927177,Q4
12.327458,42.696156,Q2
4.841189,57.99725,Q3
-89.472244,-8.938728,Q3
-89.49003,-8.955176,Q3
-50.24453,50.54068,Q4
-63.541386,-12.814698,Q2
-90.63061,-27.331415,Q1 (mais barato)
67.665665,62.360126,Q3
-43.259705,80.157555,Q3
-38.319508,34.657524,Q1 (mais barato)
-24.150309,72.21964,Q4
-88.209145,-31.286327,Q1 (mais barato)
-27.991497,53.546223,Q5 (mais caro)
25.883392,-99.33567,Q2
-88.422775,-9.271395,Q2
-37.40632,69.99569,Q3
-9.119065,69.62136,Q4
1.8236176,29.78249,Q3
6.6612263,68.87012,Q4
-71.93413,42.02739,Q3
-84.49754,-19.166368,Q3
-77.89275,-9.835548,Q5 (mais caro)
-85.11486,-7.7696733,Q4
-27.317633,10.4520855,Q3
-73.101746,39.05616,Q5 (mais caro)
-85.9745,41.278393,Q3
-88.36443,-28.068422,Q1 (mais barato)
-46.969048,80.136635,Q2
-83.280136,-14.230195,Q4
-82.352615,40.625698,Q4
-17.174381,61.645184,Q2
22.875402,82.94373,Q4
-29.452154,52.50102,Q3
-37.89379,3.7258615,Q2
-37.24219,30.771467,Q3
-89.22856,36.614964,Q1 (mais barato)
-51.823658,18.836061,Q3
-49.054356,9.713953,Q2
-45.16086,6.45681,Q4
-22.193295,35.875908,Q3
-36.85223,48.34912,Q4
-54.527008,63.95836,Q5 (mais caro)
-43.152447,69.08384,Q5 (mais caro)
40.956753,35.616535,Q5 (mais caro)
-48.13328,69.60818,Q4
-72.975555,39.274227,Q4
-87.44465,35.483253,Q3
-53.193233,72.24077,Q2
-77.64581,-1.7144918,Q5 (mais caro)
-32.968163,14.249453,Q3
-36.36036,32.31969,Q2
-83.09983,29.046797,Q4
-35.411972,4.381131,Q1 (mais barato)
-82.81269,41.88028,Q4
-19.221653,58.28814,Q2
38.973316,51.19313,Q4
-38.09896,52.485138,Q3
-21.189066,63.350903,Q1 (mais barato)
-65.50275,-5.460399,Q4
12.018325,39.245945,Q4
-75.885506,-40.809643,Q2
-89.47491,-8.944977,Q2
-77.36272,40.15647,Q3
-79.466545,31.684338,Q3
-44.95757,19.472979,Q4
-89.28843,-22.015076,Q2
-25.4921,25.564968,Q4
33.08827,36.031918,Q3
-75.88437,-40.80629,Q2
-7.053866,43.111237,Q3
-91.41137,29.948565,Q1 (mais barato)
41.64243,35.96796,Q3
-51.54444,73.11943,Q2
-78.44898,42.734947,Q3
-88.98268,-9.203645,Q3
23.313183,89.15822,Q3
-25.408127,25.305315,Q4
-58.912113,23.899422,Q3
-41.194626,53.060165,Q5 (mais caro)
-84.329124,-20.729807,Q3
-17.076677,57.07487,Q2
-42.30839,20.327255,Q4
-84.4814,32.80363,Q2
-77.10192,27.962572,Q3
-95.84798,-21.83187,Q1 (mais barato)
-25.961931,41.74546,Q2
-60.949474,24.638826,Q3
-26.126692,41.164944,Q4
-28.109657,72.506676,Q5 (mais caro)
-41.86939,29.870445,Q5 (mais caro)
-41.54535,77.99975,Q2
-83.31607,33.649532,Q3
-29.77692,67.34526,Q3
-49.36533,40.749878,Q5 (mais caro)
-38.914356,71.29968,Q3
-51.663967,23.494614,Q4
-54.81422,64.08117,Q5 (mais caro)
-17.560005,62.0076,Q3
-54.43509,63.412746,Q4
45.072807,66.80125,Q5 (mais caro)
-43.367756,79.69698,Q3
5.2638707,56.61651,Q4
-92.8317,34.810486,Q3
-91.53461,20.31398,Q2
-88.10044,34.411816,Q4
-29.916693,18.92956,Q5 (mais caro)
-93.11705,-26.182707,Q1 (mais barato)
-40.20096,8.846999,Q3
-37.800255,55.607075,Q3
-47.85056,52.461166,Q5 (mais caro)
-72.63074,-44.369522,Q2
-43.58909,17.369553,Q3
-45.380653,45.271626,Q5 (mais caro)
-59.372868,23.889248,Q3
-88.08533,34.430073,Q3
13.377213,71.47838,Q2
-49.307404,73.927414,Q3
-21.257685,64.65297,Q2
-71.512596,44.979446,Q4
-27.281084,12.439976,Q3
-18.342665,70.66673,Q1 (mais barato)
-30.612492,13.667042,Q3
14.9664955,34.26577,Q2
-74.35034,42.50726,Q3
-75.30982,-31.860031,Q2
-87.357475,18.606974,Q2
-89.482864,-8.951366,Q2
-55.43067,62.45464,Q3
-78.66773,-17.833006,Q2
-29.485483,24.040546,Q3
-37.906956,27.49933,Q3
22.011864,59.42111,Q5 (mais caro)
-25.88789,70.42017,Q4
-47.50648,46.43351,Q3
44.983894,22.452257,Q4
-23.874062,17.82919,Q3
-38.827217,71.26335,Q3
23.154463,69.71257,Q1 (mais barato)
-72.196045,40.47175,Q4
-43.394497,79.661766,Q4
-67.65296,47.311543,Q5 (mais caro)
-30.79298,11.793712,Q2
-87.41293,35.963646,Q3
-77.4058,40.242558,Q3
-53.213882,65.65511,Q3
-70.94831,48.257175,Q5 (mais caro)
-27.96006,56.648926,Q4
4.657368,55.344746,Q2
-2.2004986,40.50976,Q1 (mais barato)
-77.54377,-20.129578,Q2
-49.668537,11.420484,Q2
12.257391,65.72978,Q2
-1.5581073,43.518482,Q4
-83.2626,33.65709,Q2
-88.71014,31.745659,Q3
-57.081013,60.120327,Q5 (mais caro)
-24.633469,55.35043,Q4
-17.426765,34.02697,Q3
39.180984,53.548805,Q2
-83.106255,29.002914,Q2
-18.454735,66.70876,Q2
-35.8703,2.3903522,Q2
-48.73733,36.449623,Q3
-85.51071,30.322409,Q1 (mais barato)
-87.44189,34.03806,Q3
-46.734726,37.20585,Q3
4.0784755,50.44214,Q4
11.995671,37.519382,Q2
-64.515,-7.879671,Q3
-68.278206,2.2103114,Q2
-93.117096,-25.638054,Q1 (mais barato)
-69.034,2.036433,Q4
4.979322,54.899937,Q1 (mais barato)
33.283222,36.11197,Q2
-48.766647,36.45587,Q4
-90.78571,33.103333,Q1 (mais barato)
-66.28884,11.520792,Q3
-93.12137,-25.571363,Q1 (mais barato)
-19.112732,16.08373,Q2
-61.302166,23.297138,Q1 (mais barato)
-17.464098,62.057125,Q2
-92.848785,35.127247,Q3
-89.47268,-8.939789,Q2
-90.28743,-11.383986,Q2
-77.70412,27.422445,Q1 (mais barato)
-47.151886,46.18788,Q3
-85.78021,30.081274,Q2
-83.92295,17.325064,Q2
-90.278076,-24.74038,Q1 (mais barato)
-83.63498,18.07243,Q2
9.688137,66.55936,Q2
-58.254704,-8.857212,Q4
-84.32474,-19.552914,Q2
-56.529907,3.4601495,Q4
-92.678406,34.02096,Q4
-44.70084,2.4783523,Q2
-60.69981,26.238268,Q3
18.530348,73.320755,Q2
-61.334927,25.678057,Q3
-85.34163,16.991253,Q2
10.968232,65.59043,Q2
-21.092426,22.668814,Q4
-55.431934,31.57901,Q4
-48.787056,36.30334,Q3
27.155083,25.636421,Q3
-91.09511,37.392483,Q2
-16.438118,58.18354,Q2
-22.246809,23.86491,Q4
-61.89706,23.512169,Q2
-43.549667,82.8176,Q1 (mais barato)
-37.74184,30.38534,Q3
43.90352,68.109886,Q1 (mais barato)
27.741102,75.6138,Q5 (mais caro)
-30.786537,8.601399,Q2
-76.96634,5.127543,Q5 (mais caro)
-40.265053,8.805404,Q3
-88.12887,38.68413,Q3
-83.650536,18.041721,Q1 (mais barato)
-51.595764,73.0573,Q2
-83.173164,-3.3796604,Q4
-54.54743,11.864901,Q2
-67.78561,-11.597343,Q3
2.1215322,44.768288,Q2
-21.551908,18.953268,Q3
-19.155167,62.09698,Q3
6.5764875,68.831505,Q4
-12.179906,89.605705,Q2
-22.268904,24.552946,Q3
-87.43971,34.04785,Q4
-78.93614,-6.1691456,Q4
39.593235,34.127,Q4
-86.09264,-17.849127,Q1 (mais barato)
-77.80438,3.7542388,Q5 (mais caro)
-52.23174,76.816246,Q3
-46.525406,79.73629,Q3
-49.75866,69.81926,Q4
-49.160774,37.43898,Q2
-43.63154,75.785446,Q3
-30.207487,67.65625,Q5 (mais caro)
-96.849915,-14.687458,Q3
-8.133512,39.056763,Q4
-12.446135,86.07987,Q2
-79.90497,32.4194,Q2
-70.62417,44.53709,Q4
-0.62449133,25.590942,Q4
-39.761185,33.508,Q3
-83.933174,-18.789505,Q4
-49.071167,35.632153,Q2
-91.5413,25.96231,Q1 (mais barato)
-86.01488,-9.752752,Q2
-44.68425,6.838235,Q2
-61.953133,23.370535,Q1 (mais barato)
-78.32718,36.72308,Q3
-1.4146211,25.782534,Q4
39.47778,49.982628,Q3
-63.857193,28.348925,Q4
21.442871,52.375587,Q3
-41.55795,77.49759,Q2
-55.706654,32.12917,Q5 (mais caro)
-78.916435,-3.6981525,Q3
-37.843273,25.48522,Q2
-47.49039,78.99339,Q3
-78.78674,-18.829758,Q3
-27.244423,12.412703,Q3
-4.400577,38.96834,Q2
-38.39311,83.55086,Q2
-81.19044,-3.6547155,Q3
-37.010845,46.549763,Q3
-87.65931,-7.6913395,Q4
-48.359882,70.92572,Q4
-16.34153,35.77008,Q2
-20.624916,24.232677,Q3
-93.51886,33.160725,Q2
-5.937396,34.020576,Q4
-22.22558,19.02708,Q3
-41.681477,80.44458,Q2
-83.81304,23.93971,Q3
-58.324444,8.864977,Q3
-40.357723,8.844316,Q3
-45.47019,19.082273,Q4
-77.55194,-20.109669,Q3
0.68307394,38.230614,Q2
-35.3836,4.957849,Q2
-23.056038,16.70927,Q2
-83.37563,33.893196,Q2
-85.467384,30.314604,Q3
-63.95951,31.13316,Q5 (mais caro)
-18.203737,24.637772,Q1 (mais barato)
32.890823,35.714134,Q4
-51.514305,37.25824,Q4
-78.868095,19.067053,Q2
16.654764,58.520145,Q3
-83.17575,-3.3889625,Q4
-96.85853,-14.6669855,Q2
13.044017,70.3761,Q3
3.0132134,40.817413,Q3
-91.214226,-19.64131,Q2
21.28684,-90.94705,Q4
23.759523,-101.091255,Q3
-50.27917,58.98905,Q4
-47.08112,44.993782,Q3
-37.70767,50.20826,Q3
-23.707605,73.91733,Q1 (mais barato)
-64.10939,9.223168,Q3
-68.42668,57.72847,Q4
-85.567184,38.950146,Q3
-44.567158,17.30571,Q2
10.906935,73.69923,Q4
-77.59014,-37.88991,Q4
-88.68326,-15.461492,Q4
20.543743,50.382614,Q2
-95.904854,-12.988575,Q4
-72.58975,-44.220276,Q1 (mais barato)
-90.89612,-18.33412,Q3
-29.721981,52.303173,Q5 (mais caro)
25.731037,-99.73962,Q3
31.619299,31.953579,Q2
-72.01624,39.376274,Q5 (mais caro)
19.709736,73.08801,Q3
-83.52537,34.350212,Q2
16.101025,35.501965,Q2
23.188522,86.66777,Q4
-66.037224,8.915077,Q3
-75.874855,-40.800697,Q1 (mais barato)
27.76881,26.603334,Q3
-7.5881042,53.043037,Q5 (mais caro)
-78.78753,-5.8915863,Q4
-25.264454,42.58468,Q2
-18.206846,24.638994,Q2
-53.29757,70.33622,Q5 (mais caro)
-9.025394,41.86078,Q2
-30.948343,11.9023075,Q3
29.05617,66.69834,Q4
-48.939022,5.8404307,Q2
-62.54934,23.51869,Q1 (mais barato)
-29.231825,36.09697,Q2
-47.179844,80.21197,Q2
-37.833927,53.057507,Q3
-8.345851,48.121918,Q2
-88.963936,-9.181905,Q3
-49.92008,48.765556,Q4
-47.541172,46.426243,Q2
22.814373,51.098545,Q4
-90.12429,-8.167036,Q3
-83.005264,-15.428326,Q4
-84.33517,-19.576393,Q4
-93.596436,-32.19883,Q1 (mais barato)
-54.747448,30.012913,Q3
-71.75612,-39.877396,Q3
-43.545673,17.121332,Q2
9.401852,67.28857,Q1 (mais barato)
-89.07032,-21.702383,Q2
-88.098656,34.41596,Q3
-19.297121,58.544468,Q2
-43.52909,34.738327,Q3
19.452257,72.89722,Q2
-85.17224,19.272163,Q2
-61.093784,26.755428,Q3
-86.068954,38.702747,Q3
-37.953243,50.225067,Q1 (mais barato)
4.866696,55.26062,Q1 (mais barato)
-29.001839,53.168842,Q4
-88.83439,31.876764,Q3
-84.79342,34.02022,Q3
27.02248,76.36514,Q3
-68.86679,2.1152632,Q4
-64.858284,10.355207,Q3
-65.619316,10.128333,Q4
-65.92508,11.502709,Q3
4.178063,54.229286,Q3
-41.64544,77.07276,Q2
14.843309,58.603607,Q2
-84.33599,-19.584808,Q3
-0.3315867,25.369663,Q3
-87.433914,34.044662,Q2
-17.116978,57.0403,Q2
-88.9982,-9.202852,Q3
-38.79727,84.64677,Q3
11.442402,37.04154,Q2
-7.5842624,53.097404,Q5 (mais caro)
39.237957,51.36614,Q3
-48.60748,66.90494,Q5 (mais caro)
29.734499,82.10323,Q3
-88.49798,40.76115,Q3
-48.605537,43.10319,Q3
-0.19903067,27.387138,Q3
-35.75505,84.68753,Q2
-63.820423,5.5707216,Q2
-50.27941,58.993805,Q3
-38.070972,44.214516,Q4
-45.171913,6.4699764,Q2
-84.33862,-20.709743,Q3
-1.4943684,23.240414,Q3
-64.57202,11.191774,Q3
-74.888,35.032978,Q3
-51.72878,76.15563,Q2
-12.908866,89.135796,Q4
-46.747208,37.19604,Q3
-73.18558,24.327913,Q2
-29.459991,71.762825,Q4
41.274693,66.132515,Q2
46.081856,70.849464,Q2
-66.99473,-3.2285864,Q4
16.173136,43.31462,Q5 (mais caro)
-25.173737,72.237495,Q2
-87.442116,34.03718,Q4
32.721077,56.455585,Q4
-40.311584,73.34436,Q4
-77.42611,-38.045025,Q2
-49.114025,10.31764,Q3
-96.83698,-30.43198,Q1 (mais barato)
-49.585632,75.74103,Q3
-66.53968,42.77072,Q5 (mais caro)
-69.323814,19.285257,Q2
-45.327732,1.2864413,Q4
-14.640164,38.47751,Q4
-81.72887,-3.4144876,Q5 (mais caro)
-91.0499,-18.554522,Q3
-92.64994,34.01079,Q3
-28.419897,53.413914,Q5 (mais caro)
-3.026865,41.245174,Q4
-26.01831,53.701237,Q5 (mais caro)
-51.24697,74.41759,Q3
41.539845,35.885044,Q3
-41.652065,77.29266,Q2
-52.883724,22.673632,Q2
-50.467262,18.813227,Q3
-27.867493,57.163666,Q2
-30.37675,11.632259,Q2
0.16112447,23.159801,Q4
-73.10033,39.048878,Q5 (mais caro)
21.748423,71.10092,Q4
30.648924,82.077965,Q4
-48.020145,66.40931,Q4
66.94386,63.26855,Q5 (mais caro)
-25.21445,54.95151,Q3
-68.68354,1.946023,Q5 (mais caro)
39.429874,50.232243,Q4
-42.48582,74.909836,Q3
-21.904974,63.307617,Q4
-41.044525,78.56307,Q2
-56.71841,-10.357785,Q3
14.48501,57.48158,Q2
-95.52144,-11.488839,Q4
-62.35542,31.878344,Q5 (mais caro)
-76.935165,40.033325,Q3
19.555838,75.47515,Q2
-84.32936,-19.596146,Q4
-48.859653,52.24385,Q4
45.304955,23.066423,Q2
17.041504,89.94495,Q4
-92.6007,33.996834,Q2
-56.44684,62.238377,Q5 (mais caro)
-30.211536,51.78529,Q2
-50.52902,8.046806,Q4
-59.938694,22.591282,Q2
-29.254843,36.602283,Q3
-19.68769,68.989136,Q3
-73.210754,42.776096,Q3
-63.16928,-11.876826,Q2
-96.92938,-14.522297,Q4
15.381922,39.358925,Q5 (mais caro)
-40.893612,33.033543,Q1 (mais barato)
-14.179334,46.61874,Q2
-15.781958,45.800056,Q3
28.716496,25.852478,Q4
-47.023132,46.24557,Q4
47.148037,69.384605,Q3
-48.13125,69.605415,Q4
15.674694,35.785667,Q4
-27.90669,56.412777,Q4
-39.19983,29.42844,Q4
-51.801125,67.171875,Q3
-54.10318,6.7739916,Q3
21.065792,69.28621,Q2
-30.735363,11.77659,Q3
-20.920345,22.714714,Q4
-8.245798,34.06303,Q2
-92.71603,34.005157,Q4
-64.90283,-6.345209,Q3
-62.107864,26.28781,Q3
-86.84934,-3.4611685,Q4
-62.483185,11.908517,Q4
-51.69738,75.932724,Q5 (mais caro)
-88.08378,34.427032,Q3
23.501043,70.27882,Q5 (mais caro)
20.305777,70.30565,Q2
-26.864294,55.640816,Q3
-88.356476,-31.15797,Q1 (mais barato)
-64.52007,27.300642,Q5 (mais caro)
-87.29259,36.631016,Q4
-21.644423,36.04003,Q4
-21.378918,36.228306,Q4
-65.52158,9.671734,Q3
-86.719,-13.226765,Q4
-69.381996,42.07388,Q2
-64.65814,8.634608,Q3
-81.564156,3.6698048,Q2
45.258736,23.022274,Q3
-63.849438,5.5591054,Q2
-52.247383,66.176315,Q5 (mais caro)
-86.15161,15.653698,Q2
-88.795044,31.862215,Q3
-37.4304,70.04604,Q3
46.45721,15.176383,Q3
-82.46421,41.865646,Q4
-58.941853,23.709816,Q2
-54.74294,30.212364,Q2
-48.04318,46.16429,Q2
31.313011,69.505424,Q2
-78.81204,-18.761763,Q2
-18.869934,70.588646,Q2
-29.514742,52.41159,Q2
-78.79781,-18.805525,Q1 (mais barato)
15.662084,52.2246,Q2
-83.39026,34.195656,Q2
13.331678,71.516914,Q2
-48.05356,46.171803,Q3
-84.787674,34.05923,Q3
4.723651,55.963993,Q2
-41.59647,77.373924,Q2
-78.80801,-18.776932,Q3
-83.49265,34.188046,Q3
-1.8896393,40.22671,Q3
-74.07695,43.393257,Q3
45.516823,65.46405,Q2
39.97955,66.53263,Q2
-14.126262,47.156883,Q2
-62.97499,-8.004972,Q2
23.27778,-87.08844,Q1 (mais barato)
-26.981655,71.89394,Q2
-78.56173,35.441036,Q2
-91.90693,20.112822,Q2
-6.925449,88.749466,Q3
-72.44223,-43.84554,Q2
-62.971024,-7.9953694,Q3
-78.80275,-18.662338,Q1 (mais barato)
-38.163822,52.69416,Q3
-48.037064,46.157246,Q2
3.7890651,56.724693,Q2
-38.15822,52.69462,Q2
-63.737137,-6.388928,Q3
-49.252304,9.639697,Q2
-41.538166,77.6677,Q1 (mais barato)
-85.30209,-7.0478187,Q4
-78.48735,36.908188,Q3
-30.835732,10.225049,Q2
-58.561916,-7.4430714,Q2
-26.898335,52.45764,Q2
23.784176,-101.11166,Q2
-78.53829,35.810867,Q2
-58.557796,-7.352685,Q2
-37.671974,55.489456,Q3
-51.670616,75.9656,Q3
-78.81297,-18.745657,Q3
68.04796,61.434025,Q4
-0.9876917,23.362537,Q3
-54.68606,30.0092,Q2
-78.494484,37.111053,Q3
-51.636173,76.03079,Q3
-56.0676,4.4915953,Q2
-51.66052,75.9809,Q4
-37.831604,50.412514,Q3
15.94945,53.492878,Q3
-37.13374,50.032887,Q3
67.66248,62.334427,Q2
-51.633846,76.03763,Q2
-81.16486,-4.864042,Q3
-26.620308,17.359507,Q2
-78.41859,36.64691,Q2
-81.116646,-4.8169065,Q4
-44.711193,36.31109,Q2
-62.590637,-8.554143,Q3
-37.017433,46.118805,Q3
20.611626,50.324192,Q3
-39.334843,18.526487,Q3
-41.539925,78.009476,Q3
6.2023864,64.48755,Q3
-38.296,74.4177,Q3
-77.55786,-20.031061,Q2
-8.30387,88.96667,Q2
10.473933,38.154896,Q2
-78.67562,-17.94975,Q2
24.759413,87.602196,Q4
-64.73713,6.359082,Q3
-72.22135,-43.81283,Q1 (mais barato)
-19.312752,58.60384,Q2
18.813124,73.36093,Q4
-85.1279,-8.017956,Q2
67.66993,62.357018,Q2
-85.123886,-7.933523,Q2
5.606882,18.866102,Q4
-77.53609,-20.144407,Q2
-51.73731,76.151695,Q2
-4.635805,48.802696,Q3
45.506065,65.487686,Q2
-78.80263,-18.662413,Q4
41.448853,35.948166,Q3
-82.306465,37.551968,Q2
14.995419,88.74441,Q5 (mais caro)
-38.869865,52.794403,Q4
-38.28673,74.40143,Q3
-41.858284,77.04507,Q4
0.6286353,29.222939,Q2
-49.7618,18.908154,Q4
-30.48697,45.512486,Q4
-84.490776,32.797817,Q2
-54.593586,11.6886,Q2
-78.475266,35.494553,Q3
-85.12749,-8.007564,Q3
-38.2869,74.40138,Q3
-77.53079,-20.153833,Q3
45.30513,72.68073,Q2
-48.124058,46.191853,Q3
-25.864365,10.045166,Q2
-41.543316,77.48751,Q2
-56.04515,4.672243,Q4
-10.81132,41.591454,Q2
-1.0375606,25.866688,Q4
-70.33661,47.526398,Q5 (mais caro)
-57.43102,-2.1130745,Q3
-71.00804,43.276806,Q5 (mais caro)
-49.432755,37.724907,Q3
-43.488827,48.96775,Q4
-71.45096,19.90423,Q3
-37.43436,30.708725,Q3
-37.365494,3.8047721,Q2
-64.76602,12.900376,Q3
-48.04354,46.16459,Q3
-62.96797,-8.01923,Q1 (mais barato)
-77.106895,36.407726,Q4
-47.440903,45.24223,Q2
22.033648,80.96929,Q3
-82.22366,37.525055,Q5 (mais caro)
-78.81199,-18.697636,Q4
-41.514,77.5501,Q2
-37.395893,82.89935,Q2
-57.46129,-2.0516295,Q4
-20.899569,24.483543,Q3
-30.75529,39.432014,Q4
-8.239418,88.969696,Q3
0.8760472,29.849882,Q2
-25.390913,25.678064,Q2
-85.13338,-8.120291,Q2
-82.28215,37.485653,Q4
-83.34705,33.6457,Q2
-72.9674,24.852592,Q3
-77.87066,37.085552,Q4
10.295866,72.5487,Q2
46.45877,15.520371,Q3
-38.191723,44.1883,Q5 (mais caro)
-45.521893,6.5653687,Q3
-78.807915,-18.681498,Q3
-40.298107,8.838423,Q3
-28.697136,52.459454,Q4
34.913612,-98.80051,Q2
-10.082623,44.89717,Q2
-0.041653443,26.175531,Q4
-2.0684767,40.374725,Q4
-84.7948,34.080612,Q3
-26.365248,39.150135,Q5 (mais caro)
-81.132614,-4.83246,Q4
20.691368,69.496124,Q2
-28.004889,12.674264,Q4
-85.130455,-8.096265,Q2
-62.969086,-8.016625,Q3
-6.9448333,88.7545,Q3
-49.072353,46.849056,Q4
67.46434,63.28256,Q2
-85.12835,-8.033617,Q2
-22.768085,17.199669,Q2
-42.22401,69.94602,Q3
-12.414756,90.152794,Q2
-49.238594,9.660367,Q2
-52.357708,76.01718,Q2
-52.352047,75.88982,Q2
-27.422861,10.15318,Q3
-63.17444,-11.897046,Q1 (mais barato)
-60.899082,24.016909,Q2
-56.515747,3.4684775,Q4
-25.238337,42.632023,Q2
-54.039364,21.880814,Q2
-83.2626,33.65709,Q2
-62.97467,-8.00823,Q3
-39.48777,32.37506,Q5 (mais caro)
-82.283264,37.51201,Q2
11.066053,73.49104,Q2
-58.69526,-9.86841,Q1 (mais barato)
-65.32847,9.61258,Q4
-78.73398,-17.295416,Q4
-28.15359,71.9353,Q3
-62.97042,-7.946247,Q2
-41.33998,77.34793,Q3
-11.255504,30.352873,Q2
-57.81911,8.868874,Q2
-51.83341,76.197174,Q2
-10.819772,36.260956,Q4
-51.765324,76.15243,Q2
33.429672,36.741467,Q3
29.568457,-91.86815,Q2
-37.1633,82.888306,Q2
-28.827415,52.872887,Q4
-49.166607,46.767868,Q4
-15.5125475,65.82027,Q2
-77.517685,-20.187355,Q3
-24.584171,39.79436,Q4
-16.491331,59.994938,Q2
-37.23911,82.893585,Q1 (mais barato)
-37.279663,82.89598,Q2
-79.02621,34.740685,Q2
33.563778,35.758244,Q2
20.611702,50.324272,Q4
-64.46046,25.33303,Q3
-84.47321,32.808178,Q3
-37.40406,69.99922,Q3
-11.581407,34.344997,Q2
-82.64143,34.93294,Q4
23.271135,-87.09289,Q2
45.261246,72.572426,Q2
-38.541374,52.702663,Q3
3.5513172,56.549458,Q4
-16.446342,58.133945,Q3
-60.070663,0.9643384,Q4
-41.887936,70.1627,Q2
-83.435776,34.34889,Q2
-77.846954,36.323093,Q3
-26.244535,68.52318,Q3
-54.63325,11.315461,Q2
-64.75992,12.980111,Q3
-83.74651,20.954985,Q1 (mais barato)
6.3480725,19.50946,Q4
20.438128,76.937584,Q2
-42.206963,76.160416,Q4
22.105743,81.01264,Q3
-78.52434,37.22203,Q3
-85.32254,-6.9154925,Q4
-79.09638,34.697514,Q2
-10.270461,59.151047,Q3
1.2847723,39.592983,Q3
-83.751045,20.963705,Q3
21.311481,51.13278,Q4
-81.09737,-4.8083997,Q4
67.15813,61.20843,Q4
-28.101942,71.7654,Q3
-23.70556,54.483852,Q4
-49.4937,37.707127,Q3
-89.79463,26.431744,Q2
-20.448164,24.051762,Q4
-62.58614,-8.583449,Q1 (mais barato)
-83.57543,34.83281,Q4
-78.81237,-18.761255,Q3
-71.63561,42.23895,Q3
-49.102398,46.864693,Q3
-40.587242,12.769681,Q2
-83.67671,35.014153,Q3
-78.59743,20.286072,Q3
-84.7112,35.55818,Q4
-26.199339,43.772743,Q4
-36.66642,46.004105,Q4
41.581566,37.196743,Q4
-27.021297,72.17768,Q3
-72.70682,-43.8851,Q2
-39.473934,27.546938,Q2
-80.40028,-4.662843,Q5 (mais caro)
-28.727491,17.54728,Q2
-81.713196,35.12535,Q3
-8.1525,88.98363,Q4
-65.327835,9.612585,Q3
-85.12771,-8.043885,Q3
-70.901955,43.572666,Q3
-40.259155,8.801373,Q1 (mais barato)
-49.791527,46.982502,Q4
-74.68287,33.115425,Q3
5.0862947,44.5507,Q4
-22.580936,42.5871,Q4
-21.136126,58.849133,Q3
32.576664,36.36522,Q3
-89.99088,26.062548,Q2
-78.807625,-18.776535,Q2
-51.50607,76.72934,Q2
-75.80658,-48.346478,Q2
-15.516132,65.8201,Q2
-8.361599,46.22499,Q2
-38.644,27.757595,Q3
3.481497,57.444973,Q2
-8.806961,41.726143,Q2
-75.831635,-48.349945,Q1 (mais barato)
-78.39196,35.5688,Q2
16.005074,34.95854,Q3
-39.267784,29.394499,Q4
-79.75951,-6.342608,Q5 (mais caro)
24.001846,-101.24604,Q2
46.207115,70.84016,Q1 (mais barato)
37.350315,49.391132,Q3
-40.51055,14.875064,Q5 (mais caro)
41.02116,75.00836,Q5 (mais caro)
-83.73375,20.960934,Q1 (mais barato)
22.797094,81.39677,Q3
-85.42228,-6.467761,Q4
-51.38511,9.301372,Q2
-23.794157,33.678852,Q4
-41.5471,77.55912,Q2
-25.503021,42.697178,Q2
-4.6724133,49.482365,Q4
-89.55524,26.521494,Q3
15.189021,58.02016,Q2
-83.28291,33.655186,Q3
-72.45554,-43.82948,Q2
-30.817423,11.832365,Q2
25.979477,-102.90922,Q1 (mais barato)
-37.49635,69.377815,Q3
-12.423836,90.1569,Q2
40.96629,73.620674,Q4
16.030611,35.792637,Q4
-56.822273,64.26131,Q5 (mais caro)
-52.616016,12.494753,Q3
23.134932,48.630756,Q5 (mais caro)
-53.931026,6.1565323,Q4
-33.27936,14.320364,Q3
-30.299446,45.34218,Q4
-84.43646,32.813335,Q2
-20.964848,68.53516,Q5 (mais caro)
-38.21694,65.67748,Q5 (mais caro)
7.4455147,22.365898,Q5 (mais caro)
-37.74347,50.32032,Q3
-65.32179,8.125451,Q2
18.855762,71.4624,Q3
-21.487913,60.749947,Q2
28.261719,26.138134,Q2
22.331154,80.960754,Q5 (mais caro)
-80.315956,-4.6188693,Q5 (mais caro)
-11.2854395,44.058468,Q3
24.107027,88.67716,Q2
67.16459,63.229923,Q3
-83.59505,20.125544,Q2
21.573505,48.303005,Q4
4.258805,44.31228,Q2
-69.11771,19.43114,Q5 (mais caro)
-53.077244,13.058797,Q2
-50.202194,38.523468,Q4
-52.275562,11.818762,Q4
-83.74953,20.953455,Q2
-84.47588,32.806313,Q3
8.10597,68.18654,Q2
16.431946,42.278748,Q4
24.1457,26.484514,Q5 (mais caro)
-72.666626,-44.393597,Q2
-1.1977352,23.578543,Q2
-72.631546,-43.84443,Q2
-21.696465,18.062609,Q2
-51.851055,76.18802,Q2
-40.26937,8.805106,Q5 (mais caro)
-62.586426,-8.569656,Q1 (mais barato)
-24.188433,45.228134,Q5 (mais caro)
-78.385284,36.46735,Q4
-84.45643,32.813625,Q2
-28.437685,16.223745,Q2
-29.575489,16.801292,Q3
-8.15702,52.38801,Q5 (mais caro)
-39.32942,18.435078,Q3
-5.1797457,47.30098,Q2
16.058867,64.898415,Q2
-21.319046,32.832916,Q4
39.33946,53.259502,Q3
-72.70689,-43.884964,Q1 (mais barato)
-91.66398,20.038328,Q3
-37.16664,30.728897,Q4
5.730091,19.69305,Q4
22.853855,74.01493,Q1 (mais barato)
-19.610664,16.435158,Q4
-78.6723,-17.896112,Q3
-77.57395,36.45948,Q4
21.919344,49.258434,Q4
-40.391636,13.269585,Q3
10.854557,65.366486,Q4
-81.11365,-4.814938,Q5 (mais caro)
-63.8783,29.255198,Q2
-53.07359,13.054848,Q2
-63.050354,15.589027,Q4
-49.561962,9.237973,Q3
1.6015866,55.071617,Q4
-16.96975,36.69056,Q3
-70.772354,18.287123,Q1 (mais barato)
-75.832596,-48.35004,Q2
-28.556696,70.88112,Q3
-49.53102,9.264444,Q3
-83.43029,34.23996,Q2
-27.89851,36.861256,Q4
-26.303308,36.771343,Q5 (mais caro)
-64.082184,29.648113,Q3
-36.965168,56.625237,Q3
27.393496,76.635414,Q5 (mais caro)
-21.757517,37.599186,Q2
-85.11485,-7.7696834,Q3
-58.545322,-7.439312,Q3
-0.23060201,21.370672,Q4
-75.831635,-48.349945,Q2
-5.1418357,47.30926,Q2
-6.291264,88.80262,Q3
-40.69605,29.330729,Q4
-35.807274,2.4080527,Q3
-25.911823,42.77438,Q2
41.81033,68.37764,Q2
-19.078918,69.82815,Q2
-62.611694,11.730213,Q3
-72.10772,-43.773205,Q3
-63.793545,28.34975,Q3
-28.365818,51.853554,Q4
-49.257572,46.892742,Q3
-10.192058,44.410053,Q3
-7.9978185,89.03407,Q3
-78.62849,20.255276,Q2
-77.56251,-20.075253,Q5 (mais caro)
-83.74651,20.954985,Q1 (mais barato)
-20.776262,36.711132,Q4
-40.573498,76.375984,Q1 (mais barato)
22.491346,88.95378,Q4
-7.808285,47.48175,Q2
-72.75905,-44.049522,Q1 (mais barato)
-41.007927,78.37358,Q1 (mais barato)
-74.08062,43.55726,Q5 (mais caro)
27.445984,76.700905,Q4
-18.065304,33.16147,Q5 (mais caro)
-27.351034,32.834496,Q5 (mais caro)
-75.832596,-48.35004,Q1 (mais barato)
10.930008,71.96517,Q2
39.38605,51.279507,Q4
45.606358,74.539116,Q4
-76.881134,28.200897,Q3
-52.750893,74.6781,Q3
-33.605057,11.773508,Q1 (mais barato)
-26.387344,43.423695,Q2
-72.613075,-44.342495,Q2
0.7006139,38.24656,Q1 (mais barato)
-78.54667,1.2815623,Q4
-47.601562,16.993671,Q3
-44.91063,19.513042,Q3
-41.858692,77.03986,Q4
15.278811,69.53657,Q2
-64.37362,31.708464,Q5 (mais caro)
32.6691,-99.43792,Q2
-4.6500382,49.33032,Q2
-21.375875,58.90571,Q3
1.2147111,39.41522,Q2
-42.073875,33.02626,Q4
-77.57063,-19.98206,Q4
-65.31972,8.129399,Q2
-45.499756,44.390297,Q2
-77.74549,36.45255,Q2
-59.060104,-7.828097,Q5 (mais caro)
38.42253,50.315365,Q2
-72.80498,-44.143585,Q1 (mais barato)
-81.55531,-4.9570217,Q3
0.285661,26.489637,Q2
31.02536,69.28023,Q2
-22.09005,24.158249,Q3
-69.31823,19.286362,Q3
-37.236065,30.770264,Q4
-63.45049,49.397266,Q5 (mais caro)
-53.46801,22.344835,Q3
-7.3191886,35.278603,Q4
-12.428219,90.1579,Q1 (mais barato)
-41.25631,77.29063,Q4
-52.614323,65.57785,Q4
-84.450134,32.814545,Q5 (mais caro)
-84.21455,40.46605,Q5 (mais caro)
19.292181,87.48143,Q4
-69.6673,46.746307,Q5 (mais caro)
-84.561134,-8.176561,Q5 (mais caro)
22.853075,73.9983,Q1 (mais barato)
-8.295996,89.308365,Q3
-83.26204,33.657,Q5 (mais caro)
39.19553,53.427464,Q4
-72.699486,-43.887794,Q1 (mais barato)
-27.15103,36.041016,Q4
-42.484093,19.883204,Q3
2.1651752,43.637463,Q1 (mais barato)
-50.065994,18.872755,Q4
-64.74775,12.982456,Q4
-17.996264,33.26656,Q4
-0.15719947,21.42768,Q5 (mais caro)
-30.72942,41.564823,Q2
-15.807896,36.304478,Q5 (mais caro)
-17.095911,57.048912,Q3
29.242344,70.04845,Q1 (mais barato)
-75.83216,-48.3499,Q2
-50.73808,50.19481,Q5 (mais caro)
-68.93595,46.863964,Q5 (mais caro)
-54.610447,11.354757,Q4
-83.66329,35.01845,Q4
-59.035362,22.264595,Q1 (mais barato)
-5.240096,49.931423,Q4
-52.213943,18.803091,Q2
-65.32693,8.115322,Q2
-35.931507,86.38277,Q2
35.66929,36.838078,Q4
-64.872475,8.457338,Q3
-21.701866,34.84269,Q5 (mais caro)
-52.639275,74.77965,Q3
-75.83268,-48.350056,Q1 (mais barato)
-38.79633,39.69126,Q4
16.459997,35.89808,Q5 (mais caro)
32.969486,36.78989,Q4
-39.770393,34.15391,Q4
-72.832535,-44.04733,Q2
-4.727112,32.427383,Q2
-83.73386,20.960928,Q2
18.76279,82.7097,Q5 (mais caro)
-83.594696,20.13253,Q1 (mais barato)
-23.91595,33.266747,Q5 (mais caro)
-91.663704,20.038355,Q2
-52.763554,75.85437,Q2
-41.791573,67.09612,Q4
23.658216,61.849113,Q2
40.00977,73.51389,Q5 (mais caro)
-6.3808594,88.76028,Q4
13.6675005,38.770405,Q5 (mais caro)
-66.08235,12.682446,Q4
-71.102684,43.010063,Q4
-8.045261,88.992546,Q3
-49.53102,9.264444,Q4
-21.183474,33.061478,Q4
23.614159,86.0891,Q2
-40.59175,12.801755,Q4
39.942432,67.17143,Q5 (mais caro)
-77.37832,-20.413939,Q2
-25.515514,35.95124,Q5 (mais caro)
-56.962566,61.35234,Q3
7.115047,21.039053,Q3
-75.831635,-48.34991,Q1 (mais barato)
-91.66536,20.040203,Q2
-78.06641,0.6415767,Q5 (mais caro)
-52.918995,74.681015,Q3
-22.813408,17.20671,Q2
-20.970098,68.528244,Q4
-72.75905,-44.049522,Q1 (mais barato)
-24.463188,55.142555,Q4
-34.978573,28.82399,Q5 (mais caro)
-6.4540763,89.44657,Q4
-28.729929,17.550562,Q3
-7.835331,32.16261,Q5 (mais caro)
-22.032171,41.039886,Q5 (mais caro)
-83.44729,-0.15892228,Q5 (mais caro)
-45.66028,7.0909915,Q4
-41.8151,14.038636,Q5 (mais caro)
-49.717052,11.428913,Q2
39.109707,50.020542,Q5 (mais caro)
-30.63211,19.95819,Q5 (mais caro)
15.184288,58.115124,Q2
-50.75024,8.317438,Q5 (mais caro)
-20.713802,37.019596,Q5 (mais caro)
-77.302864,-20.58552,Q1 (mais barato)
-38.688377,27.751722,Q3
-67.617165,-10.524285,Q5 (mais caro)
-41.51338,77.65894,Q1 (mais barato)
-41.258263,30.971237,Q2
-64.15157,31.47678,Q5 (mais caro)
-79.801605,-6.3532877,Q5 (mais caro)
-23.712015,32.597584,Q5 (mais caro)
-6.4538603,88.7361,Q4
-50.607376,8.390886,Q5 (mais caro)
-72.75912,-44.04941,Q3
-75.80493,-48.34621,Q2
5.254818,63.57162,Q3
-74.018814,44.769485,Q5 (mais caro)
-78.80699,-18.776775,Q3
-21.857143,30.731113,Q5 (mais caro)
-56.74998,64.23694,Q5 (mais caro)
-83.251526,33.65707,Q5 (mais caro)
-16.558832,39.308483,Q5 (mais caro)
-21.815609,30.436552,Q2
-39.22259,29.58164,Q4
-5.5510163,89.01775,Q3
-3.4257588,50.57153,Q4
-76.92116,42.99423,Q5 (mais caro)
4.587168,51.06837,Q3
-26.092253,41.46328,Q2
31.417337,69.57677,Q3
-64.35666,31.408588,Q5 (mais caro)
16.923044,51.337536,Q2
-56.16307,60.395588,Q5 (mais caro)
-41.82295,30.149376,Q5 (mais caro)
-31.292473,64.67268,Q5 (mais caro)
-44.000008,86.159004,Q4
-41.896557,70.137115,Q4
38.626648,50.15886,Q2
-75.83236,-48.34993,Q1 (mais barato)
20.93309,70.52512,Q1 (mais barato)
-44.039925,36.30491,Q5 (mais caro)
3.2781048,57.67659,Q1 (mais barato)
5.501347,53.819225,Q1 (mais barato)
-70.77593,18.286606,Q1 (mais barato)
-64.459465,25.335917,Q4
-83.733444,20.961132,Q1 (mais barato)
-37.81713,55.161945,Q1 (mais barato)
23.271687,-87.071915,Q2
43.498585,72.13961,Q5 (mais caro)
-51.369858,9.332768,Q5 (mais caro)
-54.576813,21.241104,Q3
41.86278,36.518562,Q4
16.775097,52.976517,Q1 (mais barato)
-72.70043,-44.410385,Q1 (mais barato)
24.963623,-103.09575,Q2
-44.571297,2.6783705,Q3
-30.832264,39.441017,Q3
17.863216,66.0946,Q2
21.417635,48.295933,Q4
21.86944,49.239746,Q4
37.73433,49.347626,Q3
-56.708843,64.23402,Q5 (mais caro)
-40.589584,76.324135,Q5 (mais caro)
-16.583847,38.076897,Q5 (mais caro)
-83.76304,20.95074,Q2
31.541798,36.503883,Q5 (mais caro)
-35.44292,4.434813,Q1 (mais barato)
-56.078724,3.895599,Q5 (mais caro)
19.079863,36.932774,Q5 (mais caro)
30.477825,-91.644066,Q2
34.8691,-98.58718,Q2
32.094345,66.96445,Q5 (mais caro)
-45.366573,19.070662,Q5 (mais caro)
37.417175,49.477425,Q5 (mais caro)
39.67499,37.60584,Q5 (mais caro)
-91.66342,20.038939,Q3
-42.028732,31.875343,Q4
-38.80011,39.65996,Q4
25.98681,-102.921745,Q2
10.923881,61.57061,Q5 (mais caro)
-9.459081,33.621338,Q4
25.984325,-102.9162,Q4
-75.832596,-48.35004,Q1 (mais barato)
19.803967,69.939026,Q1 (mais barato)
-6.446906,88.739105,Q4
-80.2366,4.717353,Q5 (mais caro)
-12.436401,90.16293,Q1 (mais barato)
-35.257847,0.9699809,Q3
-35.53392,32.996044,Q4
-72.68517,-44.269398,Q1 (mais barato)
-20.85502,33.040314,Q5 (mais caro)
-49.415947,18.997755,Q5 (mais caro)
-18.832594,70.632515,Q1 (mais barato)
-62.962643,-8.01991,Q3
-1.8800822,40.231293,Q2
-77.68347,21.384758,Q1 (mais barato)
-8.012558,33.26516,Q2
23.024433,86.799,Q4
25.986082,-102.91986,Q3
-83.72719,20.965334,Q2
-29.797615,11.046616,Q5 (mais caro)
33.94192,36.678265,Q4
38.742214,50.08688,Q3
-41.61542,34.639927,Q2
-27.376842,34.98542,Q2
-24.720034,19.435852,Q5 (mais caro)
-35.764786,2.4763582,Q4
21.160137,75.100426,Q1 (mais barato)
-20.885426,25.159966,Q5 (mais caro)
-57.954967,19.382004,Q3
11.157183,38.52382,Q2
26.915344,-99.28429,Q1 (mais barato)
-42.484158,66.93795,Q5 (mais caro)
-77.56458,-20.00874,Q2
-72.00084,-43.697094,Q3
20.57062,-92.09153,Q4
-72.62653,-44.337013,Q1 (mais barato)
-33.605057,11.773508,Q1 (mais barato)
-41.143635,32.838657,Q3
-83.61471,38.172264,Q2
16.934877,36.198524,Q3
67.11322,61.17248,Q4
-97.83489,-13.273687,Q2
-95.90891,-12.967151,Q3
-49.310253,73.96996,Q2
-95.90877,-12.9588785,Q2
-36.771015,1.6677176,Q3
-41.84595,80.758514,Q2
-0.8788101,25.893414,Q3
-9.8224745,87.373695,Q3
-94.830765,-13.233888,Q2
-23.710375,73.89861,Q3
-61.584385,30.134678,Q2
-64.750946,-5.5781846,Q3
-4.6567373,50.19311,Q2
-85.48429,38.119534,Q2
14.882367,57.824875,Q3
-41.850994,81.5679,Q3
-63.279377,-9.567462,Q3
-91.63548,-7.9137664,Q4
-49.309856,73.93206,Q2
-96.8443,-14.730234,Q1 (mais barato)
-5.313409,33.5471,Q2
-87.61352,16.043894,Q2
-88.00696,15.676255,Q2
-49.049213,40.964058,Q4
15.015004,85.7809,Q2
-60.410515,28.059946,Q3
-41.83821,80.793335,Q3
-85.47445,39.47348,Q2
-35.32098,64.93444,Q3
38.875214,51.450157,Q4
3.8541188,56.0444,Q3
-70.52151,46.23299,Q4
-9.413311,32.350327,Q3
1.1796364,39.41423,Q2
-9.185194,45.950794,Q3
-54.953873,59.69738,Q4
-16.597496,35.689552,Q4
5.9601865,68.38114,Q3
-77.15996,40.74781,Q2
10.57946,38.151093,Q3
34.842064,-98.564735,Q1 (mais barato)
-96.84496,-14.698759,Q2
-17.74262,61.935165,Q4
-19.67623,23.809698,Q4
18.108885,53.6207,Q3
-71.333534,45.315697,Q3
27.592587,-91.57343,Q2
-60.4052,28.300488,Q3
-91.891396,-8.663062,Q4
-55.20031,59.66685,Q5 (mais caro)
-80.02587,-41.8654,Q1 (mais barato)
-91.87846,-8.658629,Q3
-95.90699,-12.917764,Q3
-53.871944,70.77879,Q2
18.06124,87.319244,Q3
19.341469,-88.8832,Q2
-74.295845,42.41944,Q2
-39.274754,84.73226,Q2
-96.851906,-14.679496,Q3
27.815905,-91.44161,Q2
27.651869,-91.516945,Q2
-36.91837,48.16572,Q4
4.6634374,54.55855,Q2
27.018457,26.599184,Q4
-25.752005,69.60348,Q2
-63.458736,-11.352049,Q2
-22.518597,75.23873,Q2
-68.61603,46.942802,Q3
0.12830855,40.894302,Q2
-96.91436,-14.554473,Q2
-62.032116,32.073875,Q3
-32.2383,14.018242,Q2
-7.820339,33.334812,Q3
3.7411218,41.429043,Q4
-53.870377,70.72669,Q3
-40.53397,30.215025,Q2
-49.310356,73.96654,Q4
-7.083082,33.392628,Q5 (mais caro)
-32.15846,10.758594,Q2
-86.34852,15.730461,Q2
-96.84442,-14.706329,Q2
-48.5921,4.8755274,Q3
18.986753,87.82128,Q4
-36.42456,43.410595,Q3
-95.90761,-13.01059,Q3
-56.4904,31.367628,Q3
26.626528,77.01296,Q4
-54.48078,63.456886,Q4
-51.288185,68.76451,Q4
-80.015465,-41.881676,Q2
6.6824555,32.621864,Q3
29.120913,70.19492,Q2
-95.51377,-11.475691,Q4
38.158688,52.51667,Q4
-91.88093,-8.660037,Q3
-36.823154,27.65701,Q4
-30.791002,8.607812,Q2
-91.679634,-7.948625,Q3
-54.171036,22.00141,Q2
-96.99137,-14.420832,Q5 (mais caro)
-74.45817,33.07034,Q2
-54.04547,7.1723814,Q3
-7.6302176,52.629868,Q4
-26.74777,55.639645,Q5 (mais caro)
-17.589258,61.9499,Q4
-97.75487,-13.045739,Q2
-93.39042,-9.65122,Q1 (mais barato)
-1.6564093,42.25483,Q3
23.025398,83.1109,Q4
23.186342,50.346256,Q2
-71.43534,45.1044,Q4
-5.9384003,34.0518,Q3
-39.566235,27.455948,Q4
15.63455,53.33917,Q3
13.247036,71.675186,Q2
-87.628365,16.031488,Q2
-72.33839,45.752323,Q4
-94.2182,-14.957563,Q3
15.573167,89.07441,Q2
-87.61305,16.044289,Q2
-30.553179,50.593735,Q2
8.564546,68.16468,Q3
-0.9267539,22.6687,Q3
-97.00345,-14.405771,Q2
-80.31411,-41.596725,Q4
-75.95889,28.476782,Q3
-76.34034,-0.14067194,Q3
23.186485,50.34675,Q2
-78.715164,19.730637,Q2
-84.921005,39.986744,Q4
-76.98377,40.19832,Q3
-76.68126,41.217377,Q3
-7.675398,52.503475,Q4
-56.444904,62.241287,Q5 (mais caro)
-54.04143,70.44584,Q3
-48.389183,70.89476,Q4
44.908043,22.484692,Q4
-10.72789,41.617073,Q4
-28.768305,52.9474,Q4
-85.45162,37.87907,Q1 (mais barato)
-70.537506,46.207344,Q3
10.257511,74.21796,Q4
-71.456085,45.027985,Q3
-86.289925,15.668998,Q3
35.60667,36.831806,Q2
-17.718557,55.722523,Q3
-18.447018,66.73571,Q3
44.834328,22.765902,Q4
-46.686386,37.219917,Q4
-86.84189,15.84103,Q1 (mais barato)
-66.05515,-3.4461792,Q5 (mais caro)
-9.530951,45.86455,Q4
15.768227,53.475124,Q3
-41.948833,70.14456,Q3
-54.08265,6.711568,Q3
41.27227,66.03762,Q3
24.36968,83.649574,Q5 (mais caro)
-41.528522,80.28239,Q2
-93.347824,-9.621772,Q3
-41.86854,81.58331,Q3
-26.893456,39.30803,Q3
-74.90771,7.9761996,Q5 (mais caro)
-24.071785,32.609093,Q4
-30.709927,41.551716,Q2
-20.221497,23.709124,Q4
-87.62131,16.036114,Q2
31.377274,32.169838,Q4
-76.727715,-0.1567114,Q5 (mais caro)
-50.13586,50.747524,Q5 (mais caro)
-20.247915,23.27652,Q4
-53.698833,7.0886407,Q4
-62.19544,31.84187,Q2
-21.23768,56.75773,Q2
-28.80851,18.136845,Q2
-8.501125,51.373646,Q4
-25.46559,69.803024,Q3
-58.751553,24.526611,Q2
46.947567,69.05761,Q5 (mais caro)
-25.45211,25.895004,Q3
-26.473743,39.223003,Q4
-19.257156,58.63025,Q2
-95.52341,-11.490993,Q4
-85.448906,37.894554,Q4
-19.834728,68.88629,Q3
-41.27588,80.00229,Q3
-90.261406,17.711777,Q2
-14.26041,47.718723,Q3
-85.73336,37.916332,Q4
-67.74127,47.295746,Q5 (mais caro)
-95.90791,-13.010318,Q3
6.22106,32.569126,Q5 (mais caro)
-91.88706,-8.661065,Q4
21.252104,68.578766,Q4
-38.25599,31.752651,Q4
-62.918617,55.12888,Q5 (mais caro)
-22.808971,61.822083,Q4
-4.5694103,49.411537,Q3
-16.793242,38.13325,Q3
-42.42315,19.981844,Q2
-7.654068,85.463394,Q2
10.819895,72.03547,Q2
-59.11433,8.916845,Q2
17.476185,36.572975,Q5 (mais caro)
21.731997,62.673843,Q4
-72.249954,38.8043,Q5 (mais caro)
-71.47566,39.61844,Q4
-48.390213,70.894424,Q5 (mais caro)
-79.96537,-41.951168,Q2
-76.796875,0.5158734,Q5 (mais caro)
-25.516628,18.198956,Q3
-31.276325,64.67274,Q4
-42.36747,27.706778,Q5 (mais caro)
23.272905,48.54703,Q4
9.4086685,23.769598,Q5 (mais caro)
14.922115,34.765026,Q4
22.342907,81.04617,Q3
-93.352806,-9.625457,Q5 (mais caro)
-29.565006,19.51258,Q4
-24.930092,42.199387,Q3
-16.128862,61.650852,Q4
29.9869,32.407562,Q5 (mais caro)
12.012311,38.86359,Q5 (mais caro)
-27.624607,36.595505,Q3
-63.514584,-9.214715,Q3
-41.02979,53.25144,Q4
-61.852337,32.51318,Q3
-61.501507,30.832611,Q3
14.189644,36.414444,Q4
-74.373535,42.592804,Q5 (mais caro)
-24.593138,55.744656,Q4
27.36977,25.773489,Q2
-21.160666,33.19156,Q4
-73.5849,42.0504,Q4
-8.144455,41.534676,Q2
-52.556038,39.305977,Q5 (mais caro)
-87.6142,16.041336,Q3
16.734457,58.364807,Q2
32.459,36.516743,Q3
11.971515,36.93744,Q4
-7.1142983,33.347572,Q4
22.783194,81.152565,Q2
27.61626,42.219105,Q4
-86.36442,15.740466,Q2
47.275005,68.17819,Q2
-49.301308,73.98414,Q2
-9.461805,42.017532,Q3
-50.66991,42.172916,Q4
-9.135424,41.827225,Q2
-79.96537,-41.951168,Q2
22.278551,49.448666,Q3
-14.709473,39.580864,Q2
13.814849,35.402317,Q3
-90.154434,17.61864,Q2
-76.724434,-0.014594457,Q3
-79.61269,-46.65048,Q1 (mais barato)
22.914034,73.725876,Q2
-5.2261076,47.171673,Q2
-41.264763,79.94503,Q2
46.97253,15.325903,Q5 (mais caro)
-4.929989,40.68792,Q4
2.445708,45.45704,Q2
-76.50215,38.8462,Q2
-39.51231,56.5646,Q5 (mais caro)
5.492319,63.5569,Q2
-30.92535,11.858881,Q2
-19.143917,56.860497,Q3
-71.205795,45.88151,Q4
23.801476,87.344475,Q4
19.977428,83.32032,Q3
27.7048,-98.657486,Q2
-80.00243,-41.896698,Q1 (mais barato)
15.289882,85.69064,Q4
19.77957,83.46069,Q4
-54.261784,21.807802,Q1 (mais barato)
-52.597458,12.601369,Q2
-39.38759,70.2218,Q4
-53.866016,70.795586,Q2
3.5368211,40.57761,Q5 (mais caro)
36.81313,52.16514,Q2
26.889717,-103.01921,Q2
-85.554985,39.05532,Q4
-14.914242,32.2443,Q4
5.6792274,33.62876,Q4
-24.675518,70.35917,Q1 (mais barato)
-62.16403,31.771023,Q4
-53.51981,39.405766,Q5 (mais caro)
-36.13791,48.52274,Q3
-38.74295,84.65301,Q3
-58.64719,24.219652,Q1 (mais barato)
-34.9325,63.091583,Q5 (mais caro)
15.1808605,58.144176,Q1 (mais barato)
-29.145248,67.64038,Q4
-77.04846,40.283443,Q3
-69.32706,19.26309,Q3
41.312428,51.523224,Q5 (mais caro)
-64.27292,54.091953,Q4
-44.874092,2.4758825,Q3
44.458782,74.88458,Q1 (mais barato)
5.416908,34.03615,Q2
24.28689,-91.784584,Q2
-95.90991,-13.012816,Q3
-95.52144,-11.488839,Q4
-80.00307,-41.89661,Q1 (mais barato)
-59.124496,8.897956,Q2
-65.55035,10.247756,Q4
14.471874,57.6243,Q1 (mais barato)
-25.651232,69.63229,Q4
-76.45749,38.826736,Q2
-80.00958,-41.887653,Q2
-49.307484,73.941925,Q4
-80.009346,-41.887104,Q2
-37.92938,86.413185,Q2
13.184254,70.117546,Q2
-66.34765,11.122389,Q4
-86.65664,15.797555,Q1 (mais barato)
-54.665974,21.256044,Q1 (mais barato)
-79.98455,-41.986237,Q2
-8.221642,31.147825,Q5 (mais caro)
-26.852839,39.378242,Q4
-27.18387,53.088127,Q3
-61.607723,30.1673,Q3
12.216453,65.84425,Q4
-6.2193623,88.234,Q5 (mais caro)
-30.815504,41.14726,Q2
-77.105484,5.2359242,Q5 (mais caro)
10.343684,19.590603,Q5 (mais caro)
-92.53051,-9.165676,Q3
-77.151764,5.0516133,Q5 (mais caro)
26.050323,27.631588,Q3
17.790487,53.739113,Q3
-95.55015,-11.515374,Q3
29.058464,-91.56741,Q2
23.294096,89.06124,Q2
8.457942,21.077717,Q4
-51.55964,23.665007,Q4
-76.79905,0.516011,Q5 (mais caro)
-70.49482,46.42624,Q3
-53.584793,5.644206,Q3
22.846733,87.75533,Q4
24.752783,48.392174,Q5 (mais caro)
-35.34398,33.622387,Q4
-43.16166,55.00079,Q4
-76.799644,0.5159914,Q5 (mais caro)
9.6013775,63.8882,Q5 (mais caro)
-64.44194,12.722918,Q5 (mais caro)
46.49185,21.340944,Q5 (mais caro)
-27.710812,55.777637,Q4
-53.60913,65.56206,Q4
-66.364494,-3.3366115,Q4
-27.554838,9.898028,Q3
26.316088,27.217005,Q3
-27.961637,55.64009,Q5 (mais caro)
-24.885527,55.462013,Q4
15.99827,64.80433,Q2
-64.4008,39.909134,Q4
-48.929817,74.05607,Q4
-58.8409,9.216789,Q3
67.06718,61.163574,Q4
33.585342,-98.62504,Q2
-79.612686,-46.650482,Q2
-23.195786,45.656883,Q4
-5.187974,47.160526,Q2
-61.564926,30.717756,Q3
-72.033104,39.397667,Q4
-87.61993,16.036694,Q2
24.115803,-88.09121,Q1 (mais barato)
-30.710287,26.156532,Q2
-90.14684,17.613226,Q3
-80.00921,-41.88725,Q1 (mais barato)
20.868689,-91.868904,Q3
-64.004105,54.213852,Q4
-41.48142,53.933956,Q5 (mais caro)
-28.537926,67.54824,Q5 (mais caro)
-46.480644,37.736736,Q4
-22.671392,43.101173,Q4
-40.006012,1.9791538,Q4
24.108547,-92.279335,Q2
-85.3801,39.625626,Q2
-12.9386635,49.482372,Q4
-62.075256,31.926088,Q2
32.31819,-98.90353,Q2
-53.09194,13.143804,Q2
-95.906334,-12.9526825,Q4
-11.659828,34.098644,Q4
-96.786804,-15.106974,Q2
-76.70472,-0.2609706,Q4
-76.5426,40.5854,Q1 (mais barato)
-43.565815,17.272655,Q3
-64.267654,8.913542,Q3
-80.27942,-41.631245,Q3
-55.083073,62.762817,Q4
-63.369717,54.607925,Q5 (mais caro)
-16.610518,38.83643,Q2
-22.586958,41.45447,Q4
-27.004717,34.342564,Q4
12.69299,57.08052,Q5 (mais caro)
-95.51377,-11.475691,Q4
5.4502845,19.510086,Q5 (mais caro)
-70.48729,46.38106,Q4
-42.39567,69.86348,Q4
-0.74575144,44.5363,Q3
-34.802834,63.48789,Q4
-29.517242,18.663242,Q4
1.9364996,56.975716,Q2
-29.631592,16.926708,Q4
-61.424896,34.128384,Q5 (mais caro)
-0.9335587,39.541748,Q2
18.981098,83.18435,Q4
-9.129727,35.435013,Q2
-7.59726,52.952957,Q5 (mais caro)
-72.26457,38.86414,Q4
21.97657,59.412292,Q4
-42.769333,18.412811,Q2
31.519768,-87.77461,Q2
24.12372,-88.1251,Q1 (mais barato)
-49.8252,49.02473,Q4
-11.242259,30.395922,Q3
-95.4814,-11.404774,Q5 (mais caro)
23.829319,62.107796,Q4
9.659515,21.314022,Q5 (mais caro)
-57.854794,60.07114,Q5 (mais caro)
-76.7927,0.5015415,Q5 (mais caro)
9.25296,23.567207,Q5 (mais caro)
-79.97801,-41.936947,Q1 (mais barato)
-8.817657,41.635162,Q2
-76.796875,0.5158734,Q5 (mais caro)
40.240902,51.92837,Q3
23.874247,49.616455,Q4
-36.251614,29.782976,Q4
5.303738,20.34652,Q3
-38.93113,71.2151,Q4
-9.937294,88.18243,Q1 (mais barato)
-34.533363,-28.969454,Q5 (mais caro)
-29.897785,67.177,Q4
-65.11427,-2.7969246,Q5 (mais caro)
-37.92514,86.417404,Q2
-11.968218,50.645557,Q4
-38.69288,84.72918,Q3
-19.357254,56.072327,Q5 (mais caro)
43.776093,23.839247,Q5 (mais caro)
-57.856888,59.72885,Q5 (mais caro)
-22.018723,41.000244,Q4
-79.96344,-41.937607,Q1 (mais barato)
-69.43257,-32.07887,Q4
-36.79595,1.6552376,Q4
24.07774,-88.09192,Q2
13.028903,70.5053,Q2
23.591604,26.620499,Q5 (mais caro)
-25.623365,26.276756,Q4
-9.529816,42.457287,Q4
21.651583,49.798073,Q3
-19.937458,68.823616,Q4
-9.480609,33.585876,Q2
-79.61265,-46.650467,Q2
15.344462,39.329765,Q4
29.066408,-91.57005,Q1 (mais barato)
39.088444,54.870644,Q3
-86.48652,15.776486,Q2
-50.017006,8.63197,Q3
-71.13685,45.94127,Q5 (mais caro)
27.995481,-102.76385,Q1 (mais barato)
-76.99938,7.2282352,Q5 (mais caro)
26.815773,-102.91268,Q2
-10.847734,41.663494,Q2
40.14212,51.066658,Q5 (mais caro)
32.36521,-98.877205,Q1 (mais barato)
-40.46129,53.78977,Q4
44.65361,65.91177,Q3
22.406744,88.69477,Q5 (mais caro)
-95.52144,-11.488839,Q4
24.126358,-88.09199,Q1 (mais barato)
-38.73848,84.65375,Q1 (mais barato)
-53.098736,13.149678,Q2
8.297725,21.127718,Q4
27.6413,42.161068,Q5 (mais caro)
40.4093,51.973705,Q5 (mais caro)
21.821562,62.548412,Q2
-85.453964,37.88482,Q3
-8.75023,50.363876,Q3
-76.39535,22.30061,Q5 (mais caro)
-39.482876,15.6982155,Q3
-52.154915,-5.4325123,Q1 (mais barato)
23.329746,-98.77173,Q2
32.606365,36.95775,Q2
-16.549164,35.617657,Q4
41.354378,35.90893,Q5 (mais caro)
-29.747837,67.36555,Q3
-52.079117,37.52332,Q5 (mais caro)
17.913738,36.594757,Q5 (mais caro)
22.295568,49.442726,Q3
-87.61993,16.036694,Q3
3.876565,65.48654,Q4
23.654732,46.341763,Q5 (mais caro)
21.43305,46.457653,Q5 (mais caro)
30.31406,74.00617,Q3
17.155523,58.972286,Q2
-42.950504,21.300478,Q4
11.722189,61.413826,Q5 (mais caro)
41.125534,66.110855,Q4
38.318676,50.699303,Q2
1.9791472,57.136116,Q1 (mais barato)
45.73959,67.93094,Q1 (mais barato)
28.16966,74.933945,Q4
-22.426743,33.473152,Q5 (mais caro)
-76.675896,41.04266,Q3
47.600964,70.805016,Q2
3.4853983,40.485138,Q4
28.121782,80.529076,Q5 (mais caro)
-96.83751,-14.804589,Q1 (mais barato)
-41.333145,17.067608,Q4
-4.3727703,50.498978,Q4
-30.746845,14.889219,Q5 (mais caro)
-24.541315,38.356426,Q3
27.128399,27.421137,Q5 (mais caro)
-74.30966,42.447838,Q3
-76.676704,42.1311,Q3
-61.53903,30.765896,Q4
-25.871555,39.87133,Q3
-74.59693,6.8054585,Q5 (mais caro)
-41.856937,81.57305,Q3
22.348547,87.533195,Q1 (mais barato)
-40.25962,13.4380455,Q3
-50.970913,37.072,Q2
26.566906,63.917404,Q4
-82.82208,-1.326782,Q5 (mais caro)
-31.159477,67.91551,Q4
-38.384537,84.80137,Q2
-23.888418,43.29739,Q5 (mais caro)
-56.136517,3.7909546,Q5 (mais caro)
-10.181593,88.37539,Q4
-60.17875,54.324986,Q5 (mais caro)
-49.922802,48.82491,Q4
-63.930977,54.285282,Q5 (mais caro)
-57.429916,4.0083575,Q4
2.76992,44.11709,Q3
-83.445,0.13555586,Q5 (mais caro)
67.11596,61.173145,Q3
-11.953618,88.93463,Q2
-77.35475,21.607065,Q4
-27.938526,40.91163,Q4
4.233963,50.738808,Q2
-92.56181,-9.168108,Q2
37.36439,49.42755,Q4
-65.61601,-3.5651686,Q4
45.10056,65.10398,Q4
-85.55292,39.128746,Q3
-95.52376,-11.491139,Q4
-65.50566,44.34605,Q5 (mais caro)
27.39189,-102.83057,Q2
24.115612,-88.12172,Q2
-41.84452,80.78067,Q4
-58.560696,11.189994,Q4
2.0803695,43.855026,Q4
-49.586445,19.20567,Q3
16.454037,42.15412,Q4
-32.206966,10.83088,Q1 (mais barato)
-54.21251,70.23402,Q5 (mais caro)
-76.23453,40.54432,Q2
-40.394028,8.797863,Q4
18.959707,71.43948,Q2
-29.143824,67.651115,Q4
27.307617,64.12906,Q2
-76.40533,38.617554,Q4
-76.72448,-0.20058754,Q4
-54.66494,21.252575,Q2
22.351229,49.44992,Q4
-77.09292,40.399147,Q2
10.513851,73.42891,Q2
10.439518,65.11177,Q2
-79.61274,-46.65046,Q2
-24.520927,39.799927,Q4
-28.758942,52.92749,Q4
6.466264,68.69258,Q3
-41.7292,81.5532,Q4
28.214554,25.974356,Q4
-29.598734,67.49774,Q4
20.64427,-92.13442,Q3
-79.61269,-46.65048,Q2
-82.45329,-1.874352,Q5 (mais caro)
-60.037956,1.2262925,Q4
2.8555079,55.60831,Q5 (mais caro)
18.17283,35.812416,Q5 (mais caro)
-76.71522,42.792927,Q4
26.667263,76.81413,Q2
-22.53978,41.42352,Q4
-47.990993,15.253781,Q2
33.73666,-92.325066,Q2
-73.677574,42.306507,Q4
-34.620182,28.691513,Q5 (mais caro)
1.9791472,57.136116,Q2
-81.89937,-1.8297385,Q4
-55.465076,62.169296,Q5 (mais caro)
32.742863,-96.92431,Q2
-80.97477,41.770187,Q4
46.109108,21.65679,Q5 (mais caro)
22.480104,63.02757,Q4
-26.138134,41.41428,Q2
-78.268394,4.068457,Q4
-41.849243,80.76929,Q3
-67.6841,47.35613,Q4
-94.20743,-14.982849,Q3
-27.645256,9.037884,Q3
-30.382278,66.946175,Q3
-28.55109,16.004936,Q2
41.553043,36.287514,Q4
2.846378,40.85152,Q3
-76.70739,1.6155703,Q5 (mais caro)
-47.657806,71.42947,Q3
-28.326773,52.732212,Q4
-96.911064,-14.562029,Q4
24.291708,-91.78447,Q1 (mais barato)
-76.78819,1.2486382,Q5 (mais caro)
-39.066227,55.74738,Q4
17.873411,87.12784,Q3
-27.74386,56.54825,Q4
-54.726215,64.51736,Q3
-76.81926,21.981323,Q4
-95.94084,-13.028538,Q3
27.917772,82.08503,Q5 (mais caro)
-87.633804,16.029934,Q2
-76.91639,40.04534,Q3
-76.68766,41.195396,Q3
-30.379827,41.734444,Q3
-76.8031,0.8394187,Q5 (mais caro)
27.261093,25.635382,Q4
-25.8826,40.062874,Q3
-79.61274,-46.65046,Q2
18.346727,33.931484,Q5 (mais caro)
9.525938,67.47372,Q3
-76.43511,22.266642,Q5 (mais caro)
-57.409874,3.8652375,Q5 (mais caro)
24.374222,83.571205,Q5 (mais caro)
-85.96586,15.517768,Q5 (mais caro)
-80.078026,-41.82297,Q3
11.723435,76.33284,Q5 (mais caro)
-49.52417,73.691826,Q5 (mais caro)
-95.51365,-11.475764,Q4
9.160676,68.30175,Q2
-39.535454,34.137894,Q3
-24.11688,25.632072,Q5 (mais caro)
-76.78669,1.2483964,Q5 (mais caro)
-90.25269,17.703297,Q2
25.923737,-93.78143,Q2
-64.2885,51.13832,Q5 (mais caro)
5.099694,20.31588,Q4
8.312908,19.278269,Q5 (mais caro)
31.458548,32.255165,Q3
-54.665974,21.256044,Q4
23.352306,50.17631,Q4
-39.68809,17.992054,Q5 (mais caro)
36.925407,52.414375,Q4
17.071701,37.726974,Q4
-79.62295,-46.63892,Q2
-70.39506,46.706882,Q4
-53.091087,13.111213,Q1 (mais barato)
46.773556,15.753212,Q3
21.644,62.67996,Q3
-43.286163,55.36387,Q5 (mais caro)
-5.7057877,88.26833,Q4
-77.94148,4.1665454,Q5 (mais caro)
-29.326233,67.46852,Q3
4.578161,45.84977,Q4
-61.92209,47.976696,Q5 (mais caro)
17.849127,86.79724,Q4
-48.31301,5.0110726,Q4
-76.79259,0.50153965,Q5 (mais caro)
-87.636765,16.028255,Q2
-29.554691,19.382437,Q4
-74.29354,42.404934,Q4
43.429478,68.62654,Q4
-53.60252,5.828443,Q4
-79.62423,-46.637924,Q1 (mais barato)
67.862175,62.45727,Q3
29.039291,-91.55975,Q3
27.341228,77.64254,Q3
-0.40063208,41.26311,Q4
-22.358974,75.18674,Q3
-48.762756,75.57267,Q4
-57.072784,1.4377844,Q4
-22.205612,63.359833,Q5 (mais caro)
-71.41422,-37.745155,Q4
-23.504402,73.570114,Q3
-85.58985,42.78768,Q3
-88.59754,-15.967128,Q4
-9.25377,88.310234,Q4
-62.938137,55.402584,Q5 (mais caro)
-88.595764,-15.948955,Q3
-29.466488,71.16695,Q5 (mais caro)
-22.357801,75.18858,Q3
9.020971,73.44009,Q3
-35.24595,26.050665,Q5 (mais caro)
17.775751,66.02019,Q3
-29.092651,27.528467,Q4
-37.96063,52.78367,Q3
-58.35636,-7.5710263,Q4
-85.48143,42.709957,Q3
-35.522915,32.970673,Q4
-21.206318,68.44044,Q4
-88.40833,-6.045311,Q4
12.295885,42.642567,Q3
23.232996,50.31856,Q5 (mais caro)
-77.42454,34.426395,Q3
-72.40656,43.71659,Q4
0.7830486,29.695246,Q3
-85.59541,42.82233,Q4
-49.181202,52.567814,Q5 (mais caro)
-71.87907,-37.48124,Q2
-71.75958,-37.730278,Q3
32.43469,-99.00812,Q2
10.131375,61.49566,Q5 (mais caro)
9.419928,67.25705,Q2
16.108616,65.63526,Q3
-7.578378,47.095585,Q2
-36.75427,55.133514,Q2
-68.97185,44.730293,Q4
11.8985,37.215576,Q4
-79.9846,3.7824101,Q4
27.935446,26.809322,Q4
9.331747,62.042854,Q2
-30.613396,13.639824,Q3
-12.935977,89.73012,Q3
25.133137,81.997665,Q5 (mais caro)
-28.695732,35.695347,Q3
-82.67045,42.42033,Q3
-22.605242,33.41919,Q4
17.96116,35.581234,Q5 (mais caro)
-79.56657,-0.43761334,Q5 (mais caro)
15.557795,35.61403,Q4
-7.767183,47.35833,Q2
-68.94025,45.07791,Q5 (mais caro)
-78.56989,42.3657,Q4
-87.38762,18.564573,Q3
-18.196352,71.09616,Q2
-36.202717,86.239044,Q2
-57.069187,1.4759295,Q5 (mais caro)
8.740649,68.13907,Q2
-43.462685,34.701885,Q4
-69.38479,43.156956,Q2
22.590883,27.772934,Q5 (mais caro)
35.508,46.24223,Q3
-78.58924,42.087692,Q3
-12.923028,49.096943,Q3
-67.64401,-10.389974,Q3
26.603247,-102.863335,Q2
16.246204,42.775623,Q5 (mais caro)
-1.2416998,22.0971,Q4
-30.525305,20.152855,Q4
-66.42241,11.667206,Q3
-1.0175039,39.50539,Q3
-44.0954,21.391891,Q3
-81.15225,2.122757,Q4
-49.80529,53.21721,Q5 (mais caro)
-61.8624,23.580227,Q4
29.803638,81.44097,Q3
41.40107,36.791077,Q4
-55.508842,3.2878995,Q3
66.911835,62.180767,Q4
-77.573784,44.49291,Q5 (mais caro)
-26.311878,36.929092,Q5 (mais caro)
35.4723,46.22507,Q3
27.393936,24.97036,Q5 (mais caro)
-31.471237,11.608183,Q3
-88.683014,-15.461149,Q4
-88.59907,-15.936071,Q2
-81.81026,38.98778,Q5 (mais caro)
-49.39747,37.60262,Q4
26.89063,-99.2798,Q3
20.899294,-91.81014,Q4
-61.741924,29.721567,Q2
-87.94944,-5.708728,Q4
10.470849,38.15542,Q2
-90.116356,19.358904,Q2
-87.11839,19.26482,Q2
-78.85393,43.687965,Q5 (mais caro)
67.22327,62.316628,Q2
-29.474813,27.537956,Q4
-48.898518,37.124443,Q5 (mais caro)
-29.329082,67.179565,Q5 (mais caro)
-77.84256,-10.847279,Q4
-87.69403,-5.550693,Q5 (mais caro)
-28.756569,17.67328,Q4
-9.298019,88.310776,Q4
9.581517,67.00217,Q4
-48.239216,15.134182,Q2
-13.190272,46.47515,Q2
0.3094519,26.533325,Q2
-47.943874,48.89958,Q3
14.5523205,36.58418,Q5 (mais caro)
-65.56172,44.373775,Q5 (mais caro)
-52.315304,72.217476,Q4
15.276924,57.519146,Q5 (mais caro)
-85.48238,42.721027,Q3
-79.56871,-0.44389415,Q5 (mais caro)
-2.6386197,40.920933,Q4
40.96315,51.917828,Q5 (mais caro)
-45.174675,6.4648895,Q4
-29.092777,27.528538,Q5 (mais caro)
-77.9791,-47.783115,Q2
-20.981138,22.73998,Q4
-44.719803,2.4587412,Q4
18.78462,38.009396,Q5 (mais caro)
22.240084,49.43741,Q3
-77.930374,3.3790596,Q5 (mais caro)
-71.94717,-37.520588,Q2
1.2971094,39.792385,Q3
-22.709545,45.808468,Q5 (mais caro)
-17.024477,59.65622,Q4
45.4923,68.15988,Q2
35.52001,46.247177,Q4
-27.95632,69.5944,Q4
-66.84349,-3.0880787,Q5 (mais caro)
-65.31091,4.2168427,Q4
1.3834194,46.128193,Q4
-79.131195,0.85389984,Q5 (mais caro)
2.1489415,20.631716,Q5 (mais caro)
4.9704504,66.12491,Q3
-78.97525,0.13835049,Q5 (mais caro)
1.8871473,44.31294,Q4
-24.325768,23.076075,Q4
-88.5957,-15.947178,Q4
-65.765144,44.505417,Q5 (mais caro)
-44.649765,79.23977,Q5 (mais caro)
-37.475395,84.02547,Q2
14.648976,39.539593,Q4
-30.730747,41.5778,Q3
-39.918736,1.9663507,Q3
-73.44412,-5.8696156,Q5 (mais caro)
-77.97908,-47.783356,Q2
-82.70255,-2.2409117,Q3
29.54604,82.13895,Q5 (mais caro)
-29.504791,28.929565,Q5 (mais caro)
36.89608,52.28324,Q4
-71.69012,-37.7316,Q3
-71.8404,-37.69511,Q2
-61.61758,32.608315,Q4
-53.162403,65.278854,Q4
-24.247427,32.356987,Q5 (mais caro)
11.737792,37.012074,Q3
-69.54888,43.864132,Q4
-88.60009,-15.96986,Q3
37.795773,52.247517,Q3
-71.87396,-37.67991,Q2
0.77993625,29.692245,Q2
-9.032885,34.19568,Q3
32.43416,-99.00664,Q2
23.56799,26.24176,Q4
-5.5698,47.22823,Q2
24.91882,-103.00754,Q3
-17.249111,34.302494,Q4
-67.55809,-1.4765717,Q4
-29.65826,36.713924,Q4
-5.9182644,86.83996,Q3
-61.642067,32.54735,Q4
-9.760994,51.34687,Q5 (mais caro)
-78.995125,-0.22891247,Q5 (mais caro)
-36.9115,86.42597,Q2
-27.294655,69.87734,Q4
13.216419,71.3457,Q3
-58.93667,51.61883,Q5 (mais caro)
0.6205034,38.28247,Q2
16.792204,35.454693,Q4
-88.599785,-15.922103,Q4
-79.593315,-0.026930777,Q5 (mais caro)
-12.511828,47.56974,Q4
67.3541,63.31333,Q3
1.3750799,57.06951,Q2
-48.625336,4.8632555,Q3
22.496244,58.81138,Q4
-58.754364,22.146837,Q2
31.388952,73.323814,Q4
-11.153852,42.132675,Q3
-72.79477,25.1367,Q3
-9.728282,35.673107,Q3
30.815878,68.67012,Q2
-79.021,-0.08571435,Q5 (mais caro)
12.396531,36.170525,Q3
23.637978,46.218227,Q5 (mais caro)
-74.08825,45.00035,Q5 (mais caro)
-23.244205,48.07862,Q3
-43.628883,86.215225,Q4
-24.973797,39.89168,Q4
28.798496,83.01153,Q5 (mais caro)
-18.852198,63.63436,Q5 (mais caro)
-73.63201,-3.5354884,Q5 (mais caro)
-44.64932,79.24304,Q5 (mais caro)
15.259008,66.979706,Q2
-22.228933,35.806892,Q5 (mais caro)
-46.613976,71.99196,Q5 (mais caro)
-26.783525,69.7976,Q5 (mais caro)
29.86862,74.1366,Q5 (mais caro)
-68.981026,44.701958,Q4
-27.21544,39.408943,Q5 (mais caro)
67.64211,63.380165,Q2
-74.160324,43.8475,Q5 (mais caro)
-18.353033,70.82679,Q2
26.152456,27.153742,Q5 (mais caro)
-16.68772,59.978146,Q3
-43.594402,75.830315,Q4
-22.504896,33.03961,Q5 (mais caro)
-11.411033,42.297897,Q3
13.178099,70.174706,Q5 (mais caro)
17.932701,35.871063,Q5 (mais caro)
-11.555593,34.4768,Q4
-2.09179,36.536556,Q4
-63.661987,-12.252794,Q2
36.691463,51.687542,Q4
15.461219,39.30749,Q5 (mais caro)
-17.116615,60.00912,Q3
26.61559,-102.86858,Q2
-82.62373,42.463345,Q2
-71.902275,-37.658394,Q2
21.230583,75.48433,Q4
36.091175,-98.8999,Q3
23.171494,70.03655,Q2
-87.261856,18.797077,Q2
-71.39854,-37.74874,Q3
16.446934,37.956562,Q4
-86.781494,31.751093,Q4
-8.127995,42.891216,Q4
-24.38608,22.942741,Q4
3.4364738,39.60622,Q3
-41.971478,28.67596,Q5 (mais caro)
-53.973846,63.762074,Q4
0.14476027,41.00805,Q2
-61.131927,30.838413,Q3
-29.137238,67.8223,Q4
-1.0165725,39.50346,Q3
-81.74871,38.907715,Q4
9.926846,24.615637,Q5 (mais caro)
-68.983765,44.86993,Q5 (mais caro)
36.944057,49.49984,Q4
-28.440315,44.360188,Q4
0.5009503,26.575928,Q2
23.087498,86.77893,Q3
-55.58229,65.59358,Q4
-44.663116,79.19087,Q4
27.929928,65.62967,Q5 (mais caro)
-42.364197,27.727081,Q5 (mais caro)
-56.315495,3.563268,Q4
-78.44973,22.52458,Q4
-1.0510199,39.52322,Q3
38.888836,52.289944,Q4
-67.01931,45.756042,Q5 (mais caro)
23.448755,49.792065,Q3
22.181803,87.64702,Q4
24.745325,48.383896,Q5 (mais caro)
29.297485,81.946556,Q4
-69.456085,44.362965,Q5 (mais caro)
-71.902275,-37.65838,Q2
-63.982845,-8.433159,Q4
34.742065,54.289303,Q3
-28.998066,51.74192,Q5 (mais caro)
23.032372,-89.17354,Q2
-44.64964,79.237465,Q5 (mais caro)
-47.95209,70.30503,Q3
-27.239431,69.07799,Q3
-1.8982188,40.19307,Q4
-14.118955,46.441353,Q2
22.023304,-90.22531,Q4
-8.304069,42.63917,Q5 (mais caro)
-30.593506,66.66418,Q4
-71.9552,-37.557262,Q2
-78.62175,42.25151,Q5 (mais caro)
-71.902176,-37.658264,Q2
22.617386,87.89122,Q5 (mais caro)
-55.436394,66.59006,Q5 (mais caro)
-80.46205,2.7544222,Q4
-48.978374,52.18565,Q5 (mais caro)
-1.0234272,39.50923,Q3
-81.65725,38.858486,Q5 (mais caro)
24.23982,88.91581,Q5 (mais caro)
-5.543058,49.038853,Q5 (mais caro)
-69.494,44.274605,Q4
-38.62111,27.72012,Q2
40.315426,73.479515,Q5 (mais caro)
15.983574,37.75522,Q5 (mais caro)
21.365107,46.512943,Q4
31.413065,35.581127,Q4
-15.296577,42.232044,Q2
2.185637,43.70415,Q3
-88.595345,-15.949452,Q4
46.870434,15.240199,Q5 (mais caro)
-58.634174,11.245075,Q4
41.829124,37.143562,Q3
-3.2511625,36.540092,Q4
17.955523,65.74604,Q2
-87.103264,19.272148,Q4
-5.4855604,47.239033,Q2
0.62071604,38.28337,Q4
34.246864,-97.3896,Q2
-72.48717,39.719696,Q5 (mais caro)
-5.326029,48.45494,Q3
-55.056793,15.344987,Q5 (mais caro)
20.076887,81.37954,Q4
-49.080223,9.787443,Q3
10.509241,38.283672,Q2
33.598557,-98.600815,Q3
-69.50228,44.235107,Q4
-85.49206,42.697277,Q4
29.025074,82.03623,Q5 (mais caro)
27.495146,-102.56433,Q2
-69.44881,-32.110683,Q4
-79.53562,-0.35245356,Q5 (mais caro)
-7.2611184,37.214645,Q4
-77.52553,34.225403,Q4
-53.93617,6.4788527,Q4
-55.46006,32.18916,Q5 (mais caro)
45.146618,69.30261,Q4
15.177103,58.1109,Q2
-28.73909,18.108671,Q4
-6.177094,43.18236,Q4
-30.714142,11.842259,Q4
-69.44955,-32.111053,Q4
-6.11882,44.92246,Q4
8.339056,20.680996,Q4
-57.959675,19.381626,Q3
-66.45604,42.56446,Q3
28.37923,-92.27178,Q3
-38.89745,34.860584,Q4
27.0628,64.431725,Q2
-53.909702,15.231049,Q4
15.891473,38.819046,Q5 (mais caro)
-77.593124,44.2496,Q4
17.841764,66.04715,Q2
23.032497,-89.21386,Q4
-48.469242,50.54839,Q4
40.40316,51.92502,Q3
-67.06987,45.7458,Q5 (mais caro)
-9.899554,35.7813,Q3
-79.76074,-7.892282,Q5 (mais caro)
-56.664574,59.045025,Q5 (mais caro)
-23.185728,48.01951,Q4
-38.577236,27.7055,Q4
-22.396349,75.162834,Q2
-14.662926,32.275005,Q4
-70.93533,48.23763,Q5 (mais caro)
-62.7074,54.69147,Q5 (mais caro)
-56.2155,31.472954,Q3
-68.73426,45.32859,Q5 (mais caro)
-79.781586,-8.054167,Q5 (mais caro)
23.582392,47.80514,Q5 (mais caro)
15.2987,66.98152,Q2
-86.80403,31.90385,Q5 (mais caro)
17.834028,86.73861,Q4
-12.877718,49.600098,Q3
15.480473,37.72312,Q5 (mais caro)
21.192389,69.06084,Q2
-71.858826,-37.700626,Q3
-37.06373,32.854443,Q5 (mais caro)
-0.13291165,25.652273,Q4
1.5939685,45.09429,Q2
19.150269,-90.34305,Q5 (mais caro)
-14.491153,89.9055,Q3
33.597977,-98.60714,Q3
-57.273804,60.25081,Q5 (mais caro)
-10.146719,45.252575,Q5 (mais caro)
-42.838512,55.93362,Q5 (mais caro)
15.105406,67.05713,Q2
29.272259,24.610413,Q5 (mais caro)
-30.944666,11.87838,Q3
-54.19737,65.264595,Q5 (mais caro)
-25.576818,39.401974,Q5 (mais caro)
-88.57292,-15.903713,Q5 (mais caro)
9.094986,62.328728,Q3
-17.998034,35.098824,Q3
10.337074,24.608824,Q5 (mais caro)
-32.532093,30.950262,Q5 (mais caro)
-85.48609,42.709927,Q4
-7.837474,32.11734,Q4
8.023547,20.65324,Q4
17.751423,72.208664,Q4
-90.105354,19.35813,Q3
28.530827,-92.19372,Q2
22.828695,73.25915,Q2
-80.99636,-1.4064195,Q5 (mais caro)
-54.413166,65.19355,Q4
16.54142,54.435596,Q5 (mais caro)
22.257803,48.405064,Q3
27.978369,-92.36116,Q4
-25.96734,66.104164,Q4
-71.93821,-37.442196,Q2
-71.39832,-37.74876,Q4
18.167173,53.64231,Q4
14.4384,40.710575,Q4
31.463333,-95.07174,Q2
23.325714,50.20738,Q3
30.996317,36.568596,Q5 (mais caro)
27.007078,82.21831,Q5 (mais caro)
5.2673936,66.45296,Q3
-54.077766,7.1757555,Q5 (mais caro)
-63.270153,35.241127,Q5 (mais caro)
24.730644,86.54337,Q5 (mais caro)
-89.60161,19.407333,Q2
19.168154,88.8936,Q5 (mais caro)
-32.426395,16.951532,Q5 (mais caro)
-90.11016,19.358454,Q2
-12.680563,47.38761,Q2
-54.025375,63.64276,Q5 (mais caro)
27.2107,42.307987,Q5 (mais caro)
18.85935,73.317,Q4
39.361065,50.42446,Q4
-76.03156,28.470991,Q3
-47.951504,50.44672,Q4
23.246399,48.55558,Q4
23.033127,-89.21483,Q3
6.8232756,23.240013,Q3
-35.619877,84.72818,Q2
-67.58238,45.45885,Q5 (mais caro)
28.501131,26.783049,Q2
67.942116,62.512344,Q3
-10.000155,45.08112,Q4
-79.46373,0.5332419,Q5 (mais caro)
-27.475327,53.43403,Q4
-60.840065,32.503426,Q3
-2.8279488,41.11006,Q4
-87.9513,-5.7141333,Q5 (mais caro)
-32.555775,30.964281,Q4
-77.94432,43.862514,Q4
-1.2565535,23.709373,Q3
-5.478265,49.370693,Q3
9.89128,24.008167,Q5 (mais caro)
-77.81051,33.894836,Q4
-8.2628975,42.558628,Q3
22.873556,86.855225,Q5 (mais caro)
-28.915272,67.92325,Q5 (mais caro)
-37.75045,53.031704,Q3
-60.8401,32.760326,Q4
7.6589837,18.753513,Q5 (mais caro)
-45.210865,19.34427,Q5 (mais caro)
37.105846,52.622646,Q4
23.994514,43.748894,Q4
-22.739996,33.483494,Q5 (mais caro)
-52.999855,65.60543,Q4
28.16793,24.592455,Q4
19.951624,-96.04171,Q5 (mais caro)
-60.6861,30.511564,Q4
-24.99859,19.603415,Q5 (mais caro)
-10.984693,30.430319,Q3
24.482656,45.23988,Q5 (mais caro)
-44.06991,68.150024,Q5 (mais caro)
-0.37589756,41.257973,Q4
28.308199,-92.31665,Q2
-9.518172,42.061237,Q4
-43.99934,69.432045,Q5 (mais caro)
-34.82064,63.283985,Q4
-24.387756,18.301243,Q4
2.9003372,51.366932,Q5 (mais caro)
39.84148,48.372,Q5 (mais caro)
-43.64568,75.87618,Q4
-6.897418,40.083946,Q4
-73.93781,6.886471,Q5 (mais caro)
10.916113,19.361591,Q4
21.23019,75.1338,Q4
-9.407062,32.368378,Q4
38.82634,53.229828,Q3
-54.638153,59.176746,Q4
32.5949,-88.453865,Q3
32.664448,-99.3821,Q2
-80.46092,2.3025162,Q3
-5.46925,47.245518,Q2
10.776168,73.967766,Q5 (mais caro)
-8.5167675,51.365143,Q5 (mais caro)
-61.26905,33.491405,Q4
-54.63418,59.180637,Q4
-71.94604,-37.514236,Q2
-56.19352,31.355669,Q4
-58.31232,23.747509,Q3
-0.3919728,27.305096,Q3
-87.11839,19.26482,Q3
-7.735159,47.33945,Q2
25.993553,-99.41476,Q3
-6.0989165,43.18526,Q3
6.2483764,32.576508,Q5 (mais caro)
-54.76114,62.45774,Q5 (mais caro)
-54.651768,29.167027,Q4
28.022322,80.39941,Q4
16.080015,65.784035,Q2
-82.83027,-2.0684278,Q5 (mais caro)
-30.40764,66.81209,Q3
25.285336,24.574299,Q4
-7.381967,53.427685,Q5 (mais caro)
-89.634224,-16.09599,Q4
-80.74085,3.1289947,Q5 (mais caro)
22.839426,88.73249,Q5 (mais caro)
-71.81906,-37.71174,Q4
-87.11908,19.263752,Q3
-77.97875,-47.782856,Q1 (mais barato)
-89.56446,19.415215,Q4
-71.89105,-37.513714,Q3
8.671299,67.30439,Q5 (mais caro)
-54.063793,65.31479,Q5 (mais caro)
19.381538,87.44397,Q3
-78.44327,42.82409,Q4
-13.908747,46.475513,Q4
-60.14489,54.98758,Q5 (mais caro)
-62.51664,54.1334,Q4
44.992603,91.7434,Q4
47.55786,70.758026,Q3
34.593697,-97.474686,Q2
18.470139,36.903477,Q5 (mais caro)
-24.206875,18.087955,Q4
-42.386818,54.45082,Q5 (mais caro)
21.538551,83.53291,Q3
-51.939255,37.138527,Q5 (mais caro)
23.040796,-89.19782,Q2
-8.261994,46.295795,Q2
-44.751095,36.300026,Q5 (mais caro)
19.583288,70.835335,Q5 (mais caro)
18.980993,38.48141,Q5 (mais caro)
18.799261,54.231834,Q2
23.028004,-89.2593,Q5 (mais caro)
42.48548,68.49263,Q3
13.144404,70.099754,Q3
-54.58317,58.80508,Q5 (mais caro)
-35.680614,84.7224,Q2
26.6758,81.60843,Q5 (mais caro)
18.268572,38.352467,Q5 (mais caro)
38.868332,51.807278,Q4
-79.53012,-0.31554097,Q4
-23.75649,73.043816,Q4
-59.435757,55.3125,Q5 (mais caro)
19.115038,54.437668,Q2
-52.2722,18.77028,Q4
-53.057983,13.194151,Q4
-78.984856,0.04350404,Q5 (mais caro)
-46.778797,40.398716,Q4
-68.9701,44.934418,Q5 (mais caro)
-17.44018,33.943535,Q5 (mais caro)
46.868332,67.87751,Q5 (mais caro)
-64.11077,55.932945,Q5 (mais caro)
32.379387,-99.14813,Q2
10.931179,71.90863,Q3
18.507246,38.345932,Q5 (mais caro)
19.483625,35.908596,Q5 (mais caro)
-49.34547,40.803967,Q5 (mais caro)
18.362555,83.74451,Q5 (mais caro)
-8.426153,40.805374,Q4
-58.412262,23.6914,Q2
-53.30555,63.828793,Q4
20.808167,69.64747,Q3
-87.237206,18.913755,Q3
-1.9626265,40.238033,Q3
4.171264,50.500572,Q3
23.061777,69.99873,Q3
-86.76633,31.774364,Q4
-44.557377,36.08211,Q4
-54.9208,65.523224,Q5 (mais caro)
-27.606976,57.747158,Q3
2.4051766,45.783085,Q3
-30.394491,11.693045,Q3
-36.863853,84.89032,Q4
11.21555,64.72979,Q3
9.419354,23.932468,Q5 (mais caro)
-46.120197,75.81591,Q4
-81.06086,-25.0228,Q4
-37.19999,84.86271,Q3
29.860584,67.44563,Q2
16.141117,65.43587,Q2
-75.25294,-32.310833,Q2
43.572075,66.59927,Q4
-35.331146,65.07296,Q5 (mais caro)
-29.216465,52.673492,Q4
-26.831335,58.83893,Q2
15.841784,65.574135,Q2
6.1795564,19.607122,Q4
7.9439783,27.015194,Q5 (mais caro)
48.423218,71.33107,Q4
-51.90688,18.77747,Q4
-32.205105,13.965886,Q3
1.1516131,39.360332,Q3
0.1367147,41.1312,Q2
-88.473236,40.75444,Q3
13.8755665,37.81591,Q3
-26.76256,23.985355,Q3
22.24134,62.112064,Q4
41.866043,67.88973,Q5 (mais caro)
10.523449,38.2701,Q2
-55.409084,24.42648,Q2
20.627697,50.317574,Q4
-49.963665,53.470657,Q5 (mais caro)
-47.830143,70.16699,Q4
-58.938053,8.238005,Q2
-32.203598,13.964562,Q2
12.686894,39.77483,Q3
39.31389,38.65672,Q5 (mais caro)
-49.075264,35.655186,Q2
-75.28306,-32.017277,Q3
-28.61218,23.46963,Q3
-64.06465,-8.559858,Q3
-55.412334,31.531315,Q4
24.313148,-91.737656,Q2
-47.83107,70.181114,Q4
-88.081894,41.359135,Q4
17.818132,86.45985,Q4
-5.3713145,48.41216,Q3
0.63489836,38.250244,Q2
15.558878,89.048805,Q3
-75.25175,-32.240326,Q2
-19.041231,70.915184,Q2
41.973423,36.625637,Q3
-46.246696,75.804665,Q5 (mais caro)
-58.311783,19.740404,Q3
19.503044,-88.99387,Q2
-36.777782,84.930435,Q2
31.745808,65.87691,Q5 (mais caro)
-80.53885,-26.06072,Q3
-45.188137,6.306579,Q4
-67.17819,-3.1620817,Q5 (mais caro)
-7.9162397,46.296494,Q2
-36.63748,84.95177,Q2
-44.787178,74.937584,Q4
9.085419,62.37252,Q2
24.171328,26.543806,Q4
26.985054,-99.19606,Q3
0.6303333,38.24835,Q3
-27.593987,12.133566,Q4
-80.54582,-26.061415,Q3
21.179886,75.52628,Q4
4.3298736,44.313705,Q3
-16.372997,35.8982,Q4
12.110137,37.665405,Q4
-63.286224,-13.631438,Q2
-63.539783,-12.844911,Q2
-79.20088,2.633493,Q5 (mais caro)
-55.33644,3.061785,Q5 (mais caro)
1.1845155,27.043182,Q2
-87.81038,42.11388,Q4
-30.215595,51.767815,Q2
-89.82782,21.56306,Q2
-0.9452132,39.41316,Q2
-48.829655,36.284,Q4
-80.54654,-26.06173,Q3
-36.879623,84.89966,Q2
-76.01532,-31.019848,Q3
10.910253,61.56404,Q5 (mais caro)
36.353325,50.45428,Q5 (mais caro)
-70.43017,45.101166,Q4
-36.40756,86.572205,Q2
-21.38572,16.750992,Q2
-5.4883504,47.02773,Q2
-60.390987,26.926315,Q3
-28.699726,17.600353,Q4
18.832565,54.250687,Q2
26.385752,-102.020454,Q2
42.30919,-82.44399,Q2
-8.376317,47.983185,Q2
16.444254,41.973995,Q4
-21.706245,35.97938,Q4
-88.65128,30.136892,Q4
-5.210774,33.39437,Q3
22.115074,83.4612,Q5 (mais caro)
-88.21277,41.228264,Q3
-30.955305,13.539509,Q2
-83.85856,-2.111446,Q4
10.530793,36.304504,Q2
-58.265015,6.1595106,Q3
32.380157,-98.98602,Q2
-14.769047,38.042683,Q4
-74.96277,-32.61166,Q2
-14.325374,47.80585,Q4
-49.076603,35.652596,Q2
24.420626,44.33144,Q5 (mais caro)
-60.37687,26.96288,Q3
-30.314936,41.743774,Q2
17.023647,57.19562,Q5 (mais caro)
-0.85148513,37.025646,Q2
25.97939,-99.48844,Q2
27.164557,25.876871,Q4
18.899954,53.095203,Q4
-44.75363,74.77169,Q5 (mais caro)
28.091978,75.00233,Q4
10.614264,38.07524,Q2
-38.191452,52.665092,Q4
-3.4394393,37.667145,Q3
-12.934344,89.18268,Q2
23.7351,62.45069,Q4
35.474754,46.227142,Q4
-30.606895,39.953396,Q5 (mais caro)
-7.9161963,31.906876,Q5 (mais caro)
-39.417366,29.148634,Q3
2.132355,44.682404,Q4
-29.320137,66.841064,Q5 (mais caro)
-74.33288,-3.4648638,Q5 (mais caro)
20.627176,50.317734,Q4
46.77572,69.33328,Q2
-8.180458,46.31791,Q3
-88.11255,41.322617,Q3
-86.79015,22.00697,Q2
-74.96377,-32.618687,Q2
-42.11939,33.106598,Q4
-88.135895,41.289665,Q4
10.954656,72.15178,Q4
-88.63262,30.120716,Q4
-27.046265,35.429165,Q5 (mais caro)
-79.3519,-51.558556,Q2
-26.562992,43.74952,Q4
-46.42978,40.776817,Q3
-52.702908,70.7447,Q4
28.778341,-92.920616,Q2
-43.40986,17.179909,Q4
-89.89117,21.533442,Q2
-17.761961,34.524418,Q2
-5.769795,45.23071,Q3
-63.28414,-13.6289,Q3
-52.356865,71.13004,Q4
-3.6733112,37.593594,Q3
-75.39459,-31.795664,Q3
-26.979424,24.432312,Q2
-69.48011,-32.068172,Q4
10.992562,38.221157,Q2
-30.896675,10.285138,Q4
-27.719471,12.085886,Q3
15.613198,58.399822,Q2
15.185136,58.122208,Q2
-45.679672,6.1102057,Q3
-36.77171,84.91431,Q2
23.261562,50.2752,Q4
22.846825,75.32943,Q5 (mais caro)
-62.227432,32.374176,Q4
-26.260736,58.433216,Q3
-90.712074,21.414148,Q1 (mais barato)
-55.129837,67.3225,Q5 (mais caro)
-74.56896,-32.27212,Q2
26.192148,-101.87792,Q4
14.357434,87.70491,Q5 (mais caro)
-47.17088,45.205864,Q4
-81.206314,-23.951756,Q5 (mais caro)
-35.597374,64.83985,Q5 (mais caro)
13.046673,37.910442,Q3
-75.742645,-31.299665,Q2
21.778406,-88.041725,Q2
-87.833206,21.464346,Q2
-4.3586,38.965076,Q2
-74.539,-32.33714,Q2
-0.83743,37.07102,Q3
-75.20661,-30.578716,Q4
-79.76738,2.8136864,Q5 (mais caro)
-79.49623,-51.357048,Q2
-72.56373,41.504116,Q3
-23.804377,76.744736,Q3
-66.48332,42.66574,Q4
-81.20383,-23.96479,Q5 (mais caro)
-49.417736,35.27457,Q3
18.509583,53.971535,Q4
-69.223114,41.261555,Q5 (mais caro)
-37.543716,55.414555,Q2
-81.043724,-25.104963,Q4
-0.9716463,39.418377,Q3
-16.471323,35.75109,Q4
-27.744093,24.6482,Q3
-78.215195,38.812004,Q2
-61.412144,34.303196,Q5 (mais caro)
20.836895,50.189312,Q3
19.529415,75.31978,Q2
-79.42171,-51.401894,Q3
-72.56999,41.66498,Q3
-38.488167,55.39025,Q4
-39.363346,29.310995,Q4
-53.75076,67.21552,Q4
-44.782185,74.74681,Q3
-88.00461,41.47955,Q3
46.7045,15.676174,Q4
-66.16739,-4.6475887,Q5 (mais caro)
-26.603844,23.535982,Q4
21.78462,-88.03964,Q3
-22.59619,71.15289,Q4
-26.602327,23.536955,Q4
-49.270603,42.546124,Q4
-27.567509,17.165716,Q3
-37.121555,86.75762,Q2
21.444979,51.027996,Q3
46.695034,15.39315,Q5 (mais caro)
21.843733,-88.054726,Q2
-76.172226,-30.883953,Q4
-8.640095,35.379734,Q3
-25.78192,57.31887,Q4
10.206243,72.50309,Q3
27.368458,25.945724,Q4
-4.112319,36.969086,Q4
-88.249054,29.348253,Q5 (mais caro)
34.861908,-97.13603,Q2
-26.873222,36.043488,Q4
-10.835854,36.31207,Q4
-44.704506,74.8062,Q3
-80.09978,-51.84951,Q3
31.93792,-88.0731,Q1 (mais barato)
3.0464234,44.67097,Q4
-74.983345,-32.621235,Q3
-18.913862,70.87738,Q3
-54.41724,67.23747,Q4
-27.57791,36.547848,Q5 (mais caro)
25.977842,-99.488495,Q1 (mais barato)
-8.197943,33.747112,Q3
11.545385,37.098713,Q3
-55.20655,24.242231,Q2
68.41139,61.4953,Q2
-61.445942,27.861649,Q3
8.893871,25.591421,Q5 (mais caro)
-45.26529,1.445137,Q4
-78.489716,22.538424,Q4
35.898605,59.31129,Q3
-6.387188,39.911537,Q3
-40.736397,8.64433,Q5 (mais caro)
19.283833,-91.18945,Q4
-54.793358,29.57597,Q4
23.709167,49.67258,Q4
-40.54116,29.574423,Q4
-77.595764,7.368875,Q4
-5.7717357,45.21987,Q3
-29.356733,52.60103,Q4
-5.6974373,45.35952,Q4
-86.004616,-6.1359463,Q5 (mais caro)
-86.76703,22.051626,Q2
-27.81049,11.968595,Q3
-5.3039637,47.13042,Q3
-46.205513,75.92194,Q5 (mais caro)
-27.552273,34.540607,Q4
2.1232405,44.764538,Q2
26.360064,-102.00964,Q1 (mais barato)
-68.18806,-12.112684,Q3
-30.697191,41.578377,Q3
-83.40065,42.56457,Q5 (mais caro)
-81.03859,-25.114073,Q3
-88.50339,40.68222,Q4
-58.087418,24.158134,Q2
-56.285206,5.2447844,Q4
-75.091675,-32.598183,Q2
27.584032,-98.825424,Q2
-22.114174,35.96087,Q5 (mais caro)
9.092615,62.338932,Q2
16.048439,65.59087,Q4
-91.242905,25.010338,Q4
21.116682,76.23809,Q4
-7.8926864,31.883898,Q4
-80.55129,-26.064272,Q4
-31.722954,0.77596563,Q5 (mais caro)
-88.09817,21.348755,Q2
-6.820337,37.12377,Q3
-53.832874,27.820135,Q3
-54.764626,66.97754,Q5 (mais caro)
-53.054123,70.205635,Q5 (mais caro)
30.780712,68.769424,Q2
-27.42146,10.313858,Q3
-37.12135,86.75822,Q2
26.347324,-102.0039,Q3
-22.265768,18.960423,Q4
-45.49079,73.10463,Q4
-5.361536,47.09372,Q2
-78.75584,20.152166,Q2
36.656017,51.20372,Q4
-14.346073,46.120945,Q3
-80.48189,-52.119804,Q4
22.18897,87.59119,Q4
-44.70286,74.82598,Q4
6.6923995,63.747635,Q4
16.39256,65.47442,Q2
20.203156,49.294514,Q4
-54.193684,21.90443,Q2
10.794343,73.90795,Q3
-24.443012,45.523556,Q5 (mais caro)
13.089746,38.021183,Q5 (mais caro)
-78.60505,1.5140674,Q5 (mais caro)
-14.192163,47.115063,Q4
-14.444968,46.109608,Q2
-68.882835,48.94998,Q5 (mais caro)
-44.75076,74.74587,Q3
19.151443,83.15587,Q5 (mais caro)
0.086507484,41.011864,Q2
-68.95487,48.788708,Q4
-61.872597,30.649355,Q3
-8.569177,51.388794,Q4
11.872435,36.1836,Q3
-55.720844,32.00866,Q4
37.404053,53.540916,Q3
-14.724623,89.87791,Q4
-37.122887,86.76129,Q2
-45.201157,74.46609,Q4
-47.85947,67.23619,Q4
33.579353,-98.633736,Q2
67.27396,62.268322,Q4
-45.228798,74.46513,Q5 (mais caro)
-74.98156,-32.621822,Q2
-79.550446,-51.34019,Q2
-18.74799,63.685974,Q5 (mais caro)
-74.50292,-32.46084,Q2
67.03751,61.183002,Q5 (mais caro)
29.328451,-92.5548,Q2
23.30113,-101.41652,Q5 (mais caro)
19.769472,83.41432,Q3
-53.73532,15.2168,Q4
-37.367348,84.76125,Q4
11.354124,36.860226,Q4
24.567535,-102.44954,Q3
-8.281921,35.357037,Q4
-2.0182312,36.554028,Q5 (mais caro)
-83.68542,-2.1613023,Q4
-66.45503,42.60521,Q3
-54.477962,65.29753,Q5 (mais caro)
-10.807646,41.58832,Q3
25.97408,-99.487885,Q2
-23.584866,33.78291,Q3
14.541509,85.632866,Q4
-5.762377,45.191364,Q3
45.389107,72.79369,Q3
-79.37124,33.375706,Q3
-62.43848,32.13903,Q4
-54.32507,4.58758,Q5 (mais caro)
-54.856983,30.006645,Q4
-22.558662,71.155235,Q4
-7.952302,33.40181,Q5 (mais caro)
-75.649216,28.540672,Q5 (mais caro)
3.1424801,53.80777,Q4
37.41246,49.60519,Q4
-72.77941,38.335217,Q5 (mais caro)
16.911915,51.19801,Q2
33.75937,-92.357925,Q2
-43.475735,5.457541,Q5 (mais caro)
-44.74245,2.7521663,Q4
-54.052624,67.01996,Q4
-78.0923,1.1906909,Q5 (mais caro)
27.839079,-101.13744,Q3
-89.54607,-6.8107433,Q4
-58.760975,9.188934,Q4
-62.301983,-13.944567,Q2
-1.4703269,36.541344,Q4
-79.583115,2.6180446,Q5 (mais caro)
-63.519688,54.104122,Q5 (mais caro)
-5.359437,47.091347,Q3
-13.434925,89.16987,Q2
-89.96164,21.525694,Q2
-74.8796,-32.06468,Q2
-79.3519,-51.558556,Q2
21.189419,-90.2017,Q4
-14.1507435,47.1497,Q3
21.97867,59.512566,Q3
-23.6192,74.22201,Q4
-13.95949,39.035507,Q4
-26.713993,36.089375,Q4
26.251007,-101.931625,Q3
26.356396,-102.007416,Q1 (mais barato)
22.186216,62.092335,Q2
21.362776,51.014797,Q5 (mais caro)
19.927038,49.684723,Q4
-55.503273,31.62081,Q4
-79.719376,-51.661987,Q3
22.363695,49.703304,Q4
-75.942986,-31.084026,Q4
-41.693775,34.624325,Q2
14.451509,40.718533,Q4
-0.78160304,44.24586,Q4
43.9004,69.24296,Q4
-14.537883,45.65131,Q2
-28.811209,35.590263,Q3
-28.313507,69.72329,Q3
-22.745419,77.39643,Q3
20.452625,76.98124,Q4
-0.33213037,41.27144,Q4
-68.94282,48.85808,Q5 (mais caro)
-50.05968,8.597104,Q5 (mais caro)
-75.082985,-32.597248,Q3
-38.96305,52.838955,Q5 (mais caro)
-15.715461,40.34831,Q4
12.514083,70.02902,Q4
-12.9614935,89.207664,Q2
-80.80194,-7.8384647,Q5 (mais caro)
-8.356755,39.28014,Q4
-65.33834,4.2631016,Q3
33.80505,-92.42122,Q2
-88.04631,41.509605,Q4
-8.287973,47.81406,Q4
-70.889786,18.30717,Q4
21.842234,-88.05939,Q3
19.59462,75.44858,Q3
11.175885,24.87341,Q5 (mais caro)
-64.10418,5.590664,Q3
-69.83351,46.84872,Q5 (mais caro)
0.63078755,29.228298,Q3
-79.50851,33.292892,Q3
41.258812,66.98625,Q5 (mais caro)
-17.281012,34.06074,Q5 (mais caro)
-79.62288,-51.679707,Q2
25.971775,-99.486145,Q2
3.30721,39.7367,Q5 (mais caro)
-62.44419,46.662243,Q5 (mais caro)
22.279205,62.064747,Q3
15.808291,88.732635,Q3
-79.84779,-51.622864,Q3
-58.33364,6.21965,Q5 (mais caro)
18.688803,73.401215,Q4
-51.26713,7.4674616,Q5 (mais caro)
-5.7889953,45.25792,Q2
-24.329979,43.981262,Q4
-90.74171,21.43577,Q4
-58.23576,58.6745,Q5 (mais caro)
-67.64601,-3.1766648,Q5 (mais caro)
-8.178304,39.04,Q5 (mais caro)
-81.04803,-25.084383,Q4
-8.542634,51.35754,Q4
-42.53607,82.68262,Q3
-2.7855387,37.86159,Q3
-58.136375,58.438805,Q5 (mais caro)
-75.119156,-31.998707,Q3
30.441528,-102.51724,Q2
-38.653667,27.774738,Q4
-50.99799,7.8283834,Q3
-79.42171,-51.401894,Q2
-79.42171,-51.401894,Q2
21.819004,-88.10826,Q3
-17.535587,62.09388,Q4
45.203663,72.55167,Q5 (mais caro)
24.316504,-91.73727,Q3
-54.003395,67.07858,Q5 (mais caro)
-21.670376,36.011326,Q4
-91.24699,24.749866,Q4
-1.4963793,43.518623,Q4
31.529644,-87.77591,Q2
34.26166,49.371944,Q5 (mais caro)
-20.76207,36.77572,Q4
21.374035,51.049023,Q4
6.6398153,52.404213,Q5 (mais caro)
-11.078599,30.4116,Q4
24.824646,-102.93058,Q2
-61.589233,34.17403,Q4
-53.722324,15.207279,Q2
-63.53938,-12.838755,Q3
15.403977,67.325455,Q2
-28.644833,23.589369,Q3
16.137604,65.26515,Q4
12.826211,39.1095,Q4
35.42242,49.177948,Q5 (mais caro)
35.432003,50.14349,Q4
38.527195,53.699196,Q5 (mais caro)
-48.105118,67.27144,Q5 (mais caro)
23.661394,51.612152,Q2
10.0840225,65.620995,Q2
-86.76703,22.051626,Q3
-89.35019,-6.643108,Q4
-88.21219,41.23342,Q5 (mais caro)
9.932219,22.413847,Q5 (mais caro)
23.903263,87.23989,Q3
-22.585085,75.894875,Q3
-3.7779324,50.00973,Q5 (mais caro)
-40.25216,53.775463,Q5 (mais caro)
-53.95802,28.045656,Q4
-29.648249,68.22871,Q4
-52.25269,11.417472,Q4
-80.10839,3.9960642,Q5 (mais caro)
-74.60519,-32.24787,Q2
-58.04225,24.408928,Q1 (mais barato)
-49.637054,37.86538,Q5 (mais caro)
-16.6875,37.921272,Q4
-28.585505,41.410725,Q4
16.25311,38.229412,Q5 (mais caro)
35.02195,-97.31771,Q3
21.770502,-88.04079,Q3
-45.089615,5.8913746,Q4
-74.78052,-32.11603,Q3
9.990881,72.14735,Q2
-40.022167,12.133205,Q3
-1.4049226,46.68452,Q2
-53.360416,13.468227,Q2
31.379524,-94.98077,Q5 (mais caro)
-51.776764,8.309877,Q5 (mais caro)
9.698199,67.82968,Q3
-91.17155,25.244436,Q4
-66.434616,-3.6443005,Q5 (mais caro)
32.38039,-98.9871,Q2
43.03988,68.8548,Q5 (mais caro)
15.09666,39.32868,Q4
41.292267,67.373604,Q5 (mais caro)
28.753777,-93.65856,Q2
-79.595924,-51.33976,Q3
-39.906143,56.60088,Q5 (mais caro)
24.322426,-91.73577,Q2
-37.12103,86.755844,Q3
-47.794617,49.938736,Q5 (mais caro)
-86.79256,22.286152,Q4
-86.79068,22.002644,Q2
-60.32836,26.94363,Q4
-20.259935,25.04217,Q2
34.297455,53.97019,Q5 (mais caro)
25.940128,-93.88544,Q2
27.599745,42.208206,Q5 (mais caro)
-61.47765,34.36551,Q4
-5.7631836,45.23188,Q3
-73.230606,24.36154,Q4
-1.3963825,46.67644,Q3
-27.552353,57.81088,Q3
-79.7058,-51.36472,Q3
10.58944,35.34029,Q3
36.239395,-98.90326,Q3
-20.706438,37.06102,Q3
21.770422,-88.04093,Q2
-80.480446,-26.169334,Q3
-27.43501,14.413557,Q3
-54.881012,66.77068,Q4
-88.28965,29.385986,Q5 (mais caro)
32.344284,-99.11291,Q3
-64.04186,54.614902,Q5 (mais caro)
-38.186398,65.65654,Q5 (mais caro)
-54.233433,21.817333,Q2
-51.4614,7.4687405,Q5 (mais caro)
-65.38961,6.2083335,Q4
-19.62038,32.80737,Q5 (mais caro)
-88.09136,41.468025,Q4
-91.24254,25.005892,Q4
18.055286,34.325752,Q5 (mais caro)
-63.695965,49.89241,Q5 (mais caro)
-46.76691,40.368443,Q3
-20.706469,37.06092,Q4
21.734337,-88.03438,Q1 (mais barato)
29.579004,82.18015,Q4
21.39822,46.354115,Q5 (mais caro)
-41.627975,18.741625,Q4
34.99705,-97.70871,Q3
-75.9568,-31.064949,Q4
24.123875,44.009895,Q5 (mais caro)
27.062342,64.43116,Q2
-5.6977787,45.359245,Q4
28.410858,-93.00019,Q3
-54.63423,66.9722,Q4
-22.729122,76.66687,Q2
25.943499,-93.88313,Q2
-63.73056,31.061083,Q5 (mais caro)
-63.286243,-13.631946,Q1 (mais barato)
-19.19715,56.504154,Q4
-63.539314,-12.847048,Q1 (mais barato)
25.9443,-93.88238,Q2
29.331491,-92.55314,Q2
-83.78464,-1.3703995,Q5 (mais caro)
-41.914505,17.138403,Q5 (mais caro)
32.380554,-98.98783,Q1 (mais barato)
-37.122692,86.76137,Q2
-25.472656,35.899063,Q5 (mais caro)
-78.75437,20.15331,Q3
26.356297,-102.00807,Q3
26.367472,-102.01346,Q2
-74.611015,-32.249287,Q1 (mais barato)
-86.79012,22.006784,Q2
-22.363287,43.011158,Q5 (mais caro)
15.577726,52.694317,Q4
-55.37726,3.1657398,Q5 (mais caro)
-50.130875,72.51971,Q4
-15.562897,38.42352,Q2
26.18394,26.571325,Q5 (mais caro)
-67.20557,29.572464,Q5 (mais caro)
-79.80565,-51.59086,Q3
-8.833348,35.409046,Q3
-35.072033,62.851555,Q5 (mais caro)
-79.55075,-51.340004,Q3
-54.651833,66.9657,Q4
47.365025,15.712262,Q5 (mais caro)
-83.75749,-1.2371328,Q5 (mais caro)
-86.79005,22.000177,Q2
-75.252914,-32.310673,Q3
-27.349014,35.72371,Q4
-61.021152,35.684044,Q5 (mais caro)
-28.317791,44.004627,Q3
-30.504238,20.642157,Q5 (mais caro)
-86.79022,22.010069,Q2
-67.8605,-11.725032,Q2
-31.284527,64.63131,Q4
-27.750439,40.80041,Q4
-44.321907,-15.391742,Q5 (mais caro)
22.049847,59.618343,Q3
-27.903814,25.160305,Q4
10.733836,19.461311,Q5 (mais caro)
-88.66425,30.15275,Q5 (mais caro)
31.445057,-87.63768,Q3
34.8632,-98.54643,Q3
37.378338,49.43127,Q5 (mais caro)
-57.960495,24.26689,Q3
13.04749,71.71103,Q5 (mais caro)
-43.74565,17.173216,Q4
-79.98991,-51.736298,Q4
10.893419,71.689125,Q4
-54.36653,66.61892,Q3
-80.545074,-26.061684,Q5 (mais caro)
-52.69563,12.834448,Q4
24.615723,45.11687,Q5 (mais caro)
-35.73712,64.79841,Q5 (mais caro)
12.510847,36.59216,Q4
-30.896643,70.1428,Q5 (mais caro)
23.673456,49.702976,Q5 (mais caro)
29.334625,-92.55255,Q2
-50.476383,49.93973,Q5 (mais caro)
-53.083336,13.236799,Q3
32.01064,56.4948,Q1 (mais barato)
29.936573,34.73302,Q5 (mais caro)
44.667255,23.484705,Q4
-26.708488,59.47554,Q3
-29.62162,38.82545,Q5 (mais caro)
0.63541836,38.25031,Q3
-39.42097,29.139513,Q2
-63.540874,-12.848262,Q1 (mais barato)
-77.463936,4.7102246,Q5 (mais caro)
19.90263,75.29988,Q4
21.484331,71.07486,Q3
-60.131104,54.42916,Q5 (mais caro)
-35.35047,1.0113374,Q4
-7.834369,47.496155,Q3
21.763271,62.583115,Q4
-54.606197,21.284073,Q4
-7.97845,33.399868,Q4
-63.540123,-12.838746,Q4
21.784418,-88.03925,Q2
26.47335,27.20897,Q5 (mais caro)
-75.06699,-32.16077,Q3
18.70428,52.764633,Q3
26.395403,-102.02307,Q3
-28.358294,69.43715,Q3
26.40131,-102.02403,Q2
40.152054,34.28055,Q3
-86.79063,22.005484,Q3
-48.106617,67.17525,Q5 (mais caro)
41.44857,54.244366,Q4
-88.44079,41.804432,Q5 (mais caro)
-75.4665,-31.677113,Q3
-34.808395,63.612793,Q4
39.7429,37.578888,Q5 (mais caro)
-79.719376,-51.661987,Q3
-65.38416,6.2078986,Q4
-86.786415,22.02076,Q3
9.759034,23.633379,Q5 (mais caro)
31.529268,-87.77603,Q2
-7.981121,47.548252,Q3
43.9439,23.690393,Q5 (mais caro)
-52.226337,18.781399,Q2
18.789045,71.67873,Q2
20.13943,47.507175,Q4
21.742952,-88.037506,Q3
7.948936,27.008167,Q5 (mais caro)
-36.728676,27.670649,Q5 (mais caro)
47.590794,70.66208,Q4
-22.584717,75.89758,Q3
16.959639,89.980545,Q4
-74.539,-32.33714,Q1 (mais barato)
-81.98738,39.06501,Q5 (mais caro)
10.259468,23.397501,Q5 (mais caro)
-87.122086,21.854729,Q3
28.623892,-93.0162,Q3
-58.487717,19.936857,Q4
29.863937,74.128494,Q3
29.333242,-92.55361,Q2
-12.939022,89.18815,Q3
1.8308967,27.28172,Q3
28.807486,-92.887474,Q4
27.36366,72.57751,Q3
-79.80565,-51.59086,Q3
-61.45075,34.452915,Q4
-90.735306,21.427147,Q3
26.287745,-101.963844,Q3
10.360198,74.088905,Q5 (mais caro)
5.218142,66.2296,Q4
20.49338,-88.317726,Q3
-12.953589,89.200584,Q3
-86.78786,22.018248,Q3
-11.17158,87.801735,Q5 (mais caro)
-36.91818,48.258015,Q5 (mais caro)
19.560675,70.670815,Q4
-67.14269,-2.9710238,Q5 (mais caro)
-63.207127,55.33277,Q5 (mais caro)
-29.342028,23.955662,Q3
-40.298,15.890598,Q5 (mais caro)
38.502884,53.449013,Q3
-10.000617,35.85461,Q4
-79.37769,-51.56464,Q1 (mais barato)
-75.95656,5.677959,Q5 (mais caro)
23.975048,88.68351,Q4
-54.98682,65.153305,Q5 (mais caro)
30.526628,-102.45311,Q2
-36.15997,29.62242,Q5 (mais caro)
15.73636,58.47314,Q2
-40.279892,56.635017,Q5 (mais caro)
25.950876,-101.68484,Q5 (mais caro)
-74.79028,-32.60436,Q1 (mais barato)
-20.782078,36.761208,Q3
9.804662,23.629992,Q5 (mais caro)
-90.71875,21.412806,Q2
-75.25392,-32.242523,Q4
-86.78099,22.20397,Q4
9.878236,22.214266,Q5 (mais caro)
8.3897085,19.271376,Q5 (mais caro)
-87.621254,21.56736,Q3
16.755503,35.834316,Q5 (mais caro)
-27.947783,43.816616,Q3
5.2687626,66.352646,Q5 (mais caro)
-16.87851,34.25508,Q5 (mais caro)
-54.675156,66.50277,Q4
-22.588154,75.881645,Q3
-75.85851,-31.164179,Q5 (mais caro)
-28.31629,44.035164,Q3
21.332298,-90.10758,Q5 (mais caro)
-9.445859,45.839046,Q5 (mais caro)
-55.42,39.719105,Q5 (mais caro)
29.909695,32.629997,Q5 (mais caro)
-29.7473,38.82268,Q4
28.775198,-92.88735,Q4
-89.50405,-6.7500043,Q4
-22.28683,63.358265,Q5 (mais caro)
-22.783735,76.02838,Q2
-88.27035,29.366388,Q5 (mais caro)
-66.165825,9.037207,Q5 (mais caro)
-27.135935,15.165489,Q5 (mais caro)
13.696466,70.543365,Q5 (mais caro)
-19.557993,54.823208,Q5 (mais caro)
-14.137963,-81.9032,Q1 (mais barato)
-74.99379,-32.62683,Q1 (mais barato)
-51.70919,4.386677,Q5 (mais caro)
-45.2007,75.700195,Q3
-64.11259,50.72791,Q5 (mais caro)
-46.11036,72.37235,Q5 (mais caro)
-78.85584,1.7845527,Q5 (mais caro)
-80.5528,-26.086952,Q5 (mais caro)
-14.430448,-81.93082,Q1 (mais barato)
23.096106,48.624374,Q5 (mais caro)
41.447662,54.244564,Q4
-79.636475,-51.3446,Q3
-15.759312,40.31423,Q5 (mais caro)
-89.88823,21.531796,Q2
-25.844639,39.83642,Q4
23.971685,61.872482,Q2
-87.800064,42.127655,Q5 (mais caro)
23.591923,49.72359,Q4
17.700869,66.297165,Q2
23.241592,50.10421,Q4
-20.134209,61.449036,Q4
10.275321,23.392109,Q5 (mais caro)
36.386417,50.489517,Q5 (mais caro)
-21.765207,37.541054,Q5 (mais caro)
-42.350056,27.697248,Q4
38.739822,52.329174,Q4
27.551882,-102.1142,Q2
-14.480161,38.771824,Q3
24.099632,43.873596,Q5 (mais caro)
-0.3869041,27.363674,Q4
28.24245,24.325994,Q5 (mais caro)
29.33737,-92.55335,Q2
-86.789955,22.01315,Q3
39.791996,52.1742,Q4
-0.95817363,39.413193,Q3
-79.330215,-51.544777,Q2
9.987721,23.594097,Q5 (mais caro)
-66.7208,29.514557,Q5 (mais caro)
11.731369,22.223425,Q5 (mais caro)
-38.86055,34.795273,Q4
25.275496,60.529755,Q4
-75.57069,-31.528797,Q5 (mais caro)
-60.55755,54.034035,Q5 (mais caro)
-40.868122,8.532705,Q5 (mais caro)
31.424335,35.695152,Q5 (mais caro)
19.237524,35.275707,Q5 (mais caro)
26.38608,-102.02036,Q3
-36.28014,86.54388,Q3
37.04613,52.7173,Q4
42.90915,-82.82033,Q4
-86.81594,23.018494,Q5 (mais caro)
-64.23315,51.64343,Q5 (mais caro)
-27.78788,24.843182,Q5 (mais caro)
-23.516914,39.76234,Q5 (mais caro)
-58.696407,22.182497,Q2
-42.900833,18.326233,Q4
-81.05865,-24.907715,Q4
-88.18638,41.26733,Q4
-52.48965,71.11156,Q3
-49.157955,19.201326,Q5 (mais caro)
-45.537964,44.63443,Q3
-81.0579,-25.04754,Q4
-91.23853,24.968327,Q3
-74.416466,6.8148327,Q5 (mais caro)
26.297617,-101.97134,Q3
-8.181347,39.06332,Q4
-54.603382,21.292263,Q3
-54.603764,21.290854,Q3
1.6335672,30.074198,Q3
-41.588936,41.73873,Q2
-7.8540707,32.108982,Q5 (mais caro)
-24.552519,45.628532,Q5 (mais caro)
-79.705765,-51.36467,Q3
-73.62612,-3.5510364,Q5 (mais caro)
34.688393,54.237267,Q4
21.816805,-88.03664,Q2
34.724575,54.262947,Q4
-8.529102,49.595173,Q3
-15.262894,32.56913,Q5 (mais caro)
-83.67868,-2.2573361,Q3
32.46562,56.42368,Q4
4.4971843,50.762608,Q3
-54.151894,16.126656,Q5 (mais caro)
39.684937,66.791565,Q5 (mais caro)
-83.36266,42.303837,Q5 (mais caro)
-22.727121,76.66868,Q1 (mais barato)
-54.2223,21.818354,Q4
21.81681,-88.0366,Q4
-24.408836,43.806095,Q5 (mais caro)
41.443027,54.22863,Q4
-69.257286,48.329426,Q4
-54.34007,66.12036,Q5 (mais caro)
-14.260799,31.876518,Q5 (mais caro)
-80.9091,-7.80799,Q5 (mais caro)
-81.043724,-25.104963,Q5 (mais caro)
-5.3660407,50.96528,Q5 (mais caro)
21.817797,-88.037926,Q3
31.097723,-88.20352,Q2
-59.45396,49.398773,Q5 (mais caro)
-27.198189,35.27014,Q5 (mais caro)
-19.43365,55.251167,Q4
-55.59558,62.977043,Q5 (mais caro)
-45.417118,73.20955,Q4
29.177406,82.67249,Q5 (mais caro)
40.207413,37.1354,Q5 (mais caro)
-88.03201,21.37485,Q4
-11.110518,36.470837,Q5 (mais caro)
37.457447,53.46699,Q4
-81.043724,-25.104963,Q5 (mais caro)
10.090845,22.31507,Q5 (mais caro)
17.869404,36.64055,Q5 (mais caro)
46.848656,66.6654,Q1 (mais barato)
-83.01586,-15.470816,Q1 (mais barato)
-83.26835,-14.368921,Q2
-48.78313,37.049644,Q2
-48.93907,47.74052,Q2
14.736827,34.61691,Q2
5.0726604,66.02449,Q2
-80.40729,-13.978209,Q2
-83.284676,-14.339096,Q1 (mais barato)
-18.972353,69.13733,Q2
-45.303463,77.8764,Q3
-47.578465,16.58753,Q4
-18.9811,69.12758,Q2
-74.29672,-3.552491,Q4
-39.456684,32.365646,Q3
3.1617446,54.04862,Q2
-48.83652,41.032024,Q2
-46.74712,37.221,Q2
-58.3174,6.1673074,Q2
-38.094036,52.500523,Q2
14.62584,34.61423,Q2
30.433756,36.454514,Q5 (mais caro)
-83.24765,-14.387061,Q2
13.525895,36.717457,Q3
-83.282074,-14.248966,Q4
-83.0104,-15.483173,Q2
-85.042595,-11.201007,Q2
-48.740765,70.0361,Q2
-48.74253,70.03518,Q2
40.9871,73.55764,Q2
-22.729132,61.887924,Q3
14.736858,34.616894,Q1 (mais barato)
-45.17942,77.640526,Q1 (mais barato)
-62.809906,27.91127,Q2
-64.54626,-5.2664404,Q2
-27.54238,17.147675,Q2
23.147127,86.61406,Q3
21.514471,48.242535,Q3
-47.858414,47.097973,Q2
-20.53375,24.371117,Q3
-85.324165,-11.175674,Q2
-24.848448,55.480022,Q2
-81.13873,-3.0247297,Q3
-83.2864,-14.317643,Q3
-76.52661,32.229065,Q2
-44.793587,2.5874562,Q2
-43.58796,17.20967,Q3
16.174215,53.83374,Q3
-65.07893,11.282994,Q3
-76.50394,32.234657,Q2
-27.462696,33.332115,Q4
-32.12885,9.415605,Q5 (mais caro)
15.234489,33.649265,Q2
-62.53565,16.863008,Q2
-83.013374,-15.481431,Q1 (mais barato)
-25.885193,24.35485,Q3
-39.96987,57.104702,Q5 (mais caro)
46.915825,67.79216,Q2
-37.832066,50.31574,Q4
-52.06568,66.6506,Q3
-76.861145,28.352364,Q4
-58.52621,6.3563824,Q5 (mais caro)
-48.926006,47.73328,Q2
20.270048,-96.155304,Q5 (mais caro)
-22.641539,71.141624,Q1 (mais barato)
-8.272051,87.39089,Q2
-8.570783,87.72456,Q1 (mais barato)
-40.12448,12.195502,Q2
-7.0314965,87.63302,Q2
-41.35088,53.82597,Q5 (mais caro)
-12.870069,48.79411,Q3
-65.23248,-3.9630492,Q3
-77.71008,-49.76527,Q3
-17.068268,57.070927,Q3
-20.88044,22.648169,Q2
43.388004,-82.051636,Q3
-83.27046,-13.49284,Q3
-46.755947,37.21043,Q2
21.833666,62.69213,Q4
-49.530125,48.825283,Q3
-83.28052,-14.277765,Q2
-21.521343,19.058249,Q1 (mais barato)
-51.43122,73.51859,Q3
-77.433914,-38.039177,Q2
-76.45481,31.901749,Q3
-56.27607,3.6539855,Q5 (mais caro)
40.686474,36.336926,Q5 (mais caro)
35.92444,50.80751,Q3
-69.85415,45.696167,Q5 (mais caro)
-38.05519,44.436443,Q2
-48.946777,47.74152,Q3
-17.434534,60.199074,Q4
-48.953556,47.745018,Q3
-85.33,-11.136282,Q4
-76.533226,32.21504,Q2
-45.158722,77.45578,Q4
-21.521694,19.056665,Q1 (mais barato)
-85.323654,-11.130239,Q2
-35.635864,31.80214,Q4
-43.53069,17.20528,Q3
-36.77219,1.6752137,Q2
-62.780823,27.9419,Q2
-76.87366,28.347363,Q3
-85.33003,-11.136115,Q2
20.745554,-96.66566,Q5 (mais caro)
20.834427,75.28422,Q3
31.32878,73.124825,Q1 (mais barato)
-79.921616,-2.7341464,Q3
-21.875528,19.179087,Q3
-54.727,29.994833,Q3
-77.70632,-49.800148,Q3
-2.4397697,35.55444,Q2
40.362656,36.49583,Q5 (mais caro)
-45.25122,77.80391,Q2
-83.25316,-13.845226,Q3
-2.4737341,36.574085,Q3
-45.15995,6.4564023,Q4
-53.02267,22.582102,Q2
-74.85226,32.633045,Q3
-22.950346,63.535797,Q5 (mais caro)
-82.925865,29.283318,Q3
1.6173159,54.92413,Q3
-48.63706,50.48937,Q4
-70.719025,18.2234,Q2
-48.6023,66.984764,Q5 (mais caro)
10.971842,24.890003,Q5 (mais caro)
-64.55508,-5.2611995,Q2
-34.424015,23.276924,Q5 (mais caro)
-5.062528,32.33683,Q2
8.084601,67.24455,Q2
-44.858273,2.3362048,Q3
-6.6006327,87.579926,Q3
-25.391962,25.818228,Q2
10.377587,35.009766,Q4
-76.71557,31.997765,Q3
-65.392456,-3.896465,Q4
-47.832787,49.888012,Q4
22.317152,-98.161095,Q5 (mais caro)
-49.077538,47.735813,Q4
-50.273308,8.215613,Q3
30.450788,70.81519,Q3
-5.0008736,48.421158,Q2
-26.516954,68.11788,Q5 (mais caro)
-36.284233,32.364872,Q2
-22.742046,45.642696,Q5 (mais caro)
-83.28158,-14.278277,Q4
13.764231,71.83477,Q4
23.277933,86.5018,Q4
19.129631,-90.358246,Q5 (mais caro)
-15.535978,32.145775,Q3
-65.62089,10.119414,Q4
-7.1526527,33.394276,Q5 (mais caro)
-40.849438,67.05114,Q3
-83.259735,-14.02653,Q5 (mais caro)
-85.53799,-10.4527025,Q4
-49.932407,40.764282,Q5 (mais caro)
-40.413616,12.605267,Q2
-47.33266,48.0893,Q4
-77.43337,-38.038643,Q3
-35.83253,83.14362,Q2
14.178312,71.550285,Q4
11.253915,64.116714,Q4
-83.28461,-14.328246,Q4
-72.88302,42.80956,Q5 (mais caro)
39.601013,51.078197,Q4
-0.5472052,27.072073,Q2
-82.94142,27.112835,Q5 (mais caro)
-62.348465,31.89059,Q3
-21.239656,63.33239,Q4
29.016531,76.941025,Q4
22.286196,59.02743,Q5 (mais caro)
-42.355675,66.95277,Q5 (mais caro)
-25.00682,32.491745,Q5 (mais caro)
30.34179,37.04223,Q5 (mais caro)
-51.436184,73.243385,Q2
-34.90743,29.344168,Q5 (mais caro)
-83.26437,-13.614675,Q3
-83.46056,28.618237,Q2
-82.97762,26.728504,Q3
-27.283354,12.659904,Q4
-23.06982,63.568684,Q5 (mais caro)
-36.096237,83.5593,Q3
-48.973675,47.746902,Q3
-67.69432,-10.071348,Q4
-73.71898,45.110153,Q5 (mais caro)
-68.94103,46.43101,Q5 (mais caro)
-76.73337,32.016914,Q2
24.871254,60.77778,Q5 (mais caro)
-24.20513,72.15331,Q1 (mais barato)
-54.934765,23.963308,Q3
-27.347717,69.41464,Q4
-58.85919,51.826515,Q5 (mais caro)
-18.440859,66.74398,Q3
-16.448635,62.8986,Q2
33.67072,36.575413,Q1 (mais barato)
-60.12328,59.486057,Q5 (mais caro)
-53.648643,6.145564,Q4
39.191864,53.543446,Q2
-84.956406,-11.199484,Q3
-25.895977,24.439701,Q4
-72.9095,42.861183,Q5 (mais caro)
-79.906044,-2.6782858,Q5 (mais caro)
-83.00624,-15.498224,Q1 (mais barato)
13.180214,55.954998,Q5 (mais caro)
-23.278603,53.644295,Q4
-40.392574,8.847909,Q4
-77.42568,-38.045284,Q1 (mais barato)
-27.326815,67.92967,Q4
29.49987,-91.80887,Q2
-60.22569,59.331474,Q5 (mais caro)
-69.54316,42.86531,Q3
-6.7285743,87.72906,Q4
-27.364437,14.573148,Q3
-17.69905,55.715797,Q3
-45.18491,77.632545,Q3
-19.75372,22.245981,Q4
23.714264,27.508686,Q5 (mais caro)
35.54861,46.294292,Q5 (mais caro)
-77.55606,21.518536,Q4
-53.268547,30.837627,Q4
-25.930836,26.116692,Q5 (mais caro)
28.818447,25.1083,Q5 (mais caro)
-38.81114,56.888172,Q4
-90.96985,19.614235,Q2
-31.773237,16.643534,Q3
-21.921558,37.290306,Q3
8.564029,62.987194,Q4
21.796417,62.620934,Q4
-0.47915754,26.003586,Q2
-8.28471,87.65572,Q3
27.470362,76.352394,Q4
21.56831,52.33931,Q5 (mais caro)
-20.15048,61.491817,Q5 (mais caro)
-76.90661,4.6381364,Q5 (mais caro)
-85.30727,-11.128808,Q5 (mais caro)
29.504093,-91.81264,Q2
44.915806,22.452105,Q4
9.002118,23.93841,Q5 (mais caro)
-46.75697,37.21223,Q5 (mais caro)
9.635078,25.558361,Q5 (mais caro)
-27.711264,12.173897,Q2
32.94147,35.874435,Q3
-83.276665,-14.21209,Q4
-8.042671,87.34981,Q3
-24.32045,23.71692,Q2
-83.44342,28.654188,Q4
31.26535,37.371124,Q5 (mais caro)
32.703697,56.457664,Q4
30.111525,32.371582,Q5 (mais caro)
-8.314637,30.939505,Q5 (mais caro)
-56.258636,53.707386,Q5 (mais caro)
-62.498096,47.359398,Q5 (mais caro)
-50.230175,49.798695,Q5 (mais caro)
-36.111084,83.49058,Q2
-80.616486,-2.9860241,Q5 (mais caro)
40.97898,73.55408,Q4
-26.709888,66.82641,Q4
-75.6237,5.3567343,Q5 (mais caro)
36.837208,49.744556,Q4
22.132524,63.170128,Q5 (mais caro)
13.922408,41.246708,Q4
-82.94331,27.108694,Q5 (mais caro)
45.170525,23.107235,Q5 (mais caro)
-12.013854,30.106829,Q5 (mais caro)
1.3713642,44.02494,Q3
-37.899952,27.499102,Q4
-2.072128,34.608707,Q4
-80.62313,-2.999244,Q5 (mais caro)
-0.17876798,23.678873,Q4
-35.492874,31.42102,Q5 (mais caro)
18.009016,38.56905,Q5 (mais caro)
6.13229,32.77222,Q4
-69.3841,45.969048,Q5 (mais caro)
10.888252,71.435074,Q5 (mais caro)
-15.499703,32.21495,Q4
10.666855,21.12319,Q5 (mais caro)
42.49083,-82.247635,Q2
11.086405,24.755821,Q5 (mais caro)
-76.53672,2.364861,Q5 (mais caro)
-75.384865,5.5296526,Q5 (mais caro)
19.43353,36.154152,Q5 (mais caro)
-49.245506,42.536453,Q3
66.93069,62.157368,Q4
-54.31462,4.5976667,Q5 (mais caro)
22.141409,80.82589,Q4
-52.241745,11.472444,Q5 (mais caro)
-28.08829,53.64311,Q5 (mais caro)
-27.148098,18.388012,Q4
8.3478985,21.854078,Q5 (mais caro)
-3.805354,37.53691,Q5 (mais caro)
15.293963,69.574165,Q4
34.420864,49.13767,Q5 (mais caro)
-18.349852,33.114044,Q5 (mais caro)
-21.094336,33.07953,Q5 (mais caro)
-31.891788,21.178865,Q5 (mais caro)
36.58809,48.970585,Q5 (mais caro)
-75.506134,6.46175,Q5 (mais caro)
-60.43882,48.97507,Q5 (mais caro)
16.100203,37.694786,Q5 (mais caro)
-82.27088,-12.566918,Q5 (mais caro)
-29.368372,19.553146,Q5 (mais caro)
31.80388,74.30599,Q5 (mais caro)
-80.62351,-2.999373,Q5 (mais caro)
-52.068615,66.6597,Q5 (mais caro)
24.137312,50.817253,Q5 (mais caro)
-63.6812,54.78799,Q5 (mais caro)
29.578869,32.727814,Q5 (mais caro)
23.69832,27.447916,Q5 (mais caro)
-80.62418,-2.8166578,Q5 (mais caro)
-28.00434,53.631477,Q5 (mais caro)
-37.36987,3.8002672,Q4
32.03868,66.810455,Q4
-61.368164,57.81259,Q5 (mais caro)
14.192863,37.997936,Q5 (mais caro)
-21.962416,32.641777,Q4
30.579517,36.17698,Q5 (mais caro)
-55.955654,63.98615,Q5 (mais caro)
40.716072,36.654793,Q5 (mais caro)
-64.53228,12.646991,Q5 (mais caro)
-64.520966,12.659568,Q5 (mais caro)
14.159256,85.59254,Q5 (mais caro)
-56.800705,61.90659,Q5 (mais caro)
6.2507176,20.64446,Q5 (mais caro)
-40.26775,13.312415,Q5 (mais caro)
30.737371,70.11354,Q4
-80.726616,5.0558863,Q5 (mais caro)
-21.282215,58.744778,Q2
-69.435974,45.987648,Q5 (mais caro)
14.334387,87.9684,Q2
-36.181343,29.78224,Q5 (mais caro)
-39.542946,34.18213,Q2
-76.72598,4.1071596,Q5 (mais caro)
15.714913,39.515095,Q5 (mais caro)
-12.841852,49.02028,Q4
-38.985603,18.375143,Q5 (mais caro)
-61.053844,54.0092,Q5 (mais caro)
30.58429,36.013588,Q5 (mais caro)
9.69927,23.647816,Q5 (mais caro)
45.2331,23.041216,Q4
-75.60558,2.3707142,Q5 (mais caro)
15.482524,33.638103,Q5 (mais caro)
-60.741726,58.664566,Q5 (mais caro)
-82.43974,42.20998,Q5 (mais caro)
-80.40461,-13.922471,Q2
-64.07848,50.801266,Q5 (mais caro)
-81.24924,3.5130079,Q5 (mais caro)
-62.22563,47.645214,Q5 (mais caro)
48.032368,69.893715,Q5 (mais caro)
-40.1296,12.209582,Q4
42.826885,24.084862,Q5 (mais caro)
-36.912663,48.095993,Q4
24.063114,62.057312,Q5 (mais caro)
-61.442757,48.48898,Q5 (mais caro)
19.215633,36.37597,Q5 (mais caro)
8.071483,18.947016,Q5 (mais caro)
-55.80786,64.29163,Q5 (mais caro)
-76.991165,6.9743776,Q5 (mais caro)
-22.450249,33.35001,Q5 (mais caro)
10.393417,21.852049,Q5 (mais caro)
-24.509436,38.36558,Q5 (mais caro)
18.08025,40.907005,Q5 (mais caro)
18.917072,33.905056,Q5 (mais caro)
19.00338,35.670704,Q5 (mais caro)
29.660973,36.55449,Q5 (mais caro)
-58.291134,58.875397,Q5 (mais caro)
29.506096,-91.813545,Q1 (mais barato)
-80.617775,3.5619879,Q5 (mais caro)
-59.39068,49.383965,Q5 (mais caro)
-84.03374,23.783525,Q1 (mais barato)
-52.36558,66.40783,Q5 (mais caro)
-58.668434,50.16588,Q5 (mais caro)
-48.729485,65.80889,Q5 (mais caro)
31.253231,73.14269,Q3
9.922374,25.746216,Q5 (mais caro)
-61.29777,48.490894,Q5 (mais caro)
-62.074177,47.82474,Q5 (mais caro)
21.101961,-96.88255,Q5 (mais caro)
-74.836914,32.641106,Q5 (mais caro)
-55.097057,15.343406,Q5 (mais caro)
-48.922764,66.23457,Q5 (mais caro)
39.683914,37.535656,Q5 (mais caro)
-26.269003,27.597677,Q5 (mais caro)
-50.68684,18.788496,Q5 (mais caro)
11.62303,20.876085,Q5 (mais caro)
7.961111,68.40116,Q4
11.547934,75.969086,Q5 (mais caro)
26.20382,80.02728,Q5 (mais caro)
-60.096996,54.42555,Q5 (mais caro)
19.22065,38.464455,Q5 (mais caro)
30.713833,79.7652,Q5 (mais caro)
10.668009,21.65273,Q5 (mais caro)
25.937683,81.38755,Q5 (mais caro)
-76.99223,4.888886,Q5 (mais caro)
-40.36797,8.899003,Q5 (mais caro)
40.555363,36.69614,Q5 (mais caro)
-66.79241,29.511623,Q5 (mais caro)
26.904991,82.213165,Q5 (mais caro)
-26.300035,57.726765,Q4
-22.291079,32.967793,Q4
23.339407,27.925644,Q5 (mais caro)
30.028461,34.390118,Q5 (mais caro)
32.811367,35.438194,Q4
-36.239376,32.25033,Q5 (mais caro)
-42.146202,13.725046,Q3
10.228044,25.798815,Q5 (mais caro)
-25.713182,30.394222,Q5 (mais caro)
39.17718,37.59194,Q5 (mais caro)
25.7182,-99.402,Q5 (mais caro)
28.967222,24.637804,Q5 (mais caro)
-61.105145,48.649857,Q5 (mais caro)
-57.969498,51.447624,Q5 (mais caro)
-56.939953,50.8116,Q5 (mais caro)
29.560303,32.646168,Q5 (mais caro)
6.296186,30.747532,Q5 (mais caro)
14.1031475,86.69407,Q5 (mais caro)
29.721443,36.520023,Q5 (mais caro)
-55.882088,15.31271,Q5 (mais caro)
-76.193375,6.0822997,Q5 (mais caro)
40.192482,36.750237,Q5 (mais caro)
-66.10388,9.285228,Q5 (mais caro)
-56.850384,50.82092,Q5 (mais caro)
-61.009995,48.663013,Q5 (mais caro)
9.394993,21.224632,Q5 (mais caro)
10.687458,20.829193,Q5 (mais caro)
-76.83074,7.4476566,Q5 (mais caro)
18.836897,86.5015,Q5 (mais caro)
-0.08279668,22.006872,Q5 (mais caro)
-58.59018,58.50107,Q5 (mais caro)
-61.42319,57.726658,Q5 (mais caro)
-62.196373,56.447647,Q5 (mais caro)
-83.275024,-14.195526,Q4
0.9951501,46.437214,Q5 (mais caro)
22.48667,58.45684,Q5 (mais caro)
18.223936,38.77438,Q5 (mais caro)
28.631395,34.664642,Q5 (mais caro)
-50.46337,50.498295,Q5 (mais caro)
19.567194,39.053505,Q5 (mais caro)
-49.15636,52.7704,Q5 (mais caro)
17.856874,38.342056,Q5 (mais caro)
-62.467888,56.213936,Q5 (mais caro)
-64.028564,51.097095,Q5 (mais caro)
18.34903,37.661278,Q5 (mais caro)
-56.411827,58.555706,Q5 (mais caro)
19.18672,38.319546,Q5 (mais caro)
-62.426975,56.21346,Q5 (mais caro)
19.287973,88.87317,Q5 (mais caro)
-52.017986,-5.69096,Q2
-79.920616,-2.7092407,Q5 (mais caro)
-64.55538,-5.261343,Q2
28.984097,24.49792,Q2
-77.86522,27.210806,Q3
-69.267105,45.685005,Q5 (mais caro)
-45.314514,77.864876,Q4
21.325163,68.586784,Q4
-5.1391325,37.588646,Q3
25.153206,-98.43945,Q3
-20.00185,16.877825,Q3
-58.333706,6.203438,Q2
-39.916115,12.254395,Q3
-91.06068,-18.570974,Q2
-46.462402,79.73748,Q2
-18.5396,66.56998,Q3
-91.10108,-18.602842,Q2
-58.26433,6.1326046,Q3
-37.941437,27.522598,Q3
-47.62861,47.03614,Q3
-47.621796,47.034348,Q2
-58.198933,-8.553903,Q2
-64.515724,-7.8766212,Q3
-26.782621,71.14726,Q1 (mais barato)
-49.000572,9.707939,Q3
-88.20534,-11.274882,Q1 (mais barato)
-93.52225,33.157215,Q2
-91.07588,-18.587345,Q2
-92.67794,34.021034,Q2
27.3785,64.12595,Q3
-45.954002,71.08354,Q2
-88.20647,-11.280183,Q1 (mais barato)
-68.99087,18.056263,Q2
-82.449936,40.804832,Q3
26.50931,79.1893,Q3
-9.249374,86.81795,Q2
-49.39184,9.155877,Q3
-24.660206,73.75746,Q2
-46.46256,79.737595,Q2
68.082565,61.414074,Q2
22.605667,-92.465096,Q4
45.232204,22.769825,Q3
-77.89913,-10.911342,Q3
-39.34279,12.738477,Q3
-26.768463,71.17562,Q1 (mais barato)
-37.86511,50.252266,Q2
22.060108,-90.383255,Q2
-4.5690365,49.2726,Q1 (mais barato)
33.025078,35.684677,Q3
-64.87293,10.335092,Q2
-74.80203,35.731956,Q2
-90.9857,-18.446424,Q3
-64.08256,9.24093,Q3
-48.354,48.11237,Q3
-26.767939,71.16714,Q1 (mais barato)
-78.881546,-3.6151478,Q3
-91.21052,-19.675526,Q3
-58.611362,11.179655,Q3
-5.7514296,45.23233,Q2
-92.66694,34.019325,Q3
-88.21836,-11.299192,Q3
-64.87249,10.335836,Q2
-47.922585,66.62472,Q5 (mais caro)
-88.37456,-11.330303,Q3
-50.044537,69.5447,Q4
-92.75361,34.296173,Q2
32.891777,37.048965,Q3
-69.92482,45.940624,Q5 (mais caro)
-26.100857,53.63083,Q5 (mais caro)
-26.789103,71.31415,Q2
19.758211,83.26067,Q3
-63.01844,12.050263,Q4
-61.317207,25.189562,Q3
3.846093,54.250523,Q3
22.241869,62.088387,Q2
-49.45552,77.45254,Q3
40.098915,34.34524,Q3
-54.966133,15.878884,Q3
-51.62452,23.53031,Q1 (mais barato)
4.492363,45.319973,Q2
-93.51859,33.160732,Q2
-34.5694,64.0043,Q3
-22.29111,59.37939,Q2
-24.411451,39.843327,Q4
-61.329933,25.675095,Q3
-64.57885,11.171723,Q3
-24.274805,24.37565,Q3
-47.154537,79.31295,Q3
-5.2364345,47.205486,Q1 (mais barato)
17.109547,90.003235,Q4
-20.5709,62.229294,Q3
-7.0683546,88.035095,Q3
-63.120148,29.305046,Q2
-55.196682,15.598577,Q4
-45.570354,6.979908,Q2
-93.73395,32.913986,Q3
25.96986,81.4167,Q5 (mais caro)
-24.922506,73.27574,Q2
-88.221565,-11.2753,Q2
2.2416544,44.674618,Q2
-9.138967,87.167725,Q3
-56.29666,5.2700925,Q3
-10.985764,41.275875,Q3
-48.176365,48.488335,Q1 (mais barato)
-37.23116,33.302666,Q1 (mais barato)
-37.755474,69.41881,Q2
-42.43471,69.83291,Q3
-63.287132,29.536726,Q2
-90.93733,-18.38583,Q3
-71.55393,38.5531,Q5 (mais caro)
-74.88491,35.592407,Q1 (mais barato)
-48.38906,48.136353,Q4
26.576942,63.935074,Q3
-85.18053,19.399355,Q1 (mais barato)
-49.89952,18.861124,Q3
-92.59387,33.99108,Q2
-26.298073,57.88347,Q1 (mais barato)
-27.76913,24.514574,Q3
-93.5124,33.167767,Q2
-64.87254,10.335984,Q3
-62.13144,28.770939,Q3
-40.429085,8.868514,Q3
-51.61927,23.516006,Q3
-1.7493154,19.383995,Q3
-46.48753,79.7346,Q4
-34.332996,64.32464,Q4
-52.082973,4.7853613,Q5 (mais caro)
-64.47713,27.480564,Q4
-22.576975,33.409523,Q5 (mais caro)
5.7724767,52.66417,Q3
-49.735054,38.043568,Q5 (mais caro)
-47.62861,47.03614,Q3
-12.830342,89.82565,Q1 (mais barato)
6.205097,64.49917,Q4
-37.53208,69.28171,Q2
6.2345285,30.958303,Q5 (mais caro)
-88.20503,-11.27651,Q5 (mais caro)
-49.543198,77.32842,Q2
31.8086,36.25919,Q4
24.81466,87.17224,Q5 (mais caro)
-32.83679,31.131138,Q4
-31.176403,16.234985,Q1 (mais barato)
-50.153713,18.879187,Q4
-58.162888,19.486698,Q2
-54.207687,16.070135,Q3
-25.00647,73.185196,Q2
-49.05292,9.710163,Q3
-92.63001,34.0027,Q3
-54.2737,10.025699,Q4
-24.771023,73.71969,Q1 (mais barato)
-40.25398,13.475737,Q5 (mais caro)
-40.073997,52.442505,Q5 (mais caro)
-34.362083,64.371376,Q3
-48.24733,48.360584,Q1 (mais barato)
-12.828225,89.82352,Q1 (mais barato)
-77.38708,21.514519,Q4
15.6890545,37.93666,Q5 (mais caro)
3.9286644,50.312733,Q3
7.977027,18.871416,Q4
-49.861996,18.974045,Q4
32.148403,36.590374,Q5 (mais caro)
23.846615,87.35272,Q2
-28.772892,15.851148,Q3
-77.0186,21.796663,Q4
-62.548542,16.807919,Q4
-78.485275,-3.149157,Q4
22.301214,63.504665,Q3
-26.829548,71.32201,Q2
-46.88356,79.539276,Q1 (mais barato)
-92.78135,34.46653,Q1 (mais barato)
32.91052,36.838867,Q4
-68.76999,17.987947,Q4
-11.609527,44.480534,Q3
-24.764862,73.71653,Q1 (mais barato)
-64.17194,9.353092,Q3
-39.20526,29.50696,Q3
-49.45453,49.202744,Q5 (mais caro)
38.775295,51.38943,Q3
26.611,26.097496,Q4
-22.510592,35.880795,Q4
-63.847286,9.70892,Q4
-78.05184,-3.404564,Q4
23.127691,-94.70867,Q5 (mais caro)
42.79589,69.0429,Q5 (mais caro)
13.377437,71.56793,Q2
-49.787876,18.935091,Q4
-71.113174,39.30731,Q4
-91.18967,-18.647182,Q1 (mais barato)
-51.511166,23.697847,Q3
45.784653,74.46691,Q1 (mais barato)
-29.702192,18.852413,Q5 (mais caro)
-68.34177,1.5853361,Q5 (mais caro)
-64.414215,12.367826,Q4
-27.210823,14.781852,Q4
10.364425,19.407969,Q5 (mais caro)
-8.316969,88.16092,Q4
-74.257416,33.63148,Q5 (mais caro)
-58.162685,19.48718,Q1 (mais barato)
-31.194214,16.386778,Q2
-64.56771,11.209801,Q4
-38.913258,29.5459,Q4
47.836044,68.196434,Q4
-43.073273,17.19788,Q4
11.183838,75.442986,Q5 (mais caro)
-64.41308,12.36988,Q5 (mais caro)
-55.680023,63.51285,Q5 (mais caro)
-48.142944,51.033447,Q4
-63.05589,15.574265,Q5 (mais caro)
29.128057,66.72136,Q4
-6.74822,88.11422,Q2
-49.4389,49.17507,Q5 (mais caro)
27.082058,81.79392,Q5 (mais caro)
-3.97626,49.72521,Q5 (mais caro)
-22.701616,41.440132,Q5 (mais caro)
-39.56724,19.00211,Q3
7.2131147,18.754822,Q4
-6.314978,89.385124,Q5 (mais caro)
16.406683,54.069004,Q4
-45.17728,49.215553,Q4
-41.670147,17.112667,Q4
-77.87649,-48.63921,Q1 (mais barato)
34.075535,-97.21496,Q1 (mais barato)
-40.280514,13.73962,Q5 (mais caro)
-68.46334,18.097971,Q4
-8.033205,88.04884,Q4
-49.720573,18.950539,Q5 (mais caro)
-68.72189,17.659718,Q5 (mais caro)
-64.918236,-6.307416,Q1 (mais barato)
-49.58864,40.578556,Q5 (mais caro)
4.2176,65.83104,Q5 (mais caro)
-27.696527,26.135378,Q4
6.770714,19.892775,Q4
-13.121768,-81.36961,Q2
21.164782,68.38992,Q5 (mais caro)
8.047122,68.71867,Q4
-93.63756,33.008495,Q5 (mais caro)
-27.970177,25.27253,Q3
-74.80606,35.65677,Q1 (mais barato)
-76.67873,7.3553686,Q5 (mais caro)
-40.58202,16.695105,Q5 (mais caro)
10.969951,72.11513,Q4
-74.80575,34.941643,Q3
26.318386,-102.8021,Q1 (mais barato)
29.418152,-91.90817,Q1 (mais barato)
-46.1803,71.19417,Q4
-24.312626,45.12134,Q4
29.006449,66.66827,Q4
31.555344,36.314297,Q5 (mais caro)
-14.554558,48.049583,Q4
-43.871906,68.95045,Q5 (mais caro)
-1.6701136,43.452194,Q4
-64.415184,12.365819,Q5 (mais caro)
-57.06997,3.0376894,Q5 (mais caro)
24.542877,44.400555,Q5 (mais caro)
-29.54576,19.693533,Q5 (mais caro)
-72.03456,38.37853,Q5 (mais caro)
3.7995276,65.7459,Q5 (mais caro)
-70.67865,18.207516,Q1 (mais barato)
8.033104,22.198458,Q5 (mais caro)
-57.73369,60.152084,Q4
-43.073273,17.19788,Q4
-49.442215,49.513565,Q5 (mais caro)
17.95175,36.6132,Q5 (mais caro)
-77.51504,7.322133,Q5 (mais caro)
-78.1816,-2.7565746,Q5 (mais caro)
30.567274,32.232906,Q5 (mais caro)
-8.179525,42.91341,Q2
-62.74013,55.756702,Q5 (mais caro)
-94.019775,32.254574,Q5 (mais caro)
6.77826,19.01431,Q5 (mais caro)
-39.37858,29.177744,Q1 (mais barato)
32.506718,35.181465,Q5 (mais caro)
16.56534,59.036575,Q2
-42.04139,13.73035,Q4
31.338266,-97.1427,Q4
-43.129917,55.58267,Q5 (mais caro)
-74.225174,33.717533,Q5 (mais caro)
-64.09096,9.236836,Q3
-64.41839,12.359182,Q5 (mais caro)
-63.05363,10.6359,Q5 (mais caro)
-62.697952,55.849342,Q5 (mais caro)
22.137888,83.80576,Q5 (mais caro)
-64.743614,12.382959,Q3
-15.877068,48.146114,Q1 (mais barato)
-1.8308865,40.23427,Q2
-85.61636,-25.54664,Q2
-85.61921,-25.549099,Q1 (mais barato)
-85.58409,-25.5348,Q2
-27.313398,72.37009,Q2
-58.211536,-8.540577,Q1 (mais barato)
-47.479023,46.398907,Q3
-40.0795,12.149929,Q3
-61.458923,27.179842,Q2
-85.60739,-25.521011,Q1 (mais barato)
-27.37693,72.261894,Q2
-62.549835,23.559101,Q1 (mais barato)
-85.31107,-24.791672,Q2
-85.309235,-24.810703,Q2
44.353546,90.60468,Q2
15.628636,52.039757,Q1 (mais barato)
-8.904924,86.812485,Q3
-77.10742,-35.53985,Q1 (mais barato)
-57.03839,52.19412,Q5 (mais caro)
6.6459374,19.773432,Q2
-62.15583,28.43531,Q2
-85.6152,-25.58156,Q2
-58.33463,8.862019,Q2
-85.30159,-24.79425,Q2
-37.13303,2.8909068,Q2
-62.605267,16.760351,Q2
44.336895,88.92346,Q2
-85.3093,-24.813858,Q1 (mais barato)
-64.05891,24.037212,Q1 (mais barato)
-42.87769,18.164583,Q2
40.771072,90.375595,Q1 (mais barato)
-28.208668,72.041016,Q3
-44.611015,6.857753,Q2
23.403273,-92.3201,Q2
-85.63031,-25.5666,Q1 (mais barato)
-43.597626,82.778725,Q1 (mais barato)
-62.969387,-9.829204,Q1 (mais barato)
2.4715006,45.86169,Q1 (mais barato)
-86.40548,27.79167,Q2
-86.39257,27.784214,Q2
-6.626596,86.68455,Q2
-78.37888,31.653952,Q3
-51.087276,74.90186,Q2
-9.127161,87.7339,Q2
-90.92308,25.88455,Q1 (mais barato)
-52.514614,12.532142,Q1 (mais barato)
-28.509092,23.595646,Q2
-28.700191,17.543293,Q2
-44.5763,6.955074,Q2
-31.838266,16.66122,Q3
46.848385,66.732544,Q2
-69.561966,18.128946,Q1 (mais barato)
-6.4087768,39.936447,Q1 (mais barato)
-0.06364881,23.310478,Q2
-86.3756,27.773825,Q2
-85.957016,25.048115,Q1 (mais barato)
-53.437366,30.664322,Q3
-78.2566,31.658876,Q2
46.489773,69.57653,Q1 (mais barato)
-4.876361,33.31503,Q1 (mais barato)
0.7321523,38.13671,Q1 (mais barato)
-29.956448,11.40064,Q2
-85.30967,-24.798016,Q1 (mais barato)
-36.89588,4.325241,Q1 (mais barato)
-77.085396,-35.56847,Q1 (mais barato)
-86.33104,27.739944,Q1 (mais barato)
-86.18628,27.672659,Q2
-85.93278,24.924158,Q1 (mais barato)
-69.281975,18.12939,Q2
-80.62956,2.7332087,Q4
-72.120544,38.086643,Q5 (mais caro)
-13.470246,-81.54843,Q1 (mais barato)
-71.60123,37.59181,Q5 (mais caro)
-62.066334,47.69926,Q5 (mais caro)
-86.37203,27.772743,Q5 (mais caro)
-86.417564,27.784369,Q1 (mais barato)
-44.685776,82.05973,Q1 (mais barato)
-93.66409,-29.836561,Q1 (mais barato)
-9.511978,88.83649,Q1 (mais barato)
-94.348694,-33.455498,Q1 (mais barato)
-96.83779,-30.45001,Q1 (mais barato)
-62.652023,25.16028,Q1 (mais barato)
-92.824715,-30.40947,Q1 (mais barato)
-92.73092,-30.60289,Q1 (mais barato)
-62.66911,25.046566,Q1 (mais barato)
-48.746746,36.39655,Q1 (mais barato)
-93.13088,-31.531538,Q1 (mais barato)
-92.784065,-30.8805,Q1 (mais barato)
-91.84801,-31.860014,Q1 (mais barato)
-47.009155,46.650635,Q1 (mais barato)
-47.004166,46.646305,Q1 (mais barato)
-94.00386,-32.710453,Q1 (mais barato)
-93.558304,-32.226192,Q1 (mais barato)
-58.19859,-8.569674,Q1 (mais barato)
-62.6671,25.046312,Q1 (mais barato)
-96.83566,-30.414825,Q1 (mais barato)
-67.61196,-10.569378,Q1 (mais barato)
-64.0887,-10.024361,Q1 (mais barato)
-93.34344,-29.882574,Q1 (mais barato)
-64.371925,-9.480344,Q1 (mais barato)
-92.78298,-30.880316,Q1 (mais barato)
-91.589775,30.55763,Q1 (mais barato)
-37.105045,46.3361,Q1 (mais barato)
-10.2534075,51.8655,Q1 (mais barato)
4.9256306,54.865963,Q1 (mais barato)
-64.00408,24.522013,Q1 (mais barato)
-94.243385,-33.15308,Q1 (mais barato)
-92.064354,30.720901,Q1 (mais barato)
-93.596436,-32.19883,Q1 (mais barato)
-93.58903,-32.204792,Q1 (mais barato)
-24.17859,72.67483,Q1 (mais barato)
-93.34973,-29.8868,Q1 (mais barato)
-45.047665,81.4306,Q1 (mais barato)
-91.591896,30.562626,Q1 (mais barato)
47.60318,69.631454,Q1 (mais barato)
-64.10152,-10.008452,Q1 (mais barato)
-96.82589,-30.352222,Q1 (mais barato)
-68.424644,57.748325,Q2
-64.35098,-9.496135,Q1 (mais barato)
-47.007446,46.648045,Q1 (mais barato)
-37.952663,50.226425,Q1 (mais barato)
-93.7147,-32.114044,Q1 (mais barato)
-91.43512,29.954971,Q1 (mais barato)
-93.58903,-32.204792,Q1 (mais barato)
-64.012146,24.84023,Q2
-96.826614,-30.364414,Q1 (mais barato)
-46.880093,46.889694,Q1 (mais barato)
-47.002426,46.644997,Q1 (mais barato)
10.2813015,73.47657,Q2
-64.09508,-10.014225,Q1 (mais barato)
-18.94929,69.64811,Q1 (mais barato)
-93.56154,-32.222694,Q1 (mais barato)
-94.12171,-32.886368,Q1 (mais barato)
-96.826416,-30.363329,Q1 (mais barato)
-62.658386,25.12567,Q1 (mais barato)
-91.44895,29.96419,Q1 (mais barato)
-93.130264,-31.527674,Q1 (mais barato)
-93.60353,-32.195747,Q1 (mais barato)
-93.37125,-31.84383,Q1 (mais barato)
-24.171076,72.73136,Q1 (mais barato)
-81.30448,2.229682,Q2
-92.78245,-30.881128,Q1 (mais barato)
-93.13106,-31.530916,Q1 (mais barato)
-45.03153,81.44264,Q1 (mais barato)
-64.07137,-11.137728,Q1 (mais barato)
-92.90623,-31.195473,Q1 (mais barato)
-9.204598,88.90823,Q1 (mais barato)
-96.826775,-30.342855,Q1 (mais barato)
-92.8236,-30.410334,Q1 (mais barato)
-93.866745,-32.484222,Q1 (mais barato)
-92.9167,-30.2369,Q1 (mais barato)
31.211155,-94.69697,Q1 (mais barato)
-36.807648,1.7134815,Q1 (mais barato)
22.642418,-92.48865,Q2
-37.952736,50.226284,Q1 (mais barato)
-92.90634,-31.195438,Q1 (mais barato)
-62.579758,24.340118,Q1 (mais barato)
-93.12987,-31.532978,Q1 (mais barato)
-38.002094,50.283615,Q1 (mais barato)
-52.61465,12.739585,Q1 (mais barato)
-66.923485,-3.2984757,Q2
-93.13065,-31.532063,Q1 (mais barato)
-93.587395,-32.204807,Q1 (mais barato)
-91.43674,29.95775,Q1 (mais barato)
-97.38383,-29.855804,Q1 (mais barato)
-50.18277,76.441536,Q1 (mais barato)
43.748158,68.36761,Q1 (mais barato)
-44.688602,82.06058,Q1 (mais barato)
-97.19046,-31.031021,Q1 (mais barato)
-93.88054,-32.476852,Q1 (mais barato)
-64.34891,-9.514906,Q1 (mais barato)
-37.09349,2.876859,Q1 (mais barato)
-96.826515,-30.352413,Q1 (mais barato)
-93.988335,-29.841114,Q1 (mais barato)
-93.71202,-32.11685,Q1 (mais barato)
-45.03534,81.45661,Q1 (mais barato)
-18.880342,69.678215,Q1 (mais barato)
-92.907005,-31.195349,Q1 (mais barato)
-62.656067,25.11136,Q1 (mais barato)
-58.190224,-8.580733,Q1 (mais barato)
17.414347,87.55386,Q1 (mais barato)
-9.99637,89.066246,Q1 (mais barato)
-93.698395,-32.12939,Q1 (mais barato)
-96.83498,-30.408772,Q1 (mais barato)
-45.03081,81.46733,Q1 (mais barato)
-91.41009,29.951565,Q1 (mais barato)
-44.778698,2.6490645,Q1 (mais barato)
-62.576435,24.328785,Q1 (mais barato)
-64.089676,-10.022095,Q1 (mais barato)
-18.881062,69.680824,Q1 (mais barato)
-23.945402,73.2693,Q1 (mais barato)
-9.985716,89.06117,Q1 (mais barato)
-92.06261,30.717316,Q1 (mais barato)
-91.41402,29.946539,Q1 (mais barato)
-44.685963,82.05801,Q1 (mais barato)
34.840946,-98.65857,Q1 (mais barato)
21.646183,59.70361,Q2
-64.00425,24.799597,Q1 (mais barato)
-62.578568,24.343975,Q1 (mais barato)
-96.82631,-30.352308,Q1 (mais barato)
-93.26073,-29.495132,Q1 (mais barato)
-46.782124,37.26193,Q1 (mais barato)
-96.83566,-30.414825,Q1 (mais barato)
-92.78168,-30.88128,Q1 (mais barato)
3.2232459,56.795395,Q1 (mais barato)
17.90626,87.726265,Q4
-62.581024,24.334444,Q1 (mais barato)
-62.68568,25.010351,Q1 (mais barato)
-92.78164,-30.881134,Q1 (mais barato)
-91.88969,26.615026,Q1 (mais barato)
-91.836555,-30.684807,Q1 (mais barato)
-13.402792,-81.70749,Q1 (mais barato)
-91.88775,26.613487,Q1 (mais barato)
38.62646,88.1569,Q4
-91.60193,30.591026,Q1 (mais barato)
-13.442814,-81.59984,Q1 (mais barato)
-94.00386,-32.710453,Q1 (mais barato)
-59.208183,50.138298,Q5 (mais caro)
-13.442814,-81.59984,Q1 (mais barato)
-45.18814,6.459688,Q1 (mais barato)
-91.41566,29.940134,Q1 (mais barato)
-94.00029,-32.714405,Q1 (mais barato)
-23.846867,73.871574,Q2
-58.55281,6.382304,Q4
-71.419914,19.945778,Q3
-27.175581,70.69284,Q2
40.4595,91.070915,Q4
-90.59353,27.14672,Q4
-27.391443,58.87284,Q3
-52.754868,67.3099,Q4
-53.01182,71.97993,Q3
-20.102213,68.85523,Q3
-50.487427,18.82932,Q4
-1.1017586,39.517403,Q2
37.9422,91.329216,Q3
0.29223275,26.494162,Q2
-28.472307,59.599922,Q3
-54.78452,30.057747,Q3
-12.393032,88.74639,Q2
-29.887938,70.79173,Q5 (mais caro)
-61.850986,25.757067,Q2
-39.220856,1.6896794,Q2
-73.64856,-40.157234,Q2
-27.48149,26.552279,Q5 (mais caro)
-43.19665,86.444695,Q3
-77.668625,-1.6419711,Q5 (mais caro)
-88.81069,31.867867,Q2
-52.1282,17.858488,Q3
66.17257,61.9784,Q5 (mais caro)
45.6372,23.04817,Q4
18.283697,87.09333,Q3
37.95566,91.31582,Q4
39.774494,90.43138,Q3
32.208176,73.77366,Q5 (mais caro)
-70.82596,44.25482,Q5 (mais caro)
-5.3490233,33.34676,Q3
30.089336,34.233803,Q5 (mais caro)
-66.25707,11.603176,Q3
-14.275605,47.66418,Q2
35.8853,87.70993,Q4
26.383307,-102.83104,Q2
-38.86128,34.792454,Q2
-31.881857,21.182411,Q5 (mais caro)
20.784678,-96.265076,Q5 (mais caro)
4.539974,65.65761,Q3
-49.4776,50.03902,Q5 (mais caro)
40.741695,88.93097,Q2
-62.711807,53.092636,Q5 (mais caro)
-41.6922,54.16194,Q5 (mais caro)
-55.37503,39.719307,Q5 (mais caro)
36.87764,91.35761,Q4
64.305336,62.400425,Q3
-77.62881,-1.7464043,Q3
-20.789722,68.58833,Q3
-36.176445,84.31628,Q2
-72.02772,42.615635,Q2
-5.9672318,34.265354,Q5 (mais caro)
40.48835,90.8384,Q4
36.15189,90.63458,Q2
14.805305,37.23285,Q4
-37.948357,44.26868,Q2
-36.196815,29.5992,Q5 (mais caro)
-52.540627,12.648157,Q3
-36.416912,27.786692,Q5 (mais caro)
-91.030106,19.132782,Q2
20.305824,48.86806,Q5 (mais caro)
-48.94413,50.372467,Q4
40.549427,90.72923,Q1 (mais barato)
16.546564,36.5187,Q5 (mais caro)
-73.14299,24.411255,Q3
-38.081768,66.13723,Q3
-73.44047,-5.881429,Q2
-27.330683,69.73317,Q3
-79.827675,-48.77973,Q3
-9.456688,88.35393,Q3
31.519588,-87.77399,Q2
31.520142,-87.77957,Q2
25.823269,-93.94107,Q2
-85.98193,17.983644,Q1 (mais barato)
-26.972092,27.220259,Q5 (mais caro)
-77.25746,-2.2184858,Q2
16.869293,34.32672,Q4
21.51142,-94.72947,Q5 (mais caro)
-48.43154,67.88008,Q5 (mais caro)
20.313126,48.83082,Q5 (mais caro)
19.68433,83.4122,Q2
-53.550377,69.12759,Q2
33.72516,36.597004,Q3
-21.999607,17.568922,Q2
23.210478,50.32361,Q2
10.788704,20.012386,Q5 (mais caro)
-79.65321,-48.826504,Q2
-77.66028,-1.6815623,Q5 (mais caro)
-77.47274,7.1609044,Q5 (mais caro)
-76.225235,5.230075,Q5 (mais caro)
-21.38893,16.781538,Q2
-4.800585,50.171284,Q4
-42.882805,86.69271,Q2
-53.108128,66.639595,Q5 (mais caro)
-45.355534,1.2281352,Q4
-56.908825,3.1555498,Q5 (mais caro)
-64.81486,39.29146,Q5 (mais caro)
-43.607162,17.232847,Q3
-57.62565,60.4912,Q5 (mais caro)
-40.1083,57.19055,Q5 (mais caro)
12.458101,36.62316,Q2
15.172318,37.402283,Q4
33.347515,74.35273,Q5 (mais caro)
-77.56475,-1.1975684,Q5 (mais caro)
-48.337936,51.992176,Q3
-31.776062,8.34961,Q3
31.166075,80.77231,Q5 (mais caro)
35.922016,87.63806,Q1 (mais barato)
23.319786,-98.745605,Q3
-53.432163,68.36363,Q4
-4.8188396,50.19881,Q4
-42.250454,20.140554,Q2
-48.577183,65.84508,Q5 (mais caro)
23.235767,89.05115,Q5 (mais caro)
-41.93261,70.12956,Q4
-53.72267,72.38704,Q4
-51.65611,74.26027,Q3
-43.4204,74.535576,Q3
-62.06192,33.750183,Q5 (mais caro)
1.9262173,57.131264,Q2
-55.515995,32.12486,Q2
-77.644554,-1.7145219,Q5 (mais caro)
-57.356213,60.11542,Q5 (mais caro)
-54.06589,22.130236,Q1 (mais barato)
23.36969,48.509705,Q4
-77.209984,33.688118,Q3
-71.01028,43.969875,Q3
-42.61241,33.38898,Q4
-27.811235,67.92434,Q3
-76.96696,5.1278,Q5 (mais caro)
40.51224,90.948326,Q1 (mais barato)
40.72476,91.75327,Q3
-60.12257,59.671844,Q5 (mais caro)
-41.181892,19.106388,Q4
-76.96001,5.150044,Q5 (mais caro)
-39.52189,18.267008,Q4
25.827469,-93.94175,Q2
-91.03651,19.132614,Q1 (mais barato)
-30.698454,26.998865,Q5 (mais caro)
-76.96694,5.1276956,Q5 (mais caro)
-3.0768962,41.28392,Q4
24.521597,45.25674,Q5 (mais caro)
-17.44247,34.034927,Q3
-2.0649772,25.684528,Q5 (mais caro)
-30.56038,21.014933,Q4
-79.70521,-7.0093946,Q5 (mais caro)
-19.321941,56.051987,Q4
10.996944,20.065449,Q5 (mais caro)
11.638795,25.5638,Q5 (mais caro)
-10.002302,45.09593,Q4
-57.76057,51.656498,Q5 (mais caro)
-24.052753,32.55737,Q4
-54.023697,39.445145,Q5 (mais caro)
-27.92436,13.997491,Q2
25.895628,27.483114,Q5 (mais caro)
-57.680923,51.75203,Q5 (mais caro)
36.572018,90.773796,Q5 (mais caro)
40.603107,36.30899,Q5 (mais caro)
35.41846,89.184875,Q4
37.914673,88.61759,Q4
-40.975544,19.171822,Q4
25.291973,-94.188225,Q4
-57.2875,59.830116,Q5 (mais caro)
36.934853,89.92728,Q5 (mais caro)
30.935385,32.264805,Q5 (mais caro)
27.70266,71.1781,Q2
-40.142105,15.99038,Q5 (mais caro)
25.83836,43.56086,Q5 (mais caro)
31.075275,34.78021,Q5 (mais caro)
29.925909,32.482258,Q5 (mais caro)
18.6184,34.41041,Q5 (mais caro)
25.729582,26.473917,Q5 (mais caro)
-25.725298,26.33467,Q5 (mais caro)
-22.592691,76.6835,Q1 (mais barato)
18.691097,35.614155,Q5 (mais caro)
-79.64536,-48.824142,Q1 (mais barato)
30.673704,36.20255,Q5 (mais caro)
10.975386,24.995167,Q5 (mais caro)
17.397545,91.831764,Q5 (mais caro)
39.394356,90.39462,Q5 (mais caro)
8.27068,18.844873,Q5 (mais caro)
19.240026,36.06232,Q5 (mais caro)
-49.638004,37.872852,Q5 (mais caro)
-33.992706,24.583582,Q5 (mais caro)
19.788872,33.368813,Q5 (mais caro)
18.673658,34.38348,Q5 (mais caro)
35.870075,88.11523,Q5 (mais caro)
-57.797302,60.259033,Q5 (mais caro)
32.619633,37.227848,Q5 (mais caro)
31.200094,81.013145,Q5 (mais caro)
-69.78522,46.105717,Q3
-7.2036896,53.69636,Q5 (mais caro)
46.208828,90.439514,Q5 (mais caro)
32.06663,83.30641,Q5 (mais caro)
-57.9758,60.714916,Q5 (mais caro)
40.716927,88.530174,Q5 (mais caro)
30.060265,32.416573,Q5 (mais caro)
-58.99591,49.11988,Q5 (mais caro)
-37.5154,-24.521984,Q5 (mais caro)
39.766487,91.48996,Q4
35.474594,89.367165,Q5 (mais caro)
39.042503,90.37991,Q5 (mais caro)
37.925102,91.41561,Q5 (mais caro)
-58.469646,48.64728,Q5 (mais caro)
31.720518,73.711876,Q5 (mais caro)
44.73944,65.208405,Q3
-64.93547,39.172203,Q4
-48.441566,68.48439,Q4
-77.56232,-1.2566549,Q5 (mais caro)
-43.33458,77.166985,Q2
17.743975,71.68042,Q2
-65.569756,9.987127,Q2
-57.077404,1.4730742,Q5 (mais caro)
-76.58767,33.61448,Q3
-39.173664,1.6960262,Q1 (mais barato)
2.4250157,56.571705,Q2
-50.546238,73.88152,Q2
-39.620758,12.981211,Q2
15.545091,57.336082,Q2
-26.036942,68.47048,Q3
-87.73714,-18.37696,Q2
-70.42369,44.54924,Q2
-91.07217,37.533237,Q2
3.6869404,54.91242,Q3
-29.527761,28.982773,Q3
-27.976646,19.42906,Q2
22.512804,70.70068,Q3
-61.86679,26.009287,Q2
-30.873274,8.504939,Q2
21.650928,-90.43506,Q2
6.4336486,64.19741,Q2
-87.662285,-18.352167,Q3
-63.99022,-5.6371784,Q1 (mais barato)
23.84111,69.74029,Q3
-54.631462,29.107296,Q1 (mais barato)
-9.618078,86.75476,Q3
37.81236,91.20955,Q3
31.201597,69.458336,Q3
-9.650889,87.032326,Q2
-28.13245,69.35555,Q2
-16.354317,62.495552,Q2
-13.042356,48.91111,Q3
-87.286064,-7.203172,Q1 (mais barato)
38.48744,88.80287,Q5 (mais caro)
-42.03673,28.500406,Q5 (mais caro)
-63.787956,-5.622848,Q2
36.932446,91.39449,Q4
36.898823,91.59759,Q3
-91.14806,37.40536,Q2
-26.10346,68.425095,Q2
38.71495,51.47377,Q2
41.08774,90.69221,Q3
40.412014,91.03809,Q3
-25.52691,57.238884,Q3
-87.411995,-7.5421467,Q3
-87.67947,-18.33838,Q2
-36.001587,28.314522,Q5 (mais caro)
-30.606104,13.899079,Q4
64.32377,62.369473,Q3
-76.2221,33.963223,Q3
-5.408038,33.511158,Q4
23.288391,-98.71139,Q4
40.697746,89.92078,Q5 (mais caro)
-52.278877,11.704572,Q3
-55.31418,2.7680402,Q5 (mais caro)
-91.15495,37.313446,Q3
-58.84969,23.75456,Q1 (mais barato)
38.498657,88.630264,Q4
-69.44906,40.358364,Q5 (mais caro)
46.293484,65.84191,Q2
-11.599133,33.961624,Q4
-20.305407,23.345608,Q5 (mais caro)
16.781721,34.2705,Q3
-13.102038,46.603104,Q2
-37.005325,43.764168,Q2
28.241251,25.369406,Q2
22.01481,59.4162,Q5 (mais caro)
-42.77334,18.39778,Q4
-76.09423,34.09635,Q4
-42.27515,20.25542,Q4
-15.510672,32.20594,Q5 (mais caro)
-91.10981,37.44184,Q1 (mais barato)
41.60139,90.379585,Q5 (mais caro)
-74.61962,6.883251,Q5 (mais caro)
-87.19189,-6.970265,Q4
37.83182,91.323944,Q5 (mais caro)
36.968708,89.56123,Q5 (mais caro)
-43.507248,69.4702,Q4
-62.779186,27.377203,Q3
-60.03655,1.1195928,Q3
-76.44874,5.921856,Q5 (mais caro)
38.22052,88.72596,Q5 (mais caro)
6.3622913,70.077934,Q2
-54.621037,10.965532,Q4
-41.22315,52.818535,Q5 (mais caro)
-29.231133,19.331419,Q4
-79.76373,-1.7756344,Q5 (mais caro)
-20.779188,25.092564,Q4
18.542019,52.671352,Q1 (mais barato)
-54.684895,21.17773,Q2
-50.219803,50.14419,Q4
-28.108408,69.34025,Q3
-82.205536,-2.6283371,Q4
44.461617,89.85047,Q4
39.099594,90.40333,Q4
-69.36323,40.369995,Q5 (mais caro)
-80.649445,4.3476086,Q5 (mais caro)
-3.8983772,41.617027,Q5 (mais caro)
-41.87292,66.93847,Q5 (mais caro)
-29.254318,19.380438,Q4
13.494437,37.07174,Q4
-81.531586,-2.500344,Q4
-25.84891,69.15605,Q3
7.4224057,20.96658,Q3
-42.173378,54.424038,Q5 (mais caro)
-36.663296,47.592476,Q3
35.50665,46.224228,Q4
-51.837208,68.423195,Q5 (mais caro)
-29.23322,19.044565,Q3
-44.293846,20.00027,Q4
-26.385021,26.498888,Q5 (mais caro)
-30.568235,20.179066,Q4
48.37151,70.38685,Q4
-74.89654,33.273697,Q2
-36.47889,27.775976,Q5 (mais caro)
-49.475914,40.36828,Q3
-0.45257372,25.395617,Q3
-39.404095,15.516376,Q3
-25.478895,25.964909,Q3
-47.482285,17.085121,Q4
40.493492,89.69496,Q3
-79.76589,-1.7810031,Q5 (mais caro)
-80.91887,4.812961,Q5 (mais caro)
-52.60604,71.6969,Q5 (mais caro)
-51.83378,18.86964,Q1 (mais barato)
-26.254261,26.596619,Q4
-27.924911,20.185667,Q5 (mais caro)
-28.468311,19.752256,Q5 (mais caro)
-70.01732,44.989204,Q3
-62.32951,53.32565,Q4
8.135531,20.13773,Q5 (mais caro)
-47.4791,51.144882,Q5 (mais caro)
-1.2538437,-79.97504,Q1 (mais barato)
-36.49067,27.77521,Q4
-41.63207,28.753479,Q5 (mais caro)
40.12551,89.9197,Q4
10.394587,21.92386,Q5 (mais caro)
23.728256,27.39522,Q3
-49.096745,65.533295,Q3
40.755577,88.58661,Q5 (mais caro)
-76.711044,42.27587,Q2
29.912716,34.702946,Q5 (mais caro)
10.410234,22.161037,Q5 (mais caro)
-62.03306,47.862396,Q5 (mais caro)
40.689007,91.63091,Q4
-63.977127,-5.6419578,Q2
15.625194,89.05863,Q3
-87.94872,-7.7849083,Q3
27.8978,25.695917,Q3
-86.719284,40.820465,Q2
-72.33952,39.760494,Q2
29.169216,69.98449,Q3
45.264416,90.368706,Q2
-50.25757,19.141573,Q2
16.48655,35.789326,Q4
-54.109386,6.761303,Q2
-60.605125,29.251673,Q2
-43.719955,83.064644,Q2
-51.17641,37.05546,Q3
-72.74159,42.733974,Q3
-87.1549,-10.617624,Q4
-54.70561,29.95648,Q2
40.25674,91.18062,Q4
44.899574,89.461975,Q3
-22.353722,75.37621,Q1 (mais barato)
-53.675655,6.1102276,Q3
-27.878439,25.867794,Q4
-50.57852,36.586132,Q2
-64.26542,8.862624,Q2
18.484564,88.61701,Q3
39.173813,53.522438,Q2
23.256582,-94.676254,Q3
-26.33118,17.400484,Q2
-77.7155,27.421108,Q2
-6.2465115,88.13607,Q3
-27.654753,67.879364,Q3
-62.41482,47.140747,Q5 (mais caro)
17.38467,91.77941,Q3
-63.960537,-8.27256,Q2
-27.271961,67.86024,Q2
-26.601639,58.724014,Q1 (mais barato)
-74.89654,-38.653633,Q1 (mais barato)
-50.934803,77.21327,Q2
-89.379814,38.602673,Q2
-54.73222,29.760286,Q1 (mais barato)
-60.915306,29.024633,Q2
43.540195,68.027,Q1 (mais barato)
-19.232126,69.210075,Q1 (mais barato)
-5.332421,33.35245,Q2
-26.076714,24.185812,Q2
-89.38748,38.5894,Q2
-69.3325,18.206362,Q2
-61.78805,29.53121,Q2
-60.940933,28.945961,Q1 (mais barato)
47.5019,69.3528,Q1 (mais barato)
-20.20652,62.117016,Q2
-45.321144,6.467709,Q2
-41.839195,30.116179,Q3
36.84508,91.58875,Q2
-9.205539,88.34617,Q1 (mais barato)
-62.022015,29.04976,Q2
-6.6514907,86.57472,Q2
-69.33492,18.207008,Q1 (mais barato)
-86.10986,-16.097479,Q1 (mais barato)
-40.082546,12.160167,Q2
-87.02921,-11.729509,Q2
6.383428,70.236984,Q2
-61.86211,23.511269,Q1 (mais barato)
-74.90024,-38.656025,Q1 (mais barato)
-76.75361,35.202503,Q1 (mais barato)
-19.305517,58.3943,Q1 (mais barato)
-89.372925,38.605537,Q2
-24.203058,32.447765,Q2
-88.01829,-24.094275,Q3
67.67214,62.346706,Q1 (mais barato)
-47.513336,46.42382,Q3
-80.3193,-14.014195,Q2
-88.05047,-24.143496,Q2
-34.752087,33.02215,Q2
-8.364063,46.21302,Q2
-52.51633,12.453668,Q2
39.811085,90.38937,Q1 (mais barato)
-24.03451,25.477585,Q2
-76.479065,35.28396,Q2
-44.824936,80.015976,Q1 (mais barato)
-38.76971,39.8895,Q2
-45.10606,6.510597,Q2
-89.284744,33.048164,Q2
-40.08865,12.167753,Q3
-36.146408,32.242527,Q2
4.2201595,43.86053,Q2
-24.30208,72.76875,Q3
-39.51953,34.16718,Q3
-14.279662,47.644047,Q2
13.117918,70.6757,Q2
-48.721443,50.582413,Q3
-65.10775,-5.310272,Q1 (mais barato)
-87.252464,-10.533365,Q3
8.269437,20.547913,Q3
-76.4408,35.28551,Q2
32.121708,66.88239,Q2
-53.587933,69.35907,Q2
21.64898,-94.677376,Q4
-22.294537,75.451675,Q2
-28.242865,69.92002,Q3
23.696678,-101.06116,Q4
22.947725,-87.93724,Q2
-8.522709,36.2296,Q3
-42.64255,17.63501,Q2
-74.21405,43.08206,Q4
-38.858734,71.27443,Q3
-32.821316,31.088224,Q3
-30.918318,19.70291,Q4
40.46681,90.98473,Q3
-27.112583,15.388798,Q4
-39.33379,18.459503,Q4
-4.8467817,50.410988,Q5 (mais caro)
-19.128223,57.38751,Q3
12.442125,36.607735,Q2
-85.19101,18.19083,Q1 (mais barato)
-65.26456,-5.115805,Q3
-65.58035,-3.99664,Q4
40.76384,88.62026,Q2
-32.71675,31.03681,Q3
-70.788635,43.971413,Q3
36.58207,90.75135,Q4
-85.189674,18.1977,Q1 (mais barato)
-40.552223,29.587627,Q2
-28.523039,70.57274,Q1 (mais barato)
5.377128,34.171227,Q3
-55.676563,63.529087,Q4
-49.74251,42.406616,Q3
28.302017,25.592354,Q3
21.411867,83.6765,Q1 (mais barato)
38.299004,88.82798,Q4
-71.04571,39.75394,Q3
-37.91312,83.747025,Q1 (mais barato)
-78.80504,-1.7499982,Q5 (mais caro)
-44.613987,6.7820034,Q4
-22.334654,24.692947,Q4
-78.793396,-1.7159898,Q5 (mais caro)
37.536076,89.77252,Q5 (mais caro)
30.779541,82.01424,Q1 (mais barato)
-36.180466,32.23592,Q4
-44.562595,19.832376,Q4
30.653183,-91.63144,Q1 (mais barato)
21.085718,-96.85575,Q4
26.33219,26.336071,Q5 (mais caro)
-35.319416,32.646637,Q3
-68.441574,57.674194,Q1 (mais barato)
-68.360916,58.152737,Q1 (mais barato)
-95.08888,-20.58711,Q1 (mais barato)
-68.35883,58.154266,Q1 (mais barato)
-90.02828,33.855923,Q1 (mais barato)
-77.58351,21.506285,Q1 (mais barato)
-95.95636,-21.682076,Q1 (mais barato)
-9.004434,88.324104,Q1 (mais barato)
-60.24702,0.4293372,Q1 (mais barato)
-68.24798,58.937576,Q1 (mais barato)
-95.84585,-21.765434,Q1 (mais barato)
-95.977646,-21.67601,Q1 (mais barato)
-95.09075,-20.591475,Q1 (mais barato)
-58.218555,-8.415344,Q1 (mais barato)
-50.292915,75.2074,Q1 (mais barato)
-95.09342,-20.594133,Q1 (mais barato)
-95.85796,-21.767838,Q1 (mais barato)
-95.09236,-20.59415,Q1 (mais barato)
43.587654,68.53614,Q1 (mais barato)
-24.93246,72.45918,Q1 (mais barato)
-95.08848,-20.584314,Q1 (mais barato)
-95.944534,-21.68487,Q1 (mais barato)
-37.094326,48.463684,Q1 (mais barato)
15.505697,89.077774,Q1 (mais barato)
-95.977646,-21.67601,Q1 (mais barato)
-90.270546,-11.375132,Q2
-95.8459,-21.770231,Q1 (mais barato)
-62.49974,-9.919479,Q1 (mais barato)
-41.36304,67.37527,Q1 (mais barato)
-58.24486,-8.295921,Q1 (mais barato)
-95.091705,-20.591528,Q2
-36.80376,1.7021154,Q1 (mais barato)
-37.087128,48.46071,Q1 (mais barato)
-62.49533,-9.899823,Q1 (mais barato)
-90.23651,-11.356285,Q2
-90.710205,-11.512559,Q1 (mais barato)
-62.997746,27.305727,Q1 (mais barato)
-57.46562,-2.1320174,Q1 (mais barato)
-95.11009,-20.599764,Q1 (mais barato)
-24.904123,72.49391,Q1 (mais barato)
-48.76109,69.98948,Q1 (mais barato)
-95.8586,-21.772812,Q2
-95.88235,-21.701965,Q1 (mais barato)
-58.218384,-8.41412,Q1 (mais barato)
-58.290997,-7.822525,Q2
-43.610012,82.85067,Q1 (mais barato)
-8.744719,88.321815,Q2
-96.82875,-21.742361,Q1 (mais barato)
-5.8319745,33.953476,Q2
-68.26825,58.814793,Q1 (mais barato)
-61.786846,25.236597,Q1 (mais barato)
-63.060375,27.473,Q1 (mais barato)
23.089136,69.72613,Q1 (mais barato)
-95.1063,-20.597687,Q1 (mais barato)
-58.213005,-8.421906,Q1 (mais barato)
-90.671326,-11.473937,Q1 (mais barato)
-61.76167,24.449965,Q1 (mais barato)
-95.10649,-20.597597,Q1 (mais barato)
-62.500084,-9.914387,Q1 (mais barato)
-95.84023,-21.720697,Q1 (mais barato)
-95.85796,-21.767838,Q1 (mais barato)
21.715105,82.858086,Q1 (mais barato)
-95.847885,-21.777292,Q1 (mais barato)
-65.65056,-5.3225427,Q1 (mais barato)
-26.411474,72.05947,Q1 (mais barato)
-77.95626,32.666676,Q1 (mais barato)
-94.77945,-19.714355,Q1 (mais barato)
-24.962786,72.41789,Q1 (mais barato)
-77.99499,32.65624,Q1 (mais barato)
-62.498886,-9.90624,Q1 (mais barato)
-8.114593,88.1805,Q1 (mais barato)
-45.394653,45.266872,Q1 (mais barato)
44.723633,74.95257,Q1 (mais barato)
45.012085,75.948425,Q1 (mais barato)
4.7104945,65.96478,Q1 (mais barato)
-49.073593,9.782316,Q1 (mais barato)
-6.266785,88.18558,Q2
-90.859955,-11.650035,Q2
3.3053145,57.729546,Q2
3.3477159,56.180862,Q4
-69.410286,-32.09577,Q3
-58.765022,-10.031279,Q3
-69.41052,-32.095394,Q4
-64.11679,28.613644,Q4
-60.80158,23.99193,Q2
-43.600666,17.368668,Q4
-25.87662,36.313667,Q5 (mais caro)
-13.493013,-81.55521,Q2
-40.585243,12.816092,Q3
-30.75314,40.06179,Q4
41.521072,87.65134,Q2
-27.669338,67.68663,Q4
10.534643,23.309958,Q5 (mais caro)
-5.7109838,87.611725,Q4
42.811604,68.41948,Q2
28.158903,26.280626,Q3
-54.05058,67.6141,Q5 (mais caro)
39.543682,49.994553,Q5 (mais caro)
-83.406784,33.631153,Q5 (mais caro)
8.08801,18.868061,Q5 (mais caro)
13.208906,36.702255,Q4
-42.099186,13.605216,Q3
-56.300755,53.612267,Q5 (mais caro)
32.382454,-99.14116,Q2
-63.683342,-6.444785,Q2
45.233555,91.03393,Q1 (mais barato)
-14.584079,-81.9021,Q1 (mais barato)
-21.43396,38.002567,Q3
-6.573393,68.00791,Q1 (mais barato)
-91.366295,-22.275951,Q1 (mais barato)
-42.915863,78.52701,Q1 (mais barato)
-54.023262,-25.506008,Q1 (mais barato)
-6.5328536,67.22068,Q1 (mais barato)
-52.26832,-24.028732,Q2
-6.3854785,67.19188,Q1 (mais barato)
-54.18137,-7.3516107,Q3
-62.525528,16.904154,Q1 (mais barato)
-43.567978,81.7857,Q1 (mais barato)
34.54208,-97.09852,Q3
-43.52807,86.223915,Q1 (mais barato)
-93.2652,-26.375904,Q1 (mais barato)
-56.303913,-47.08783,Q1 (mais barato)
-30.272978,11.579157,Q1 (mais barato)
21.919449,81.52841,Q2
-85.43249,20.315865,Q1 (mais barato)
17.346636,87.46127,Q3
-8.695239,83.482025,Q4
25.792086,-93.96697,Q2
-45.656326,-7.3594813,Q2
-37.83141,50.292355,Q1 (mais barato)
-54.426506,-42.094437,Q3
30.607624,82.10928,Q5 (mais caro)
-58.13155,5.0711555,Q4
-49.314926,-51.507465,Q4
41.215584,75.50226,Q1 (mais barato)
-51.714993,-6.6581955,Q2
-52.992626,-6.050823,Q4
-43.12873,82.43457,Q1 (mais barato)
-22.940004,23.667679,Q3
-29.95542,12.066242,Q2
-16.444721,76.434555,Q1 (mais barato)
-45.209232,8.229928,Q3
-54.41988,2.9290123,Q5 (mais caro)
27.484497,76.44334,Q3
-78.36842,33.546017,Q2
-10.751,66.5358,Q5 (mais caro)
-31.557745,8.179013,Q2
-6.926277,72.97329,Q5 (mais caro)
25.219282,60.55517,Q1 (mais barato)
-68.445755,57.67655,Q2
-1.0397786,26.876156,Q5 (mais caro)
-16.411102,73.08466,Q1 (mais barato)
-51.229416,-46.788696,Q2
-87.90095,-27.467604,Q1 (mais barato)
-50.28031,58.996853,Q3
0.36849484,21.246939,Q4
41.189835,75.47232,Q1 (mais barato)
4.680465,65.67647,Q2
38.54303,88.52551,Q2
-40.51098,-23.035095,Q5 (mais caro)
22.855633,-87.50314,Q2
-39.366016,-37.600098,Q4
-69.44047,-32.10369,Q2
36.761787,87.64171,Q2
-46.56499,34.094448,Q4
-16.426788,76.4317,Q1 (mais barato)
-58.914467,8.3917055,Q2
-36.958206,-22.134947,Q5 (mais caro)
-15.0839405,76.29813,Q4
-96.8375,-14.795084,Q2
-53.805584,-22.4517,Q1 (mais barato)
-27.411303,10.319031,Q4
-58.653572,-48.03175,Q3
-43.939117,-22.987394,Q4
-50.311398,-14.875088,Q3
46.852776,67.80098,Q2
-60.90999,25.738699,Q4
-46.764206,-7.7412133,Q5 (mais caro)
-41.577,50.792477,Q5 (mais caro)
11.230252,22.479166,Q5 (mais caro)
-63.956585,-12.163367,Q2
45.551395,90.6059,Q4
21.298014,-90.93772,Q2
-41.72267,11.520084,Q3
-41.70125,50.55391,Q4
-83.43634,-19.593092,Q3
-37.14184,0.561885,Q2
15.177403,89.72866,Q5 (mais caro)
-54.1419,-52.81167,Q1 (mais barato)
-69.13836,18.088396,Q4
-31.90773,56.86192,Q5 (mais caro)
11.217928,64.297264,Q2
0.13069063,23.200146,Q4
22.798227,-75.93464,Q5 (mais caro)
-55.509727,32.951267,Q5 (mais caro)
-38.952236,25.056948,Q3
-7.0573792,44.111584,Q3
41.22073,75.511,Q1 (mais barato)
-8.234733,44.17614,Q5 (mais caro)
-58.585884,-47.998085,Q1 (mais barato)
45.078575,90.787834,Q2
-20.78025,19.131294,Q2
-58.648403,-48.02951,Q3
-7.363514,67.94296,Q3
-13.133479,74.79851,Q4
-47.46171,34.38077,Q4
-58.766216,9.221093,Q2
-13.997646,74.21042,Q4
-83.86704,17.444046,Q2
-24.726976,39.535664,Q4
-46.981014,47.553528,Q4
2.0855486,44.74596,Q3
-48.73851,-44.22511,Q3
-37.080544,0.7655979,Q3
-52.559914,-24.130524,Q3
-90.80828,27.280128,Q3
-52.258293,-23.665482,Q4
-87.484,-20.29587,Q2
-84.32399,-19.555674,Q4
-43.599804,82.88601,Q1 (mais barato)
0.17039897,25.038054,Q3
-22.249043,75.50239,Q3
44.201435,88.34401,Q2
11.032243,72.57979,Q2
-49.87887,-47.795742,Q4
0.1443509,40.99965,Q2
-8.256349,72.67557,Q5 (mais caro)
-46.842632,-41.019363,Q4
-50.88838,15.234669,Q4
-49.567245,-51.497,Q3
-86.51546,-22.30581,Q2
33.665108,53.56734,Q5 (mais caro)
-54.14307,1.9810435,Q4
-28.747398,17.616253,Q2
-48.36546,-42.930367,Q2
-44.01532,-14.427591,Q3
-50.927124,-42.811882,Q4
-2.3015807,37.98887,Q3
46.752953,15.034927,Q2
-42.360313,-42.728756,Q4
-36.633595,32.10911,Q4
22.917889,48.2116,Q3
22.851368,74.1809,Q1 (mais barato)
-12.182288,89.60711,Q2
25.366976,-98.72083,Q3
-43.521,86.215195,Q1 (mais barato)
-50.32902,-42.61154,Q2
-57.850403,-48.725376,Q4
-40.4094,-16.127457,Q5 (mais caro)
-20.787962,19.156364,Q1 (mais barato)
-41.00371,-38.531666,Q4
-52.996246,-6.129909,Q5 (mais caro)
-26.871555,69.33256,Q3
-38.392506,83.54651,Q3
-47.79885,11.654419,Q2
-44.60419,-20.889574,Q2
21.882795,81.57868,Q4
-54.758404,-17.792475,Q2
45.07761,90.788956,Q2
17.506767,87.16731,Q3
-90.33466,28.25628,Q3
-75.87697,-40.81598,Q2
-7.513401,44.544613,Q3
-53.617085,-52.149258,Q1 (mais barato)
-54.103184,1.8149828,Q5 (mais caro)
-25.920542,24.938414,Q4
-45.201126,30.055723,Q4
-51.25857,-6.6312184,Q1 (mais barato)
-6.715064,72.3263,Q5 (mais caro)
-58.235683,-8.86978,Q1 (mais barato)
-9.473771,54.36707,Q5 (mais caro)
-22.498446,24.51081,Q4
40.18304,34.424965,Q4
-41.65158,50.59944,Q4
-54.69696,-17.870678,Q3
-5.210167,73.08058,Q4
45.599422,90.50477,Q4
-58.187717,-8.567142,Q1 (mais barato)
-4.9861426,40.567547,Q5 (mais caro)
-49.533672,-20.718151,Q2
-8.023696,44.596737,Q4
7.0385156,32.511356,Q4
-7.124031,72.927986,Q4
9.498487,61.567272,Q2
32.114655,66.86816,Q5 (mais caro)
39.62593,51.141983,Q3
-13.92867,74.91627,Q3
-90.805916,27.281065,Q3
44.5533,90.07205,Q2
27.683764,79.988945,Q4
-50.067158,-24.589966,Q2
-50.022434,-49.91078,Q4
-48.49629,-42.4583,Q3
-18.976805,69.65864,Q1 (mais barato)
4.186076,56.61314,Q3
-43.56826,81.76151,Q1 (mais barato)
-47.43562,-41.611275,Q2
-62.524048,16.904799,Q1 (mais barato)
-6.3614445,67.19583,Q2
-16.729322,72.81036,Q1 (mais barato)
-53.612614,-23.3931,Q1 (mais barato)
-7.0754747,67.58744,Q3
-6.1551976,68.060745,Q1 (mais barato)
-53.50701,-23.130163,Q1 (mais barato)
-54.464546,-42.10652,Q5 (mais caro)
-51.30102,-6.616025,Q3
-86.04743,-30.06637,Q1 (mais barato)
-12.403956,74.98114,Q5 (mais caro)
-28.658342,57.340588,Q3
-45.86831,34.884636,Q3
-40.590076,12.641046,Q4
-75.883514,-40.805832,Q2
-7.676388,51.091064,Q2
-49.866867,-14.371087,Q4
45.850822,90.764595,Q5 (mais caro)
44.993443,22.380589,Q3
17.147182,35.512512,Q5 (mais caro)
-1.8151025,33.84887,Q4
32.759144,36.1808,Q4
-50.016888,-49.89205,Q5 (mais caro)
-54.340366,-7.755543,Q1 (mais barato)
15.096026,85.68146,Q4
18.399424,73.32575,Q3
-9.370777,35.643154,Q2
1.6751906,30.480623,Q4
-78.676506,-17.968376,Q4
-37.396923,82.89898,Q2
-48.731216,-44.21373,Q3
-51.173687,-24.289278,Q2
-85.358765,-8.835627,Q2
-81.11636,-4.81969,Q5 (mais caro)
-40.776215,-22.460712,Q5 (mais caro)
-42.90204,-43.009872,Q4
-27.40651,9.6598,Q1 (mais barato)
-25.671234,36.44379,Q5 (mais caro)
14.668673,53.062813,Q2
-31.148241,45.455654,Q4
-8.075318,68.37086,Q3
-47.162918,-41.234047,Q4
-44.472725,-21.065666,Q3
-53.118057,-48.4923,Q3
-46.350338,-22.974543,Q4
-53.941296,31.951866,Q2
24.07766,-88.09023,Q2
-80.02588,-41.865448,Q1 (mais barato)
24.09229,-88.100296,Q2
-17.83142,34.404007,Q2
-78.84173,19.11827,Q4
-40.641537,-23.91103,Q5 (mais caro)
-58.545853,6.399844,Q3
32.7987,-97.16049,Q2
-50.2458,16.827682,Q5 (mais caro)
24.115185,-88.09135,Q1 (mais barato)
-36.814533,-27.904488,Q5 (mais caro)
44.360634,88.91908,Q5 (mais caro)
-52.219738,-20.164291,Q5 (mais caro)
-11.9190235,89.05593,Q5 (mais caro)
27.551455,24.42033,Q4
-86.04612,38.522774,Q3
-38.262707,-33.562145,Q5 (mais caro)
-39.922157,-22.921425,Q4
-23.617268,35.206375,Q4
-71.58708,-37.724857,Q3
-40.927757,-23.489977,Q4
-4.482545,67.781334,Q4
-40.25557,-22.8882,Q4
-57.718906,-23.159515,Q3
-51.01254,-47.73024,Q3
-47.596333,-23.903719,Q3
-37.48804,-32.825047,Q5 (mais caro)
-37.52738,-21.941353,Q4
-37.751198,-24.002834,Q5 (mais caro)
44.238197,88.84338,Q4
25.997822,22.054518,Q5 (mais caro)
2.2094812,-46.4894,Q2
-39.143658,-37.080585,Q4
-80.3676,-52.032906,Q5 (mais caro)
-57.9901,-47.22714,Q3
-51.10121,-48.67166,Q3
-37.541172,-28.784115,Q5 (mais caro)
-58.4706,-47.745842,Q5 (mais caro)
-30.69806,41.582466,Q3
-37.434338,-28.743029,Q5 (mais caro)
-51.131996,-49.084614,Q3
27.403944,-102.10573,Q2
-31.894972,56.78519,Q4
-12.118312,44.594913,Q3
-83.94609,1.561292,Q5 (mais caro)
-8.488987,39.48623,Q4
-58.39608,48.55359,Q5 (mais caro)
11.042405,23.170298,Q5 (mais caro)
21.877235,87.90019,Q5 (mais caro)
21.817865,-88.040016,Q4
-41.57895,-22.623598,Q5 (mais caro)
24.926077,60.64301,Q3
-51.11678,-48.75883,Q5 (mais caro)
-65.588234,6.117536,Q5 (mais caro)
30.708986,34.7172,Q5 (mais caro)
-53.925465,-22.279501,Q4
40.77519,91.687454,Q5 (mais caro)
-23.741941,35.088207,Q5 (mais caro)
-37.5591,-21.947857,Q5 (mais caro)
25.042128,24.689066,Q5 (mais caro)
-53.929386,-22.286493,Q5 (mais caro)
21.778608,-88.04268,Q3
17.967415,17.836369,Q5 (mais caro)
-80.09978,-51.84951,Q5 (mais caro)
8.639795,17.913437,Q5 (mais caro)
-77.88667,-10.486199,Q4
-38.58515,-34.348225,Q5 (mais caro)
-49.363132,-47.975414,Q2
-55.861286,-2.651034,Q4
-55.86328,-2.6502292,Q4
-37.46671,-24.628244,Q5 (mais caro)
-37.440712,-24.73824,Q5 (mais caro)
-35.486187,-28.801733,Q5 (mais caro)
-2.6879647,26.075891,Q5 (mais caro)
4.7221513,45.19476,Q4
46.52432,90.473595,Q5 (mais caro)
-64.55412,-5.261385,Q2
-47.940456,-45.071877,Q3
-46.300808,-22.926607,Q5 (mais caro)
-48.988823,-47.97626,Q4
-49.296852,-43.60924,Q3
-13.646813,66.24261,Q2
-49.238132,-43.57726,Q3
-91.934456,-17.849749,Q3
-1.1481466,25.856258,Q3
-37.429543,-21.983635,Q5 (mais caro)
-43.636925,-22.452833,Q4
-2.3481302,26.039673,Q3
-37.182037,0.76851887,Q3
-30.364931,53.380104,Q2
-31.716043,0.8053441,Q5 (mais caro)
-30.844738,53.825214,Q2
22.745657,74.40462,Q3
-52.2284,-23.137856,Q2
-10.437645,83.00778,Q2
-40.254612,-0.46063343,Q2
20.56077,36.9187,Q5 (mais caro)
1.4121233,20.816547,Q4
-13.959893,75.37127,Q4
-52.790855,-6.4797735,Q2
-46.868675,-40.99659,Q3
13.759928,38.863678,Q5 (mais caro)
-4.722561,45.081123,Q2
22.97872,74.78075,Q3
-46.13203,-22.809538,Q3
-47.52255,34.338165,Q4
-51.58977,-15.185029,Q2
-49.86223,-14.370871,Q3
-30.732376,41.57797,Q1 (mais barato)
-46.64187,-9.90657,Q4
22.867373,28.330357,Q5 (mais caro)
28.213724,79.81939,Q4
30.884344,74.28895,Q5 (mais caro)
-51.49688,3.9659007,Q4
14.283281,86.23512,Q4
-8.168454,68.7474,Q2
28.13873,41.22386,Q5 (mais caro)
-43.303562,-22.478842,Q4
-44.251312,47.722107,Q3
15.6167965,52.383713,Q4
-39.837643,-37.817802,Q5 (mais caro)
46.410355,14.689906,Q2
-46.392124,-22.18431,Q3
-30.547426,54.76837,Q4
-40.4216,-35.299835,Q4
-5.208132,47.224937,Q2
-33.80256,-34.847,Q3
-10.385474,83.01184,Q3
28.788801,24.466795,Q4
14.011621,39.117302,Q4
30.852215,32.04433,Q5 (mais caro)
-32.755035,19.196156,Q5 (mais caro)
-49.446243,-13.512729,Q3
-8.786043,70.143364,Q4
-46.065,-20.960447,Q2
-46.780777,-21.866364,Q3
-3.88872,37.267117,Q4
44.975464,22.395548,Q3
-35.41406,-25.862959,Q5 (mais caro)
-54.423634,-17.518072,Q3
-45.125515,50.658436,Q4
-17.248375,72.35277,Q1 (mais barato)
-41.22204,-22.688965,Q3
-54.24266,-16.845392,Q3
-43.228374,82.47978,Q1 (mais barato)
-28.75927,27.615002,Q4
-52.527218,39.298027,Q5 (mais caro)
-34.787716,-25.80583,Q5 (mais caro)
-43.90192,15.225249,Q4
-40.442345,-35.077164,Q5 (mais caro)
-51.34774,3.4201913,Q3
-30.668991,26.26078,Q4
44.959614,22.369942,Q4
-85.93796,41.21262,Q2
-58.698696,-25.246536,Q1 (mais barato)
-52.940704,-25.210226,Q2
-37.053368,-28.675356,Q5 (mais caro)
-8.920668,70.81174,Q3
-41.013306,-24.036224,Q5 (mais caro)
29.752953,69.60047,Q5 (mais caro)
-81.702065,-3.4536493,Q5 (mais caro)
45.737648,67.832855,Q2
-58.445778,-24.785284,Q3
46.48714,15.07675,Q5 (mais caro)
-9.060029,69.67205,Q5 (mais caro)
-39.345737,-37.014854,Q4
-35.192932,-26.653091,Q5 (mais caro)
24.460358,49.58152,Q5 (mais caro)
30.411247,38.55429,Q5 (mais caro)
-45.37832,0.79173225,Q4
-10.267409,59.12095,Q2
14.3011265,52.985455,Q4
45.42711,22.14518,Q4
-12.502454,50.06114,Q4
-7.8662066,51.244083,Q3
22.972845,86.7792,Q4
29.413067,35.257755,Q5 (mais caro)
-45.590084,7.762747,Q3
-40.626507,28.000708,Q2
-32.80993,19.198374,Q5 (mais caro)
31.440489,37.34952,Q5 (mais caro)
-58.70122,-25.242222,Q2
9.896826,75.305016,Q4
46.677338,90.32361,Q5 (mais caro)
-42.40149,74.86012,Q4
-44.96904,86.27521,Q4
-41.714104,50.86663,Q5 (mais caro)
-44.27571,-15.225411,Q5 (mais caro)
17.320993,32.04674,Q5 (mais caro)
-44.170998,46.523468,Q4
-35.43508,-25.843657,Q5 (mais caro)
25.302809,24.844887,Q4
41.218605,35.841248,Q4
26.480902,83.60286,Q5 (mais caro)
-21.756876,22.73723,Q4
-42.557285,27.404879,Q5 (mais caro)
-44.000053,-23.218105,Q4
18.64799,82.336525,Q5 (mais caro)
-23.194178,44.483486,Q3
-74.412964,-34.848793,Q1 (mais barato)
-35.179226,-26.456213,Q5 (mais caro)
9.245181,62.741108,Q5 (mais caro)
39.91092,49.320393,Q5 (mais caro)
-28.728779,27.631725,Q5 (mais caro)
41.20325,35.83539,Q5 (mais caro)
21.181087,37.500103,Q5 (mais caro)
-13.454755,66.37288,Q4
-34.833397,-26.03732,Q5 (mais caro)
-35.374363,-26.963102,Q5 (mais caro)
-46.295803,-10.980527,Q4
-19.986595,58.354626,Q4
-40.700962,-24.154291,Q5 (mais caro)
-28.755972,27.615923,Q5 (mais caro)
-46.335896,-7.606775,Q3
12.4092,57.2254,Q4
-43.06064,-20.728601,Q4
-39.34507,-37.015274,Q5 (mais caro)
-47.522465,34.24237,Q5 (mais caro)
-43.354767,-22.447088,Q5 (mais caro)
-38.81244,-23.12134,Q5 (mais caro)
30.917702,68.84752,Q4
21.0084,37.493587,Q5 (mais caro)
17.207823,90.33452,Q5 (mais caro)
-36.42086,-28.215374,Q5 (mais caro)
31.60384,73.75517,Q5 (mais caro)
-85.93135,41.224102,Q2
-37.29446,-25.065882,Q5 (mais caro)
-40.361443,-25.851606,Q5 (mais caro)
45.839115,90.00708,Q5 (mais caro)
-35.088573,31.251606,Q3
-22.955618,44.0979,Q4
24.383215,45.586273,Q5 (mais caro)
15.209967,85.702644,Q4
-37.72166,-21.822273,Q5 (mais caro)
-37.71183,-20.855577,Q5 (mais caro)
-43.22264,-22.67055,Q4
43.525795,23.800177,Q5 (mais caro)
-31.342093,-23.31822,Q5 (mais caro)
-35.153614,-29.473417,Q5 (mais caro)
-42.508377,74.92346,Q3
-39.343067,-37.012447,Q5 (mais caro)
-36.118877,-29.046698,Q5 (mais caro)
10.165185,17.40721,Q5 (mais caro)
21.069584,37.543827,Q5 (mais caro)
-57.50468,-23.406279,Q1 (mais barato)
-51.813255,-49.815823,Q1 (mais barato)
-36.666786,-22.248589,Q5 (mais caro)
-45.756245,-21.063435,Q4
-48.175022,-24.113197,Q4
-51.528614,-47.752853,Q2
39.93823,48.21273,Q5 (mais caro)
-48.22927,-24.000998,Q2
-64.25233,24.220919,Q1 (mais barato)
-45.78165,-7.3302445,Q1 (mais barato)
-89.308304,36.37984,Q1 (mais barato)
-45.76856,-7.6286626,Q1 (mais barato)
-8.751037,83.44978,Q1 (mais barato)
-19.642345,29.171387,Q4
-64.02512,-7.6349607,Q1 (mais barato)
47.001526,67.9,Q2
-63.79957,-8.80698,Q2
-52.63388,-46.097046,Q2
-44.50723,48.477173,Q3
-47.461285,46.437534,Q2
-68.26683,58.82363,Q2
-43.596485,17.231174,Q2
-51.34761,-23.192186,Q2
-52.638226,-46.108547,Q2
-50.3349,-42.6213,Q2
-7.2232594,68.92284,Q2
-52.63304,-46.093094,Q2
-27.46404,12.256645,Q2
-50.325863,-42.60589,Q2
-52.663635,-45.730526,Q1 (mais barato)
-53.665874,-46.29962,Q2
-15.5092125,76.08811,Q2
-7.0300145,68.78423,Q2
-51.479404,-23.21681,Q2
11.408798,73.980606,Q2
-37.67612,52.23962,Q2
-7.138654,68.98119,Q2
-52.092163,-5.9050817,Q2
-53.667953,-46.296173,Q2
-68.26702,58.823315,Q2
-45.00707,-7.7597017,Q1 (mais barato)
-6.8724055,68.674774,Q2
-10.020618,66.592255,Q1 (mais barato)
-52.64054,-46.106716,Q1 (mais barato)
-15.110767,75.4539,Q2
-50.890797,-42.790813,Q2
-50.316433,-42.589085,Q3
-37.926895,-0.72791034,Q2
-52.63494,-46.103348,Q2
12.852217,39.758823,Q2
-0.027222918,36.5328,Q3
46.352127,14.653048,Q2
-21.448345,60.563725,Q2
-4.777022,72.80875,Q1 (mais barato)
-53.84755,-46.03156,Q3
-47.056236,-22.627743,Q3
-39.5218,49.659836,Q2
-48.75605,36.414154,Q2
-6.865678,68.65045,Q2
-12.448308,89.48093,Q1 (mais barato)
14.839967,88.99022,Q3
-56.14082,-46.96394,Q1 (mais barato)
-46.53957,35.955208,Q3
-8.229682,84.29221,Q2
-51.327435,-42.52218,Q3
-44.994244,-7.749129,Q2
-51.715614,-6.6568527,Q2
45.39247,68.986786,Q1 (mais barato)
-86.51323,-22.287077,Q2
44.900013,75.71199,Q2
-50.348846,-42.6394,Q2
-52.425957,-4.4604335,Q4
-6.8420777,70.22792,Q1 (mais barato)
-26.168854,12.117339,Q1 (mais barato)
45.430775,69.00011,Q1 (mais barato)
14.204787,66.8788,Q1 (mais barato)
44.067505,68.700455,Q2
-6.828173,68.864716,Q3
-37.788177,50.25356,Q2
-29.94086,9.146105,Q3
-21.942402,75.43866,Q1 (mais barato)
-1.5606285,38.79196,Q2
-7.177916,70.388306,Q2
-49.26152,-21.634954,Q1 (mais barato)
-37.942734,50.370945,Q2
-0.36922,24.930414,Q2
-52.17093,-39.083294,Q2
-1.0171767,41.43475,Q2
-50.322598,-42.6006,Q2
15.485677,89.205574,Q2
-8.594125,83.475105,Q2
-52.098103,-39.07974,Q2
22.125174,62.04576,Q2
-51.720787,-6.6498075,Q1 (mais barato)
-44.3491,47.90061,Q2
15.221578,66.93713,Q2
8.161332,68.162575,Q1 (mais barato)
-27.326746,12.356972,Q3
-47.35822,10.788932,Q2
-51.72894,-6.8620024,Q2
0.48722294,36.988834,Q2
-52.636475,-46.05128,Q1 (mais barato)
-52.634373,-46.10068,Q2
-53.743862,-46.209263,Q1 (mais barato)
-45.64367,-7.3507853,Q1 (mais barato)
-86.51124,-22.294018,Q1 (mais barato)
37.33712,53.98242,Q1 (mais barato)
-87.278046,-9.547181,Q1 (mais barato)
-52.190147,-39.10571,Q1 (mais barato)
-51.71089,-6.6680493,Q2
-10.459011,68.543686,Q2
-52.633633,-46.096638,Q2
-49.02484,-21.421839,Q4
-37.161102,0.8223792,Q1 (mais barato)
-52.79868,-6.057448,Q3
23.394064,-75.85251,Q1 (mais barato)
-44.389782,48.402664,Q2
-15.547096,76.10041,Q1 (mais barato)
-43.201664,83.053986,Q1 (mais barato)
-6.844863,70.242195,Q2
21.748964,62.553555,Q2
-6.4888105,31.262217,Q2
-51.87546,-22.945549,Q1 (mais barato)
-30.651388,54.857555,Q2
-46.537357,35.955788,Q2
45.16881,68.89893,Q1 (mais barato)
-52.634205,-46.100525,Q2
-49.261497,-21.635069,Q1 (mais barato)
-9.225861,83.964645,Q1 (mais barato)
-15.140467,75.53529,Q1 (mais barato)
-87.278046,-9.547181,Q3
17.02788,85.359116,Q2
-57.415142,-47.162716,Q1 (mais barato)
-7.300224,70.95212,Q1 (mais barato)
-52.15753,-39.116165,Q4
5.2550697,56.039154,Q1 (mais barato)
-6.6359673,70.200195,Q2
44.67424,22.622051,Q3
-15.142172,75.53369,Q2
-40.339954,-35.15198,Q4
-39.21263,24.901348,Q3
-7.1265855,68.84561,Q1 (mais barato)
11.299199,73.93906,Q1 (mais barato)
-44.38734,48.419933,Q2
-85.61954,3.060739,Q2
-51.085163,14.7546835,Q1 (mais barato)
14.246263,66.87421,Q1 (mais barato)
-6.40953,31.381533,Q2
-44.274467,21.758368,Q2
-6.371622,70.31072,Q3
-51.435078,-23.2002,Q2
-6.6365557,86.665565,Q1 (mais barato)
-50.284977,59.00777,Q1 (mais barato)
-50.052757,-41.297222,Q3
19.51743,19.113403,Q4
-58.32752,-24.591606,Q3
10.055115,65.48226,Q1 (mais barato)
-58.32531,-24.58934,Q2
-50.329025,-42.611534,Q2
-49.18264,-21.684353,Q2
-3.4766972,49.05075,Q4
-31.189789,17.422314,Q3
-36.480255,53.2311,Q2
43.83242,72.60264,Q2
-48.482105,-41.236664,Q2
-7.7787094,82.397644,Q3
-75.215836,-37.02662,Q1 (mais barato)
-8.417993,83.35012,Q3
-6.73356,70.26517,Q2
-39.668415,49.700348,Q3
0.7915916,24.835272,Q3
-43.150723,83.04539,Q1 (mais barato)
-8.033414,83.07526,Q3
-63.454533,-9.2817135,Q1 (mais barato)
-7.595221,82.199005,Q3
-55.211998,-17.545052,Q3
-58.327377,-24.591497,Q2
-47.56544,-22.218197,Q3
-90.53618,27.51783,Q2
-47.070652,10.264451,Q2
44.667263,66.06805,Q3
-47.63144,-22.228579,Q2
-0.22026832,21.180643,Q4
-21.52214,75.32545,Q1 (mais barato)
-87.256836,-9.478726,Q4
-3.4549155,49.309547,Q4
-6.380074,70.488556,Q4
-48.71731,-41.163197,Q4
-86.57783,-22.444588,Q1 (mais barato)
-8.079717,88.05943,Q3
4.7545857,65.60125,Q3
45.44737,65.15944,Q3
-7.2763963,71.21622,Q4
-50.86344,-23.15476,Q4
43.8643,72.55364,Q3
-12.513618,89.54201,Q1 (mais barato)
-63.79573,-8.817858,Q2
-86.513504,-22.295828,Q2
-12.533849,89.56587,Q1 (mais barato)
-53.66547,-46.30369,Q2
-10.049034,35.925938,Q1 (mais barato)
-39.433746,1.731728,Q2
-50.279766,-42.51237,Q2
33.70593,35.591064,Q1 (mais barato)
-87.27838,-9.54505,Q2
23.222076,-88.33732,Q1 (mais barato)
26.402184,-102.853905,Q1 (mais barato)
-50.332306,-42.61633,Q2
-51.131096,14.160864,Q2
-75.20422,-37.00844,Q1 (mais barato)
-21.941593,75.46745,Q1 (mais barato)
-51.338253,-23.284447,Q2
8.473224,62.36881,Q1 (mais barato)
-50.05125,-41.98462,Q3
-39.006767,7.974916,Q3
-37.355724,0.10277028,Q2
-7.208898,69.11015,Q2
-52.887108,-45.167652,Q2
-51.71372,-6.660711,Q1 (mais barato)
-52.09683,-5.895438,Q2
-8.041429,82.34911,Q4
-8.923816,46.123074,Q1 (mais barato)
17.024563,32.15196,Q3
-78.54103,32.645214,Q2
-44.310467,48.492844,Q2
-51.2569,-6.6314745,Q2
22.001394,59.49592,Q2
-50.110584,-44.657272,Q1 (mais barato)
8.123932,68.19569,Q2
-53.36291,-22.492378,Q1 (mais barato)
-13.932073,74.80216,Q3
-8.83414,83.35962,Q2
-44.594498,-7.4994993,Q1 (mais barato)
11.13915,74.23903,Q2
-53.047092,-51.604103,Q1 (mais barato)
-4.536387,67.90086,Q1 (mais barato)
23.650633,85.71247,Q1 (mais barato)
-87.54358,-20.392563,Q1 (mais barato)
-21.261093,64.51899,Q2
28.313461,58.55824,Q2
-8.309956,83.19968,Q2
-47.259407,10.750237,Q2
-37.26944,-0.4081721,Q1 (mais barato)
-62.044346,22.849693,Q1 (mais barato)
-39.32942,49.419018,Q1 (mais barato)
-54.997417,-51.05629,Q1 (mais barato)
-4.5318933,72.881744,Q1 (mais barato)
-54.779785,-49.869976,Q1 (mais barato)
-54.76986,-49.862045,Q1 (mais barato)
-39.341724,49.267178,Q1 (mais barato)
-23.662724,73.93441,Q1 (mais barato)
47.488865,69.20297,Q1 (mais barato)
-54.860996,-51.40291,Q1 (mais barato)
-54.879562,-51.16997,Q1 (mais barato)
-54.53002,-24.06916,Q1 (mais barato)
5.751643,55.19545,Q1 (mais barato)
-16.653084,72.8738,Q1 (mais barato)
-54.51213,-24.069118,Q1 (mais barato)
-57.312588,-23.286404,Q1 (mais barato)
-54.826134,-51.35381,Q1 (mais barato)
4.1341853,56.630966,Q1 (mais barato)
-45.407288,45.11073,Q1 (mais barato)
-45.306293,6.56655,Q1 (mais barato)
-55.07139,-50.97916,Q1 (mais barato)
-54.87922,-51.170563,Q1 (mais barato)
-49.64837,-45.36552,Q1 (mais barato)
-43.715073,81.075905,Q1 (mais barato)
-62.953304,-9.83792,Q1 (mais barato)
15.630095,65.57035,Q1 (mais barato)
15.520379,89.06042,Q1 (mais barato)
-45.23236,-6.8750324,Q1 (mais barato)
-5.3286476,32.483925,Q1 (mais barato)
-49.638485,-45.358105,Q1 (mais barato)
-87.99976,-27.588913,Q1 (mais barato)
-55.021225,-51.03299,Q1 (mais barato)
-54.512108,-24.069162,Q1 (mais barato)
-45.203304,6.492144,Q1 (mais barato)
-57.098927,-21.196781,Q1 (mais barato)
-90.75817,32.911354,Q1 (mais barato)
4.3119693,56.749947,Q1 (mais barato)
-56.950764,-48.996517,Q1 (mais barato)
-54.79464,-49.878666,Q1 (mais barato)
-55.658077,-50.739517,Q1 (mais barato)
-54.53763,-24.069082,Q1 (mais barato)
-54.997414,-51.05621,Q1 (mais barato)
-88.37082,-28.092142,Q1 (mais barato)
-88.36371,-28.068687,Q1 (mais barato)
0.50389004,25.326677,Q1 (mais barato)
-56.94894,-48.998913,Q1 (mais barato)
5.752083,55.196655,Q1 (mais barato)
-43.74632,81.092514,Q1 (mais barato)
-54.87922,-51.170563,Q1 (mais barato)
-55.07139,-50.97916,Q1 (mais barato)
-44.74512,-7.42942,Q1 (mais barato)
-54.77979,-49.8699,Q1 (mais barato)
5.752916,55.192097,Q1 (mais barato)
-51.232464,-7.211434,Q1 (mais barato)
-54.755047,-49.84846,Q1 (mais barato)
-45.512054,-19.894373,Q1 (mais barato)
-62.0091,22.87788,Q1 (mais barato)
-44.714397,-7.415944,Q1 (mais barato)
-54.50067,-24.06762,Q1 (mais barato)
-62.009876,22.87235,Q1 (mais barato)
-55.02089,-51.032738,Q1 (mais barato)
-39.341736,49.267044,Q1 (mais barato)
5.752447,55.196323,Q1 (mais barato)
-4.482813,67.80201,Q1 (mais barato)
-54.841537,-51.203667,Q1 (mais barato)
5.564878,55.018326,Q1 (mais barato)
-39.329033,49.41767,Q1 (mais barato)
-51.26019,-7.5514727,Q1 (mais barato)
-62.019863,22.84548,Q1 (mais barato)
-54.58863,-23.375046,Q1 (mais barato)
-47.370255,10.807459,Q1 (mais barato)
5.753276,55.1975,Q1 (mais barato)
15.423596,89.13865,Q1 (mais barato)
-52.196644,-15.370945,Q1 (mais barato)
-15.627952,77.884865,Q1 (mais barato)
-51.989937,-5.7538843,Q1 (mais barato)
5.570731,55.022484,Q1 (mais barato)
-15.61527,76.4094,Q1 (mais barato)
5.751878,55.195267,Q1 (mais barato)
-10.552933,68.41769,Q1 (mais barato)
-49.429718,-45.19114,Q1 (mais barato)
-4.4759474,67.80158,Q1 (mais barato)
-54.562576,-23.350212,Q1 (mais barato)
-38.29499,26.41376,Q1 (mais barato)
-57.523155,-48.90983,Q1 (mais barato)
-41.798985,11.242877,Q1 (mais barato)
6.096472,55.235615,Q1 (mais barato)
4.977591,54.878506,Q1 (mais barato)
-57.312958,-23.289825,Q1 (mais barato)
-57.313858,-23.291576,Q1 (mais barato)
-39.29688,49.414894,Q1 (mais barato)
-55.329887,-51.709263,Q1 (mais barato)
-54.640945,-24.081444,Q1 (mais barato)
-37.3345,0.010546512,Q1 (mais barato)
-54.76762,-49.86259,Q1 (mais barato)
-65.212906,4.253572,Q1 (mais barato)
-57.332333,-23.274433,Q1 (mais barato)
-54.58242,-23.368534,Q1 (mais barato)
-54.53002,-24.06916,Q1 (mais barato)
-49.341908,34.403225,Q1 (mais barato)
-54.84205,-51.20347,Q1 (mais barato)
-85.43372,20.689548,Q2
-78.46383,33.436516,Q1 (mais barato)
-53.513405,-24.413206,Q1 (mais barato)
-7.843789,68.261894,Q2
21.277008,75.10511,Q4
-53.525143,-24.417767,Q1 (mais barato)
-56.964226,-22.947628,Q1 (mais barato)
-54.04319,-25.446201,Q1 (mais barato)
-90.70607,26.974466,Q1 (mais barato)
-50.236084,-14.863995,Q2
-8.847109,71.6827,Q2
21.82137,83.42521,Q2
30.081161,74.08959,Q5 (mais caro)
42.92687,66.54924,Q1 (mais barato)
45.443985,70.46162,Q2
-9.013819,69.54406,Q2
-53.1913,-49.30819,Q2
5.9466066,68.381966,Q2
28.926151,66.682915,Q5 (mais caro)
21.975086,49.64593,Q2
-27.766665,57.46793,Q1 (mais barato)
46.064686,70.773994,Q2
-83.96156,1.600423,Q2
-44.318214,48.48864,Q3
15.146342,85.25638,Q4
-44.265385,47.869087,Q2
46.589745,89.72167,Q5 (mais caro)
-53.74473,-22.394594,Q2
-39.234886,-37.049454,Q4
37.52676,89.50814,Q4
-49.96147,42.57031,Q5 (mais caro)
-54.203075,32.23042,Q4
32.584595,70.54813,Q5 (mais caro)
-8.930618,69.65623,Q3
20.02453,35.000744,Q5 (mais caro)
20.720081,37.47543,Q5 (mais caro)
45.9564,89.93983,Q5 (mais caro)
-39.186707,8.125527,Q2
-33.934017,-25.655403,Q5 (mais caro)
27.30259,79.18405,Q5 (mais caro)
-1.7422563,40.049843,Q2
-37.8106,-30.594868,Q3
-4.802314,69.90029,Q1 (mais barato)
-6.5359573,30.730198,Q1 (mais barato)
15.713015,35.702305,Q1 (mais barato)
-45.1469,-8.345131,Q3
-56.821396,-2.1664991,Q2
-8.832166,83.429886,Q2
-43.298588,77.23977,Q1 (mais barato)
-52.741974,-50.419147,Q1 (mais barato)
-50.099815,-44.05878,Q2
-50.99404,-20.89021,Q2
-5.676469,69.520454,Q1 (mais barato)
-50.433613,-44.36796,Q2
-53.03575,-21.212202,Q1 (mais barato)
-14.978637,75.18556,Q2
-44.276917,47.779003,Q1 (mais barato)
-56.264668,5.2606354,Q1 (mais barato)
-14.982078,75.20482,Q2
-50.579117,-44.429073,Q2
43.464664,68.616,Q2
-6.756819,-75.17907,Q1 (mais barato)
-53.150585,-21.73945,Q2
-54.345947,-7.752462,Q1 (mais barato)
-7.4299207,-75.799484,Q1 (mais barato)
-13.623817,66.268166,Q1 (mais barato)
-45.91757,-6.6434975,Q1 (mais barato)
-44.25516,47.756233,Q1 (mais barato)
-45.945892,-6.6835213,Q1 (mais barato)
-50.76891,-6.889304,Q1 (mais barato)
-15.745187,76.52676,Q1 (mais barato)
-6.8450174,67.90105,Q1 (mais barato)
-53.351944,-51.6173,Q1 (mais barato)
-53.24313,-22.386238,Q1 (mais barato)
-15.638762,77.85151,Q1 (mais barato)
43.57467,67.19002,Q1 (mais barato)
-50.76891,-6.889304,Q1 (mais barato)
-45.916565,-6.643406,Q1 (mais barato)
-46.049484,-6.7558594,Q1 (mais barato)
-61.23236,23.303152,Q1 (mais barato)
-49.756504,-21.260765,Q1 (mais barato)
-12.364508,86.04929,Q1 (mais barato)
-45.947155,-6.685164,Q1 (mais barato)
-24.165226,74.18733,Q1 (mais barato)
-50.8683,-6.756551,Q1 (mais barato)
-50.867996,-6.7553477,Q1 (mais barato)
-61.210526,23.294651,Q1 (mais barato)
-15.766741,76.52802,Q1 (mais barato)
-56.743744,-48.466137,Q1 (mais barato)
-45.92152,-6.652841,Q1 (mais barato)
-45.914215,-6.6381636,Q1 (mais barato)
-50.870785,-6.750931,Q1 (mais barato)
-45.909935,-6.628322,Q1 (mais barato)
21.545584,-90.49174,Q1 (mais barato)
-90.641975,-27.370396,Q1 (mais barato)
-24.106659,74.16966,Q1 (mais barato)
10.371937,74.13592,Q1 (mais barato)
-73.441956,-5.886402,Q1 (mais barato)
-8.729485,83.48768,Q1 (mais barato)
-77.37619,33.398056,Q1 (mais barato)
-57.49325,-23.415865,Q1 (mais barato)
-15.727577,76.52456,Q1 (mais barato)
-90.15697,35.11443,Q1 (mais barato)
-47.34903,10.811829,Q1 (mais barato)
-54.109325,-25.820984,Q1 (mais barato)
-92.971825,-16.927206,Q1 (mais barato)
-52.875156,-52.753326,Q1 (mais barato)
-37.281765,1.3146918,Q1 (mais barato)
-53.653736,-24.970015,Q1 (mais barato)
-52.868515,-52.746883,Q1 (mais barato)
-16.305195,76.43021,Q1 (mais barato)
-52.22353,-5.4050145,Q1 (mais barato)
-90.11737,31.895092,Q1 (mais barato)
26.871216,-99.240845,Q1 (mais barato)
-61.882473,23.534325,Q1 (mais barato)
-91.64626,-29.170208,Q1 (mais barato)
-57.490093,-23.410534,Q1 (mais barato)
-90.14357,31.986414,Q1 (mais barato)
-52.856533,-52.835686,Q1 (mais barato)
-13.495846,75.45181,Q5 (mais caro)
-48.365623,-42.95508,Q2
-40.316868,-22.93053,Q5 (mais caro)
-47.772285,-43.960846,Q2
-7.599805,68.05674,Q2
-43.29629,79.52948,Q3
39.94166,49.395836,Q5 (mais caro)
-36.858624,-22.183338,Q5 (mais caro)
46.02102,90.66262,Q5 (mais caro)
15.991716,53.49363,Q2
-1.8378826,33.971096,Q4
17.30425,32.167076,Q5 (mais caro)
-50.41056,-20.663862,Q5 (mais caro)
-46.75564,-41.575584,Q4
-91.572075,18.866665,Q4
-46.49294,34.174244,Q4
11.4118805,37.071274,Q2
-12.656666,45.293495,Q3
-63.956833,-12.145981,Q2
-11.839107,89.57062,Q5 (mais caro)
-20.7927,19.15761,Q2
-44.20339,48.673893,Q4
-44.24525,-22.927557,Q5 (mais caro)
-37.672558,-22.406439,Q5 (mais caro)
-44.090694,51.990448,Q5 (mais caro)
-5.100869,45.00252,Q2
-53.37673,-23.638096,Q1 (mais barato)
-47.371704,10.809837,Q1 (mais barato)
-46.127197,-22.986168,Q5 (mais caro)
27.31537,72.92003,Q3
-13.352878,45.760044,Q5 (mais caro)
30.474947,74.06942,Q5 (mais caro)
11.719222,73.69711,Q5 (mais caro)
37.670692,49.305103,Q5 (mais caro)
22.870321,74.12238,Q2
-39.63515,-21.092657,Q5 (mais caro)
-44.0841,48.80699,Q4
14.957044,66.97816,Q2
-46.316036,-10.977835,Q4
-44.106384,15.247876,Q5 (mais caro)
-30.574032,18.426565,Q5 (mais caro)
-8.216939,39.18175,Q3
-65.62472,8.311018,Q2
39.558147,49.761547,Q3
-45.723675,-6.9625125,Q1 (mais barato)
-45.13413,50.614998,Q4
11.796634,74.36866,Q4
-27.275751,12.339722,Q4
19.383722,-89.269356,Q5 (mais caro)
-43.882988,49.160534,Q4
-18.866114,69.67494,Q1 (mais barato)
32.384605,35.504734,Q5 (mais caro)
-40.31867,27.31716,Q2
-46.823566,15.608641,Q1 (mais barato)
-13.359337,45.702156,Q2
-58.672375,-48.036736,Q2
-30.529041,18.489094,Q5 (mais caro)
-34.188377,24.519022,Q5 (mais caro)
-50.019478,-49.897617,Q3
-38.449116,83.52191,Q4
-8.393377,52.99678,Q4
-15.186443,76.32517,Q4
41.276775,89.87661,Q2
-54.50168,-42.12386,Q4
-43.60677,34.739773,Q4
-7.929566,66.8617,Q3
-24.472769,35.614803,Q5 (mais caro)
17.784866,32.164112,Q5 (mais caro)
46.46652,24.17668,Q4
44.931355,22.388449,Q4
-1.7209404,43.569344,Q5 (mais caro)
3.5618327,57.4419,Q1 (mais barato)
-43.841255,51.119663,Q5 (mais caro)
44.750748,90.671455,Q3
30.024849,74.12549,Q3
-50.956272,-15.019652,Q3
-22.833055,44.424175,Q4
11.57749,65.654175,Q2
41.222736,35.985146,Q5 (mais caro)
-37.11182,-22.123655,Q5 (mais caro)
-50.01902,-49.897205,Q4
-86.05032,-30.077492,Q1 (mais barato)
-29.614634,54.019478,Q4
-50.068394,74.903496,Q5 (mais caro)
-42.589485,-42.75148,Q4
-26.535501,36.176765,Q4
39.69257,51.058952,Q4
-43.836452,49.429054,Q4
-84.32024,-20.693623,Q4
24.742197,-91.43053,Q3
-39.60026,34.255154,Q3
0.6048307,26.614763,Q2
12.88248,57.064667,Q4
-14.005668,75.00326,Q4
-40.19515,-28.364841,Q5 (mais caro)
-58.737026,-25.312738,Q1 (mais barato)
-72.97432,39.27291,Q5 (mais caro)
-51.159977,-24.26614,Q3
37.858086,49.271477,Q4
-39.56999,-22.856333,Q5 (mais caro)
-39.51433,-21.088655,Q4
-25.262625,39.337105,Q5 (mais caro)
11.38136,23.352047,Q5 (mais caro)
-38.32084,-27.676638,Q5 (mais caro)
-37.82212,-36.494293,Q5 (mais caro)
-10.2453785,59.116093,Q2
-6.9867177,66.26472,Q2
-7.126918,66.507454,Q2
-8.4036045,64.40054,Q1 (mais barato)
-0.9842958,48.808475,Q4
23.193525,70.65101,Q3
35.434025,50.061337,Q5 (mais caro)
-24.659512,19.462685,Q5 (mais caro)
-48.828854,-44.346115,Q2
-37.40629,69.99555,Q3
-8.430525,64.386345,Q1 (mais barato)
-0.9728001,48.799503,Q3
22.877808,27.864374,Q5 (mais caro)
35.6896,87.48079,Q4
-50.791992,42.256115,Q2
23.334705,70.13827,Q3
-8.4383545,64.39718,Q3
20.71408,37.076103,Q5 (mais caro)
-9.131562,71.9448,Q4
-37.677135,20.830093,Q4
-28.974398,64.91261,Q4
-58.839226,9.213246,Q5 (mais caro)
-7.9407897,82.90318,Q4
-28.976847,64.888054,Q4
-0.14861381,27.390902,Q2
22.318657,48.356983,Q4
-28.980412,64.910446,Q4
-13.147358,45.70853,Q2
45.69113,90.37245,Q4
8.521601,23.623606,Q4
-46.64271,18.98945,Q2
-28.871767,57.461662,Q2
-42.590065,-42.754944,Q5 (mais caro)
-76.7539,22.028885,Q4
31.026407,38.19505,Q5 (mais caro)
17.104982,35.097744,Q5 (mais caro)
16.088255,54.096455,Q3
-30.053339,36.912167,Q1 (mais barato)
-17.267784,76.51786,Q1 (mais barato)
-52.562412,-20.242903,Q5 (mais caro)
-8.292895,71.15228,Q3
-8.238737,68.95746,Q3
32.543232,37.36638,Q4
29.764944,81.16609,Q5 (mais caro)
35.905907,59.312313,Q5 (mais caro)
31.249805,38.28279,Q5 (mais caro)
33.950714,39.44151,Q3
-58.42824,-24.729763,Q4
-39.945877,-29.039711,Q5 (mais caro)
-40.375374,-25.954393,Q5 (mais caro)
11.673929,23.393822,Q5 (mais caro)
-34.602013,-29.330826,Q5 (mais caro)
-40.464657,-21.712402,Q5 (mais caro)
-58.009426,24.229563,Q2
-8.088224,46.259655,Q3
-12.0474615,44.616142,Q4
-57.957344,-47.21148,Q3
35.93234,59.35069,Q5 (mais caro)
-28.189075,41.020287,Q5 (mais caro)
-37.996136,-33.48917,Q5 (mais caro)
-34.311596,24.407797,Q5 (mais caro)
16.617567,58.60822,Q5 (mais caro)
-51.76728,18.52045,Q3
-38.78011,-20.539743,Q5 (mais caro)
39.869656,37.70022,Q5 (mais caro)
-58.717747,-25.228647,Q2
-37.915085,-20.741112,Q5 (mais caro)
-4.7821665,32.907227,Q2
-41.70723,-22.701149,Q5 (mais caro)
-37.396194,-27.786707,Q5 (mais caro)
22.513577,86.5456,Q5 (mais caro)
2.1934597,57.470116,Q1 (mais barato)
4.882557,20.152748,Q5 (mais caro)
45.106018,91.097015,Q2
40.78065,91.68557,Q4
33.852913,-92.47427,Q4
-8.182397,53.20912,Q5 (mais caro)
-51.115284,-48.69254,Q5 (mais caro)
-29.8608,44.805355,Q3
-14.952553,49.151157,Q4
-49.88151,-47.805984,Q2
-64.155,50.872265,Q5 (mais caro)
-49.53096,-22.464035,Q2
35.892536,59.311462,Q3
-36.461395,54.86458,Q3
-72.973915,25.319586,Q3
-47.533924,-47.77506,Q4
-8.652251,64.094765,Q4
23.230726,69.99095,Q3
-0.10304908,36.33619,Q4
21.795795,-90.416626,Q2
-44.632763,-19.475754,Q2
